ISO-10303-21;
HEADER;
FILE_DESCRIPTION (( 'STEP AP214' ),
    '1' );
FILE_NAME ('FL005.STEP',
    '2013-03-11T18:29:37',
    ( '' ),
    ( '' ),
    'SwSTEP 2.0',
    'SolidWorks 2012',
    '' );
FILE_SCHEMA (( 'AUTOMOTIVE_DESIGN' ));
ENDSEC;

DATA;
#1 = EDGE_CURVE ( 'NONE', #891, #892, #2033, .T. ) ;
#2 = EDGE_CURVE ( 'NONE', #895, #899, #2035, .T. ) ;
#3 = EDGE_CURVE ( 'NONE', #926, #922, #2032, .T. ) ;
#4 = EDGE_CURVE ( 'NONE', #901, #891, #2034, .T. ) ;
#5 = EDGE_CURVE ( 'NONE', #931, #899, #2037, .T. ) ;
#6 = EDGE_CURVE ( 'NONE', #911, #909, #2038, .T. ) ;
#7 = EDGE_CURVE ( 'NONE', #922, #911, #2039, .T. ) ;
#8 = EDGE_CURVE ( 'NONE', #910, #931, #2040, .T. ) ;
#9 = EDGE_CURVE ( 'NONE', #926, #909, #2041, .T. ) ;
#10 = UNCERTAINTY_MEASURE_WITH_UNIT (LENGTH_MEASURE( 1.000000000000000100E-005 ), #4175, 'distance_accuracy_value', 'NONE');
#11 = UNCERTAINTY_MEASURE_WITH_UNIT (LENGTH_MEASURE( 1.000000000000000100E-005 ), #4347, 'distance_accuracy_value', 'NONE');
#12 = UNCERTAINTY_MEASURE_WITH_UNIT (LENGTH_MEASURE( 1.000000000000000100E-005 ), #4185, 'distance_accuracy_value', 'NONE');
#13 = CARTESIAN_POINT ( 'NONE',  ( -16.31641163750586200, 1.899999999999999900, -20.78244517669261500 ) ) ;
#14 = DIRECTION ( 'NONE',  ( 0.0000000000000000000, 1.000000000000000000, 0.0000000000000000000 ) ) ;
#15 = DIRECTION ( 'NONE',  ( 0.0000000000000000000, 0.0000000000000000000, 1.000000000000000000 ) ) ;
#16 = CARTESIAN_POINT ( 'NONE',  ( 21.90634790724540800, 1.899999999999999900, -12.80634789339742200 ) ) ;
#17 = DIRECTION ( 'NONE',  ( 0.9389271371970383500, 0.0000000000000000000, 0.3441160139182334900 ) ) ;
#18 = CARTESIAN_POINT ( 'NONE',  ( 0.0000000000000000000, 1.899999999999999900, 0.0000000000000000000 ) ) ;
#19 = DIRECTION ( 'NONE',  ( 0.0000000000000000000, -1.000000000000000000, 0.0000000000000000000 ) ) ;
#20 = DIRECTION ( 'NONE',  ( 0.0000000000000000000, 0.0000000000000000000, -1.000000000000000000 ) ) ;
#21 = CARTESIAN_POINT ( 'NONE',  ( 23.92000918133505000, 1.899999999999999900, -15.26347882249805500 ) ) ;
#22 = DIRECTION ( 'NONE',  ( 0.0000000000000000000, 1.000000000000000000, 0.0000000000000000000 ) ) ;
#23 = DIRECTION ( 'NONE',  ( 0.0000000000000000000, 0.0000000000000000000, 1.000000000000000000 ) ) ;
#24 = CARTESIAN_POINT ( 'NONE',  ( 31.00740866141316600, 1.899999999999999900, -7.340725966149893400 ) ) ;
#25 = DIRECTION ( 'NONE',  ( -0.0000000000000000000, -1.000000000000000000, -0.0000000000000000000 ) ) ;
#26 = DIRECTION ( 'NONE',  ( 0.0000000000000000000, 0.0000000000000000000, 1.000000000000000000 ) ) ;
#27 = CARTESIAN_POINT ( 'NONE',  ( 31.69564068924963300, 1.899999999999999900, 9.218580240543973400 ) ) ;
#28 = DIRECTION ( 'NONE',  ( -0.9389271371970384600, 0.0000000000000000000, 0.3441160139182332100 ) ) ;
#29 = CARTESIAN_POINT ( 'NONE',  ( 37.50000000000000000, 1.899999999999999900, 0.0000000000000000000 ) ) ;
#30 = DIRECTION ( 'NONE',  ( -0.0000000000000000000, 1.000000000000000000, -0.0000000000000000000 ) ) ;
#31 = DIRECTION ( 'NONE',  ( 0.0000000000000000000, 0.0000000000000000000, -1.000000000000000000 ) ) ;
#32 = CARTESIAN_POINT ( 'NONE',  ( 31.00740866141316600, 1.899999999999999900, 7.340725966149896900 ) ) ;
#33 = DIRECTION ( 'NONE',  ( 0.0000000000000000000, -1.000000000000000000, 0.0000000000000000000 ) ) ;
#34 = DIRECTION ( 'NONE',  ( 0.0000000000000000000, 0.0000000000000000000, -1.000000000000000000 ) ) ;
#35 = CARTESIAN_POINT ( 'NONE',  ( 35.66291116307128600, 1.899999999999999900, -2.843570562777177500 ) ) ;
#36 = DIRECTION ( 'NONE',  ( -0.6947693923084505800, 0.0000000000000000000, 0.7192325712252930500 ) ) ;
#37 = CARTESIAN_POINT ( 'NONE',  ( 23.92000918133504700, 1.899999999999999900, 15.26347882249806400 ) ) ;
#38 = DIRECTION ( 'NONE',  ( 0.0000000000000000000, 1.000000000000000000, 0.0000000000000000000 ) ) ;
#39 = DIRECTION ( 'NONE',  ( 0.0000000000000000000, 0.0000000000000000000, 1.000000000000000000 ) ) ;
#40 = CARTESIAN_POINT ( 'NONE',  ( 21.33440870011777000, 1.899999999999999900, 15.58776191963137800 ) ) ;
#41 = DIRECTION ( 'NONE',  ( 0.0000000000000000000, 1.000000000000000000, 0.0000000000000000000 ) ) ;
#42 = DIRECTION ( 'NONE',  ( 0.0000000000000000000, 0.0000000000000000000, 1.000000000000000000 ) ) ;
#43 = CARTESIAN_POINT ( 'NONE',  ( 15.77625356165016500, 1.899999999999999900, 21.34162248943372100 ) ) ;
#44 = DIRECTION ( 'NONE',  ( 0.0000000000000000000, 1.000000000000000000, 0.0000000000000000000 ) ) ;
#45 = DIRECTION ( 'NONE',  ( 0.0000000000000000000, 0.0000000000000000000, 1.000000000000000000 ) ) ;
#46 = CARTESIAN_POINT ( 'NONE',  ( -21.90634790724541900, 1.899999999999999900, 12.80634789339740800 ) ) ;
#47 = DIRECTION ( 'NONE',  ( -0.9389271371970384600, 0.0000000000000000000, -0.3441160139182332100 ) ) ;
#48 = CARTESIAN_POINT ( 'NONE',  ( 0.0000000000000000000, 1.899999999999999900, 0.0000000000000000000 ) ) ;
#49 = DIRECTION ( 'NONE',  ( 0.0000000000000000000, -1.000000000000000000, 0.0000000000000000000 ) ) ;
#50 = DIRECTION ( 'NONE',  ( 0.0000000000000000000, 0.0000000000000000000, -1.000000000000000000 ) ) ;
#51 = CARTESIAN_POINT ( 'NONE',  ( -23.92000918133505400, 1.899999999999999900, 15.26347882249804900 ) ) ;
#52 = DIRECTION ( 'NONE',  ( 0.0000000000000000000, 1.000000000000000000, 0.0000000000000000000 ) ) ;
#53 = DIRECTION ( 'NONE',  ( 0.0000000000000000000, 0.0000000000000000000, 1.000000000000000000 ) ) ;
#54 = CARTESIAN_POINT ( 'NONE',  ( -31.00740866141315900, 1.899999999999999900, 7.340725966149890700 ) ) ;
#55 = DIRECTION ( 'NONE',  ( -0.0000000000000000000, -1.000000000000000000, -0.0000000000000000000 ) ) ;
#56 = DIRECTION ( 'NONE',  ( 0.0000000000000000000, 0.0000000000000000000, 1.000000000000000000 ) ) ;
#57 = CARTESIAN_POINT ( 'NONE',  ( -31.69564068924963300, 1.899999999999999900, -9.218580240543971600 ) ) ;
#58 = DIRECTION ( 'NONE',  ( 0.9389271371970384600, 0.0000000000000000000, -0.3441160139182333200 ) ) ;
#59 = CARTESIAN_POINT ( 'NONE',  ( -37.50000000000000000, 1.899999999999999900, 0.0000000000000000000 ) ) ;
#60 = DIRECTION ( 'NONE',  ( -0.0000000000000000000, 1.000000000000000000, -0.0000000000000000000 ) ) ;
#61 = DIRECTION ( 'NONE',  ( 0.0000000000000000000, 0.0000000000000000000, -1.000000000000000000 ) ) ;
#62 = CARTESIAN_POINT ( 'NONE',  ( -22.88766113958036600, 1.899999999999999900, -12.44669741090694100 ) ) ;
#63 = DIRECTION ( 'NONE',  ( -0.0000000000000000000, 1.000000000000000000, -0.0000000000000000000 ) ) ;
#64 = CARTESIAN_POINT ( 'NONE',  ( -31.00740866141316600, 1.899999999999999900, -7.340725966149895100 ) ) ;
#65 = DIRECTION ( 'NONE',  ( 0.0000000000000000000, -1.000000000000000000, 0.0000000000000000000 ) ) ;
#66 = DIRECTION ( 'NONE',  ( 0.0000000000000000000, 0.0000000000000000000, -1.000000000000000000 ) ) ;
#67 = CARTESIAN_POINT ( 'NONE',  ( 0.0000000000000000000, 16.00000000000000000, 0.0000000000000000000 ) ) ;
#68 = DIRECTION ( 'NONE',  ( 0.0000000000000000000, 1.000000000000000000, 0.0000000000000000000 ) ) ;
#69 = DIRECTION ( 'NONE',  ( 0.0000000000000000000, 0.0000000000000000000, 1.000000000000000000 ) ) ;
#70 = CARTESIAN_POINT ( 'NONE',  ( 0.0000000000000000000, 14.50000000000003200, 0.0000000000000000000 ) ) ;
#71 = DIRECTION ( 'NONE',  ( 0.0000000000000000000, 1.000000000000000000, 0.0000000000000000000 ) ) ;
#72 = DIRECTION ( 'NONE',  ( 0.0000000000000000000, 0.0000000000000000000, 1.000000000000000000 ) ) ;
#73 = CARTESIAN_POINT ( 'NONE',  ( -27.62749999999999400, 16.00000000000000000, -5.897774474325066400 ) ) ;
#74 = CARTESIAN_POINT ( 'NONE',  ( -27.76140270309324600, 16.00000000000000000, -5.875594451196234600 ) ) ;
#75 = CARTESIAN_POINT ( 'NONE',  ( 0.0000000000000000000, 14.50000000000001100, 0.0000000000000000000 ) ) ;
#76 = DIRECTION ( 'NONE',  ( 0.0000000000000000000, -1.000000000000000000, 0.0000000000000000000 ) ) ;
#77 = DIRECTION ( 'NONE',  ( 0.0000000000000000000, 0.0000000000000000000, 1.000000000000000000 ) ) ;
#78 = CARTESIAN_POINT ( 'NONE',  ( -27.89634361006067200, 15.95011262050754700, -5.852528795922054900 ) ) ;
#79 = CARTESIAN_POINT ( 'NONE',  ( -28.09480315388241000, 15.76940124143166600, -5.817938495909958300 ) ) ;
#80 = CARTESIAN_POINT ( 'NONE',  ( -28.15749999999999200, 15.63714620770868900, -5.806693874314361500 ) ) ;
#81 = CARTESIAN_POINT ( 'NONE',  ( -28.15749999999999500, 15.50000000000000200, -5.806693874314361500 ) ) ;
#82 = CARTESIAN_POINT ( 'NONE',  ( 0.0000000000000000000, 14.69999999999999900, 0.0000000000000000000 ) ) ;
#83 = DIRECTION ( 'NONE',  ( 0.0000000000000000000, 1.000000000000000000, 0.0000000000000000000 ) ) ;
#84 = DIRECTION ( 'NONE',  ( 0.0000000000000000000, 0.0000000000000000000, 1.000000000000000000 ) ) ;
#85 = CARTESIAN_POINT ( 'NONE',  ( 28.15749999999999500, 12.00000000000000400, -5.806693874314361500 ) ) ;
#86 = DIRECTION ( 'NONE',  ( 0.0000000000000000000, -1.000000000000000000, 0.0000000000000000000 ) ) ;
#87 = CARTESIAN_POINT ( 'NONE',  ( 0.0000000000000000000, 1.600000000000000100, 0.0000000000000000000 ) ) ;
#88 = DIRECTION ( 'NONE',  ( 0.0000000000000000000, -1.000000000000000000, 0.0000000000000000000 ) ) ;
#89 = DIRECTION ( 'NONE',  ( 0.0000000000000000000, 0.0000000000000000000, -1.000000000000000000 ) ) ;
#90 = CARTESIAN_POINT ( 'NONE',  ( 37.50000000000000000, 16.00000000000000000, 0.0000000000000000000 ) ) ;
#91 = DIRECTION ( 'NONE',  ( -0.0000000000000000000, -1.000000000000000000, -0.0000000000000000000 ) ) ;
#92 = DIRECTION ( 'NONE',  ( 0.0000000000000000000, 0.0000000000000000000, 1.000000000000000000 ) ) ;
#93 = CARTESIAN_POINT ( 'NONE',  ( 37.50000000000000000, 8.199999999999999300, 0.0000000000000000000 ) ) ;
#94 = DIRECTION ( 'NONE',  ( 0.0000000000000000000, -1.000000000000000000, 0.0000000000000000000 ) ) ;
#95 = DIRECTION ( 'NONE',  ( 0.0000000000000000000, 0.0000000000000000000, -1.000000000000000000 ) ) ;
#96 = CARTESIAN_POINT ( 'NONE',  ( 0.0000000000000000000, 24.00000000000000000, 0.0000000000000000000 ) ) ;
#97 = DIRECTION ( 'NONE',  ( -0.0000000000000000000, -1.000000000000000000, -0.0000000000000000000 ) ) ;
#98 = DIRECTION ( 'NONE',  ( 0.0000000000000000000, 0.0000000000000000000, 1.000000000000000000 ) ) ;
#99 = CARTESIAN_POINT ( 'NONE',  ( -37.50000000000000000, 8.199999999999999300, 0.0000000000000000000 ) ) ;
#100 = DIRECTION ( 'NONE',  ( 0.0000000000000000000, -1.000000000000000000, 0.0000000000000000000 ) ) ;
#101 = DIRECTION ( 'NONE',  ( 0.0000000000000000000, 0.0000000000000000000, -1.000000000000000000 ) ) ;
#102 = CARTESIAN_POINT ( 'NONE',  ( -37.50000000000000000, 15.50000000000000000, 0.0000000000000000000 ) ) ;
#103 = DIRECTION ( 'NONE',  ( 0.0000000000000000000, 1.000000000000000000, 0.0000000000000000000 ) ) ;
#104 = DIRECTION ( 'NONE',  ( 0.0000000000000000000, 0.0000000000000000000, 1.000000000000000000 ) ) ;
#105 = CARTESIAN_POINT ( 'NONE',  ( 37.50000000000000000, 15.50000000000000000, 0.0000000000000000000 ) ) ;
#106 = DIRECTION ( 'NONE',  ( 0.0000000000000000000, 1.000000000000000000, 0.0000000000000000000 ) ) ;
#107 = DIRECTION ( 'NONE',  ( 0.0000000000000000000, 0.0000000000000000000, 1.000000000000000000 ) ) ;
#108 = CARTESIAN_POINT ( 'NONE',  ( 32.33242730194109500, 1.899999999999999900, -5.842618626119304700 ) ) ;
#109 = DIRECTION ( 'NONE',  ( -0.0000000000000000000, -1.000000000000000000, -0.0000000000000000000 ) ) ;
#110 = CARTESIAN_POINT ( 'NONE',  ( 0.0000000000000000000, 24.00000000000000000, 0.0000000000000000000 ) ) ;
#111 = DIRECTION ( 'NONE',  ( 0.0000000000000000000, 1.000000000000000000, 0.0000000000000000000 ) ) ;
#112 = DIRECTION ( 'NONE',  ( 0.0000000000000000000, 0.0000000000000000000, 1.000000000000000000 ) ) ;
#113 = CARTESIAN_POINT ( 'NONE',  ( 28.15749999999999500, 15.50000000000000200, -5.806693874314361500 ) ) ;
#114 = CARTESIAN_POINT ( 'NONE',  ( 28.15749999999999200, 15.63715019669127700, -5.806693874314361500 ) ) ;
#115 = CARTESIAN_POINT ( 'NONE',  ( 0.0000000000000000000, 23.50000000000003600, 0.0000000000000000000 ) ) ;
#116 = DIRECTION ( 'NONE',  ( 0.0000000000000000000, -1.000000000000000000, 0.0000000000000000000 ) ) ;
#117 = DIRECTION ( 'NONE',  ( 0.0000000000000000000, 0.0000000000000000000, 1.000000000000000000 ) ) ;
#118 = CARTESIAN_POINT ( 'NONE',  ( 28.09479942054669600, 15.76940874650131400, -5.817939167277971000 ) ) ;
#119 = CARTESIAN_POINT ( 'NONE',  ( 27.89633002626136700, 15.95012088354957800, -5.852531142824291900 ) ) ;
#120 = CARTESIAN_POINT ( 'NONE',  ( 27.76082398238780900, 16.00000000000000000, -5.875690312133584400 ) ) ;
#121 = CARTESIAN_POINT ( 'NONE',  ( 27.62750000000001200, 16.00000000000000000, -5.897774474325066400 ) ) ;
#122 = CARTESIAN_POINT ( 'NONE',  ( 0.0000000000000000000, 14.69999999999999900, 0.0000000000000000000 ) ) ;
#123 = DIRECTION ( 'NONE',  ( -0.0000000000000000000, -1.000000000000000000, -0.0000000000000000000 ) ) ;
#124 = DIRECTION ( 'NONE',  ( 0.0000000000000000000, 0.0000000000000000000, 1.000000000000000000 ) ) ;
#125 = CARTESIAN_POINT ( 'NONE',  ( 0.0000000000000000000, 15.50000000000000000, 0.0000000000000000000 ) ) ;
#126 = DIRECTION ( 'NONE',  ( -0.0000000000000000000, -1.000000000000000000, -0.0000000000000000000 ) ) ;
#127 = DIRECTION ( 'NONE',  ( 0.0000000000000000000, 0.0000000000000000000, 1.000000000000000000 ) ) ;
#128 = CARTESIAN_POINT ( 'NONE',  ( 0.0000000000000000000, 16.00000000000000000, 0.0000000000000000000 ) ) ;
#129 = DIRECTION ( 'NONE',  ( 0.0000000000000000000, 1.000000000000000000, 0.0000000000000000000 ) ) ;
#130 = DIRECTION ( 'NONE',  ( 0.0000000000000000000, 0.0000000000000000000, 1.000000000000000000 ) ) ;
#131 = CARTESIAN_POINT ( 'NONE',  ( -14.51833020944263600, 2.000000000000000000, -19.04552169592148300 ) ) ;
#132 = DIRECTION ( 'NONE',  ( 0.0000000000000000000, -1.000000000000000000, 0.0000000000000000000 ) ) ;
#133 = CARTESIAN_POINT ( 'NONE',  ( -37.50000000000000000, 16.00000000000000000, 0.0000000000000000000 ) ) ;
#134 = DIRECTION ( 'NONE',  ( -0.0000000000000000000, -1.000000000000000000, -0.0000000000000000000 ) ) ;
#135 = DIRECTION ( 'NONE',  ( 1.810146235801885700E-015, 0.0000000000000000000, 1.000000000000000000 ) ) ;
#136 = CARTESIAN_POINT ( 'NONE',  ( 13.97817213358693200, 2.000000000000000000, 19.60469900866259600 ) ) ;
#137 = CARTESIAN_POINT ( 'NONE',  ( -20.07648534791025300, 2.000000000000000000, -13.29166112611915900 ) ) ;
#138 = CARTESIAN_POINT ( 'NONE',  ( 0.0000000000000000000, 16.00000000000000000, 0.0000000000000000000 ) ) ;
#139 = DIRECTION ( 'NONE',  ( -0.0000000000000000000, -1.000000000000000000, -0.0000000000000000000 ) ) ;
#140 = DIRECTION ( 'NONE',  ( 0.0000000000000000000, 0.0000000000000000000, 1.000000000000000000 ) ) ;
#141 = CARTESIAN_POINT ( 'NONE',  ( -9.099610026312015900, 8.000000000000000000, 21.12337798196685100 ) ) ;
#142 = DIRECTION ( 'NONE',  ( 0.0000000000000000000, -1.000000000000000000, 0.0000000000000000000 ) ) ;
#143 = CARTESIAN_POINT ( 'NONE',  ( -9.752408136895267500, 8.000000000000000000, 22.63875075023838300 ) ) ;
#144 = DIRECTION ( 'NONE',  ( 0.0000000000000000000, -1.000000000000000000, 0.0000000000000000000 ) ) ;
#145 = DIRECTION ( 'NONE',  ( -0.3956352185353045900, 0.0000000000000000000, 0.9184077383463847800 ) ) ;
#146 = DIRECTION ( 'NONE',  ( -0.0000000000000000000, -1.000000000000000000, -0.0000000000000000000 ) ) ;
#147 = DIRECTION ( 'NONE',  ( -0.0000000000000000000, -1.000000000000000000, -0.0000000000000000000 ) ) ;
#148 = CARTESIAN_POINT ( 'NONE',  ( -22.69779888839667600, 8.000000000000000000, 9.614178364368873600 ) ) ;
#149 = CARTESIAN_POINT ( 'NONE',  ( -21.17847360783463600, 8.000000000000000000, 8.970632956611917000 ) ) ;
#150 = CARTESIAN_POINT ( 'NONE',  ( 0.0000000000000000000, 8.000000000000000000, 0.0000000000000000000 ) ) ;
#151 = DIRECTION ( 'NONE',  ( 0.0000000000000000000, -1.000000000000000000, 0.0000000000000000000 ) ) ;
#152 = DIRECTION ( 'NONE',  ( 0.0000000000000000000, 0.0000000000000000000, -1.000000000000000000 ) ) ;
#153 = DIRECTION ( 'NONE',  ( -0.0000000000000000000, -1.000000000000000000, -0.0000000000000000000 ) ) ;
#154 = DIRECTION ( 'NONE',  ( 0.9208032003406361200, -0.0000000000000000000, -0.3900275198526924100 ) ) ;
#155 = CARTESIAN_POINT ( 'NONE',  ( 8.840018528723726700, 8.000000000000000000, -21.23332457275170200 ) ) ;
#156 = DIRECTION ( 'NONE',  ( 0.3843486316836387000, 0.0000000000000000000, -0.9231880249022484900 ) ) ;
#157 = CARTESIAN_POINT ( 'NONE',  ( 9.474193771001731400, 8.000000000000000000, -22.75658481384040900 ) ) ;
#158 = CARTESIAN_POINT ( 'NONE',  ( 22.57825345819926400, 8.000000000000000000, -9.891661679278824300 ) ) ;
#159 = DIRECTION ( 'NONE',  ( -0.0000000000000000000, -1.000000000000000000, -0.0000000000000000000 ) ) ;
#160 = CARTESIAN_POINT ( 'NONE',  ( -22.51603223533859900, 0.9499999999999998400, -12.61228121856309200 ) ) ;
#161 = CARTESIAN_POINT ( 'NONE',  ( 21.06693020440499400, 8.000000000000000000, -9.229542337663810200 ) ) ;
#162 = CARTESIAN_POINT ( 'NONE',  ( 0.0000000000000000000, 8.000000000000000000, 0.0000000000000000000 ) ) ;
#163 = DIRECTION ( 'NONE',  ( -0.0000000000000000000, -1.000000000000000000, -0.0000000000000000000 ) ) ;
#164 = DIRECTION ( 'NONE',  ( 0.0000000000000000000, 0.0000000000000000000, 1.000000000000000000 ) ) ;
#165 = DIRECTION ( 'NONE',  ( -0.9159534871480427000, -0.0000000000000000000, 0.4012844494636448900 ) ) ;
#166 = CARTESIAN_POINT ( 'NONE',  ( 21.80788052583588100, 1.000000000000000000, 13.13300644703310700 ) ) ;
#167 = DIRECTION ( 'NONE',  ( 0.0000000000000000000, -1.000000000000000000, 0.0000000000000000000 ) ) ;
#168 = DIRECTION ( 'NONE',  ( 0.0000000000000000000, -1.000000000000000000, 0.0000000000000000000 ) ) ;
#169 = CARTESIAN_POINT ( 'NONE',  ( -9.099610026312015900, 8.000000000000000000, 21.12337798196685100 ) ) ;
#170 = DIRECTION ( 'NONE',  ( -0.0000000000000000000, -1.000000000000000000, -0.0000000000000000000 ) ) ;
#171 = CARTESIAN_POINT ( 'NONE',  ( 0.0000000000000000000, 0.9999999999999865700, 0.0000000000000000000 ) ) ;
#172 = DIRECTION ( 'NONE',  ( 0.0000000000000000000, 1.000000000000000000, 0.0000000000000000000 ) ) ;
#173 = DIRECTION ( 'NONE',  ( 0.0000000000000000000, 0.0000000000000000000, -1.000000000000000000 ) ) ;
#174 = DIRECTION ( 'NONE',  ( 0.7192325712252921600, 0.0000000000000000000, 0.6947693923084515800 ) ) ;
#175 = CARTESIAN_POINT ( 'NONE',  ( -21.17847360783463600, 8.000000000000000000, 8.970632956611917000 ) ) ;
#176 = CARTESIAN_POINT ( 'NONE',  ( 0.0000000000000000000, 0.5000000000000000000, 0.0000000000000000000 ) ) ;
#177 = DIRECTION ( 'NONE',  ( 0.0000000000000000000, -1.000000000000000000, 0.0000000000000000000 ) ) ;
#178 = DIRECTION ( 'NONE',  ( 0.0000000000000000000, 0.0000000000000000000, -1.000000000000000000 ) ) ;
#179 = CARTESIAN_POINT ( 'NONE',  ( 21.32217711065935000, 0.0000000000000000000, 14.88076093786450600 ) ) ;
#180 = DIRECTION ( 'NONE',  ( -0.0000000000000000000, -1.000000000000000000, -0.0000000000000000000 ) ) ;
#181 = CARTESIAN_POINT ( 'NONE',  ( 0.0000000000000000000, 8.000000000000000000, 0.0000000000000000000 ) ) ;
#182 = DIRECTION ( 'NONE',  ( -0.0000000000000000000, 1.000000000000000000, -0.0000000000000000000 ) ) ;
#183 = DIRECTION ( 'NONE',  ( 0.0000000000000000000, 0.0000000000000000000, -1.000000000000000000 ) ) ;
#184 = CARTESIAN_POINT ( 'NONE',  ( -15.95679535189321800, 0.0000000000000000000, -20.43506048053839300 ) ) ;
#185 = DIRECTION ( 'NONE',  ( 0.0000000000000000000, -1.000000000000000000, 0.0000000000000000000 ) ) ;
#186 = CARTESIAN_POINT ( 'NONE',  ( 24.06928410600059100, 0.0000000000000000000, 16.83924545888642400 ) ) ;
#187 = DIRECTION ( 'NONE',  ( 0.0000000000000000000, -1.000000000000000000, 0.0000000000000000000 ) ) ;
#188 = DIRECTION ( 'NONE',  ( 0.0000000000000000000, 0.0000000000000000000, -1.000000000000000000 ) ) ;
#189 = CARTESIAN_POINT ( 'NONE',  ( 0.0000000000000000000, 1.600000000000000100, 0.0000000000000000000 ) ) ;
#190 = DIRECTION ( 'NONE',  ( 0.0000000000000000000, -1.000000000000000000, 0.0000000000000000000 ) ) ;
#191 = DIRECTION ( 'NONE',  ( 0.0000000000000000000, 0.0000000000000000000, -1.000000000000000000 ) ) ;
#192 = CARTESIAN_POINT ( 'NONE',  ( -17.66174825877177300, 1.899999999999999700, -23.47239385839824900 ) ) ;
#193 = DIRECTION ( 'NONE',  ( 0.0000000000000000000, 1.000000000000000000, -0.0000000000000000000 ) ) ;
#194 = DIRECTION ( 'NONE',  ( 0.0000000000000000000, 0.0000000000000000000, 1.000000000000000000 ) ) ;
#195 = CARTESIAN_POINT ( 'NONE',  ( -21.86233518651506500, 1.899999999999999900, -14.32158362512341700 ) ) ;
#196 = DIRECTION ( 'NONE',  ( -0.6947693923084525800, -0.0000000000000000000, 0.7192325712252911600 ) ) ;
#197 = CARTESIAN_POINT ( 'NONE',  ( -24.51429491974059300, 1.899999999999999700, -16.18815711746746900 ) ) ;
#198 = DIRECTION ( 'NONE',  ( 0.0000000000000000000, 1.000000000000000000, -0.0000000000000000000 ) ) ;
#199 = DIRECTION ( 'NONE',  ( 0.0000000000000000000, 0.0000000000000000000, 1.000000000000000000 ) ) ;
#200 = CARTESIAN_POINT ( 'NONE',  ( -15.96902694135163600, 1.899999999999999900, -21.14206146230526100 ) ) ;
#201 = DIRECTION ( 'NONE',  ( -0.0000000000000000000, 1.000000000000000000, -0.0000000000000000000 ) ) ;
#202 = CARTESIAN_POINT ( 'NONE',  ( -21.87456677597348100, 1.899999999999999900, -15.02858460689029000 ) ) ;
#203 = DIRECTION ( 'NONE',  ( -0.0000000000000000000, -1.000000000000000000, 0.0000000000000000000 ) ) ;
#204 = DIRECTION ( 'NONE',  ( 0.0000000000000000000, 0.0000000000000000000, 1.000000000000000000 ) ) ;
#205 = CARTESIAN_POINT ( 'NONE',  ( -24.59397279824452900, 1.899999999999999900, -16.96031034501456600 ) ) ;
#206 = CARTESIAN_POINT ( 'NONE',  ( -18.00913295492599900, 1.899999999999999900, -23.11277757278560300 ) ) ;
#207 = CARTESIAN_POINT ( 'NONE',  ( -16.31641163750586200, 1.899999999999999900, -20.78244517669261500 ) ) ;
#208 = DIRECTION ( 'NONE',  ( -0.0000000000000000000, -1.000000000000000000, 0.0000000000000000000 ) ) ;
#209 = DIRECTION ( 'NONE',  ( 0.0000000000000000000, 0.0000000000000000000, 1.000000000000000000 ) ) ;
#210 = CARTESIAN_POINT ( 'NONE',  ( 20.97479241450512400, 1.899999999999999900, 15.24037722347715400 ) ) ;
#211 = DIRECTION ( 'NONE',  ( 0.0000000000000000000, -1.000000000000000000, 0.0000000000000000000 ) ) ;
#212 = CARTESIAN_POINT ( 'NONE',  ( -15.60941065573899100, 1.899999999999999900, -20.79467676615103500 ) ) ;
#213 = DIRECTION ( 'NONE',  ( 0.7192325712252906100, -0.0000000000000000000, 0.6947693923084530300 ) ) ;
#214 = CARTESIAN_POINT ( 'NONE',  ( -22.22195147212771000, 0.0000000000000000000, -14.66896832127764400 ) ) ;
#215 = DIRECTION ( 'NONE',  ( 0.0000000000000000000, -1.000000000000000000, 0.0000000000000000000 ) ) ;
#216 = DIRECTION ( 'NONE',  ( -0.7192325712252918300, -0.0000000000000000000, -0.6947693923084518100 ) ) ;
#217 = CARTESIAN_POINT ( 'NONE',  ( -24.16691022358636300, 1.899999999999999900, -16.54777340308011400 ) ) ;
#218 = DIRECTION ( 'NONE',  ( -0.0000000000000000000, 1.000000000000000000, -0.0000000000000000000 ) ) ;
#219 = CARTESIAN_POINT ( 'NONE',  ( 15.41663727603752000, 0.0000000000000000000, 20.99423779327949500 ) ) ;
#220 = DIRECTION ( 'NONE',  ( 0.0000000000000000000, -1.000000000000000000, 0.0000000000000000000 ) ) ;
#221 = DIRECTION ( 'NONE',  ( -0.0000000000000000000, 1.000000000000000000, -0.0000000000000000000 ) ) ;
#222 = CARTESIAN_POINT ( 'NONE',  ( 15.77625356165016500, 1.899999999999999900, 21.34162248943372100 ) ) ;
#223 = DIRECTION ( 'NONE',  ( 0.0000000000000000000, -1.000000000000000000, -0.0000000000000000000 ) ) ;
#224 = DIRECTION ( 'NONE',  ( 0.0000000000000000000, 0.0000000000000000000, -1.000000000000000000 ) ) ;
#225 = CARTESIAN_POINT ( 'NONE',  ( 17.02499260967474400, 1.899999999999999700, 23.93825916060983200 ) ) ;
#226 = DIRECTION ( 'NONE',  ( -0.0000000000000000000, 1.000000000000000000, 0.0000000000000000000 ) ) ;
#227 = DIRECTION ( 'NONE',  ( 6.938893903907222100E-015, 0.0000000000000000000, -1.000000000000000000 ) ) ;
#228 = CARTESIAN_POINT ( 'NONE',  ( 15.06925257988329400, 1.899999999999999900, 21.35385407889214100 ) ) ;
#229 = DIRECTION ( 'NONE',  ( 0.6947693923084508100, 0.0000000000000000000, -0.7192325712252928300 ) ) ;
#230 = CARTESIAN_POINT ( 'NONE',  ( 24.06928410600059100, 1.899999999999999700, 16.83924545888642400 ) ) ;
#231 = DIRECTION ( 'NONE',  ( -0.0000000000000000000, 1.000000000000000000, 0.0000000000000000000 ) ) ;
#232 = DIRECTION ( 'NONE',  ( -6.938893903907222100E-015, 0.0000000000000000000, -1.000000000000000000 ) ) ;
#233 = CARTESIAN_POINT ( 'NONE',  ( 31.69564068924963300, 1.899999999999999900, 9.218580240543975200 ) ) ;
#234 = CARTESIAN_POINT ( 'NONE',  ( 17.37237730582897300, 1.899999999999999900, 23.57864287499718300 ) ) ;
#235 = CARTESIAN_POINT ( 'NONE',  ( 21.33440870011777000, 1.899999999999999900, 15.58776191963137800 ) ) ;
#236 = DIRECTION ( 'NONE',  ( 0.0000000000000000000, -1.000000000000000000, -0.0000000000000000000 ) ) ;
#237 = DIRECTION ( 'NONE',  ( 0.0000000000000000000, 0.0000000000000000000, -1.000000000000000000 ) ) ;
#238 = CARTESIAN_POINT ( 'NONE',  ( 15.42886886549593900, 1.899999999999999900, 21.70123877504636700 ) ) ;
#239 = CARTESIAN_POINT ( 'NONE',  ( 22.88766113958034900, 1.899999999999999900, 12.44669741090694600 ) ) ;
#240 = DIRECTION ( 'NONE',  ( -0.0000000000000000000, 1.000000000000000000, -0.0000000000000000000 ) ) ;
#241 = DIRECTION ( 'NONE',  ( 0.0000000000000000000, -1.000000000000000000, 0.0000000000000000000 ) ) ;
#242 = CARTESIAN_POINT ( 'NONE',  ( 18.16195263615204800, 1.899999999999999900, 24.34136246581848400 ) ) ;
#243 = DIRECTION ( 'NONE',  ( -0.7192325712252922700, 0.0000000000000000000, -0.6947693923084514700 ) ) ;
#244 = CARTESIAN_POINT ( 'NONE',  ( 21.68179339627199600, 0.0000000000000000000, 15.22814563401873000 ) ) ;
#245 = DIRECTION ( 'NONE',  ( 0.0000000000000000000, -1.000000000000000000, 0.0000000000000000000 ) ) ;
#246 = CARTESIAN_POINT ( 'NONE',  ( 21.32217711065935000, 1.899999999999999900, 14.88076093786450600 ) ) ;
#247 = DIRECTION ( 'NONE',  ( 0.7192325712252921600, 0.0000000000000000000, 0.6947693923084515800 ) ) ;
#248 = CARTESIAN_POINT ( 'NONE',  ( 23.72189940984636200, 1.899999999999999900, 17.19886174449906900 ) ) ;
#249 = DIRECTION ( 'NONE',  ( -0.0000000000000000000, 1.000000000000000000, -0.0000000000000000000 ) ) ;
#250 = CARTESIAN_POINT ( 'NONE',  ( 32.33242730194109500, 1.899999999999999900, 5.842618626119306500 ) ) ;
#251 = CARTESIAN_POINT ( 'NONE',  ( 13.29130566687916300, 0.9499999999999998400, 21.61554576386136300 ) ) ;
#252 = DIRECTION ( 'NONE',  ( -0.0000000000000000000, -1.000000000000000000, -0.0000000000000000000 ) ) ;
#253 = DIRECTION ( 'NONE',  ( -0.0000000000000000000, -1.000000000000000000, -0.0000000000000000000 ) ) ;
#254 = CARTESIAN_POINT ( 'NONE',  ( -31.69564068924962500, 1.899999999999999900, 9.218580240543968100 ) ) ;
#255 = DIRECTION ( 'NONE',  ( -0.0000000000000000000, 1.000000000000000000, -0.0000000000000000000 ) ) ;
#256 = CARTESIAN_POINT ( 'NONE',  ( -21.39102142648024700, 1.899999999999999900, 13.64971894699164600 ) ) ;
#257 = CARTESIAN_POINT ( 'NONE',  ( -32.33242730194108800, 1.899999999999999900, 5.842618626119301200 ) ) ;
#258 = DIRECTION ( 'NONE',  ( 0.0000000000000000000, 1.000000000000000000, 0.0000000000000000000 ) ) ;
#259 = DIRECTION ( 'NONE',  ( 0.0000000000000000000, -1.000000000000000000, 0.0000000000000000000 ) ) ;
#260 = CARTESIAN_POINT ( 'NONE',  ( -22.88766113958035600, 1.899999999999999900, 12.44669741090693400 ) ) ;
#261 = CARTESIAN_POINT ( 'NONE',  ( -32.33242730194109500, 1.899999999999999900, -5.842618626119304700 ) ) ;
#262 = DIRECTION ( 'NONE',  ( 0.0000000000000000000, -1.000000000000000000, 0.0000000000000000000 ) ) ;
#263 = DIRECTION ( 'NONE',  ( -0.0000000000000000000, -1.000000000000000000, -0.0000000000000000000 ) ) ;
#264 = CARTESIAN_POINT ( 'NONE',  ( -31.69564068924963300, 1.899999999999999900, -9.218580240543973400 ) ) ;
#265 = DIRECTION ( 'NONE',  ( -0.0000000000000000000, -1.000000000000000000, -0.0000000000000000000 ) ) ;
#266 = CARTESIAN_POINT ( 'NONE',  ( -13.86137889092070800, 0.9499999999999998400, -21.25447718111027100 ) ) ;
#267 = DIRECTION ( 'NONE',  ( -0.0000000000000000000, -1.000000000000000000, -0.0000000000000000000 ) ) ;
#268 = CARTESIAN_POINT ( 'NONE',  ( 22.88766113958035200, 1.899999999999999900, -12.44669741090694400 ) ) ;
#269 = DIRECTION ( 'NONE',  ( -0.0000000000000000000, -1.000000000000000000, -0.0000000000000000000 ) ) ;
#270 = CARTESIAN_POINT ( 'NONE',  ( 31.69564068924963300, 1.899999999999999900, -9.218580240543969900 ) ) ;
#271 = DIRECTION ( 'NONE',  ( -0.0000000000000000000, -1.000000000000000000, -0.0000000000000000000 ) ) ;
#272 = DIRECTION ( 'NONE',  ( 0.0000000000000000000, -1.000000000000000000, 0.0000000000000000000 ) ) ;
#273 = DIRECTION ( 'NONE',  ( 0.9208032003406361200, -0.0000000000000000000, -0.3900275198526924100 ) ) ;
#274 = DIRECTION ( 'NONE',  ( 0.0000000000000000000, -1.000000000000000000, 0.0000000000000000000 ) ) ;
#275 = CARTESIAN_POINT ( 'NONE',  ( -21.17847360783463600, 1.899999999999999900, 8.970632956611917000 ) ) ;
#276 = CARTESIAN_POINT ( 'NONE',  ( 24.90513250316086800, 8.000000000000000000, 16.50000000000000000 ) ) ;
#277 = CARTESIAN_POINT ( 'NONE',  ( 0.0000000000000000000, 1.899999999999999900, 0.0000000000000000000 ) ) ;
#278 = DIRECTION ( 'NONE',  ( 0.0000000000000000000, -1.000000000000000000, 0.0000000000000000000 ) ) ;
#279 = DIRECTION ( 'NONE',  ( 0.0000000000000000000, 0.0000000000000000000, -1.000000000000000000 ) ) ;
#280 = CARTESIAN_POINT ( 'NONE',  ( 45.08600048897771700, 8.000000000000000000, 9.103728688233635700 ) ) ;
#281 = DIRECTION ( 'NONE',  ( 0.0000000000000000000, 1.000000000000000000, 0.0000000000000000000 ) ) ;
#282 = DIRECTION ( 'NONE',  ( -0.0000000000000000000, 1.000000000000000000, -0.0000000000000000000 ) ) ;
#283 = DIRECTION ( 'NONE',  ( -0.0000000000000000000, -1.000000000000000000, -0.0000000000000000000 ) ) ;
#284 = CARTESIAN_POINT ( 'NONE',  ( 24.47897404823038800, 8.000000000000000000, 17.12587091350577100 ) ) ;
#285 = CARTESIAN_POINT ( 'NONE',  ( 17.31477971792452700, 8.000000000000000000, 24.34571889100319100 ) ) ;
#286 = DIRECTION ( 'NONE',  ( -0.0000000000000000000, -1.000000000000000000, -0.0000000000000000000 ) ) ;
#287 = CARTESIAN_POINT ( 'NONE',  ( -47.02356160096839900, 8.000000000000000000, -6.710786418888084800 ) ) ;
#288 = CARTESIAN_POINT ( 'NONE',  ( -45.08600048897771700, 8.000000000000000000, 9.103728688233635700 ) ) ;
#289 = CARTESIAN_POINT ( 'NONE',  ( 0.0000000000000000000, 1.899999999999999700, 0.0000000000000000000 ) ) ;
#290 = DIRECTION ( 'NONE',  ( 0.0000000000000000000, -1.000000000000000000, -0.0000000000000000000 ) ) ;
#291 = DIRECTION ( 'NONE',  ( 0.0000000000000000000, 0.0000000000000000000, -1.000000000000000000 ) ) ;
#292 = CARTESIAN_POINT ( 'NONE',  ( -24.38869963406277100, 8.000000000000000000, 17.25418659802502200 ) ) ;
#293 = DIRECTION ( 'NONE',  ( -0.0000000000000000000, -1.000000000000000000, -0.0000000000000000000 ) ) ;
#294 = CARTESIAN_POINT ( 'NONE',  ( -25.80542603254868400, 8.000000000000000000, 16.17004317117282500 ) ) ;
#295 = CARTESIAN_POINT ( 'NONE',  ( 25.80542603254868800, 8.000000000000000000, -16.17004317117282100 ) ) ;
#296 = DIRECTION ( 'NONE',  ( 0.0000000000000000000, 1.000000000000000000, 0.0000000000000000000 ) ) ;
#297 = DIRECTION ( 'NONE',  ( 0.0000000000000000000, -1.000000000000000000, 0.0000000000000000000 ) ) ;
#298 = CARTESIAN_POINT ( 'NONE',  ( -47.02356160096839900, 8.000000000000000000, 6.710786418888084800 ) ) ;
#299 = CARTESIAN_POINT ( 'NONE',  ( 45.08600048897771000, 8.000000000000000000, -9.103728688233633900 ) ) ;
#300 = DIRECTION ( 'NONE',  ( 0.0000000000000000000, 1.000000000000000000, 0.0000000000000000000 ) ) ;
#301 = DIRECTION ( 'NONE',  ( -0.0000000000000000000, -1.000000000000000000, -0.0000000000000000000 ) ) ;
#302 = CARTESIAN_POINT ( 'NONE',  ( -45.08600048897771000, 8.000000000000000000, -9.103728688233633900 ) ) ;
#303 = DIRECTION ( 'NONE',  ( -0.0000000000000000000, 1.000000000000000000, -0.0000000000000000000 ) ) ;
#304 = CARTESIAN_POINT ( 'NONE',  ( 24.38869963406277500, 8.000000000000000000, -17.25418659802501900 ) ) ;
#305 = CARTESIAN_POINT ( 'NONE',  ( 47.02356160096839900, 8.000000000000000000, -6.710786418888084800 ) ) ;
#306 = DIRECTION ( 'NONE',  ( -0.0000000000000000000, -1.000000000000000000, -0.0000000000000000000 ) ) ;
#307 = DIRECTION ( 'NONE',  ( 0.0000000000000000000, 1.000000000000000000, 0.0000000000000000000 ) ) ;
#308 = DIRECTION ( 'NONE',  ( 0.0000000000000000000, -1.000000000000000000, 0.0000000000000000000 ) ) ;
#309 = CARTESIAN_POINT ( 'NONE',  ( 47.02356160096839900, 8.000000000000000000, 6.710786418888084800 ) ) ;
#310 = DIRECTION ( 'NONE',  ( -0.0000000000000000000, -1.000000000000000000, -0.0000000000000000000 ) ) ;
#311 = DIRECTION ( 'NONE',  ( 0.0000000000000000000, 1.000000000000000000, 0.0000000000000000000 ) ) ;
#312 = CARTESIAN_POINT ( 'NONE',  ( -37.50000000000000000, 0.0000000000000000000, 0.0000000000000000000 ) ) ;
#313 = DIRECTION ( 'NONE',  ( -0.0000000000000000000, 1.000000000000000000, -0.0000000000000000000 ) ) ;
#314 = DIRECTION ( 'NONE',  ( 0.0000000000000000000, 0.0000000000000000000, -1.000000000000000000 ) ) ;
#315 = CARTESIAN_POINT ( 'NONE',  ( 37.50000000000000000, 0.0000000000000000000, 0.0000000000000000000 ) ) ;
#316 = DIRECTION ( 'NONE',  ( -0.0000000000000000000, 1.000000000000000000, -0.0000000000000000000 ) ) ;
#317 = DIRECTION ( 'NONE',  ( 0.0000000000000000000, 0.0000000000000000000, -1.000000000000000000 ) ) ;
#318 = CARTESIAN_POINT ( 'NONE',  ( 26.83777407430339000, 0.0000000000000000000, -18.98682458276393700 ) ) ;
#319 = DIRECTION ( 'NONE',  ( -0.0000000000000000000, 1.000000000000000000, -0.0000000000000000000 ) ) ;
#320 = DIRECTION ( 'NONE',  ( -2.312964634635743400E-015, 0.0000000000000000000, -1.000000000000000000 ) ) ;
#321 = CARTESIAN_POINT ( 'NONE',  ( -15.60941065573899100, 0.0000000000000000000, -20.79467676615103500 ) ) ;
#322 = DIRECTION ( 'NONE',  ( 0.7192325712252906100, -0.0000000000000000000, 0.6947693923084530300 ) ) ;
#323 = CARTESIAN_POINT ( 'NONE',  ( 0.0000000000000000000, 0.0000000000000000000, 0.0000000000000000000 ) ) ;
#324 = DIRECTION ( 'NONE',  ( 0.0000000000000000000, 1.000000000000000000, 0.0000000000000000000 ) ) ;
#325 = DIRECTION ( 'NONE',  ( 0.0000000000000000000, 0.0000000000000000000, 1.000000000000000000 ) ) ;
#326 = CARTESIAN_POINT ( 'NONE',  ( -21.86233518651506500, 0.0000000000000000000, -14.32158362512341700 ) ) ;
#327 = DIRECTION ( 'NONE',  ( -0.6947693923084525800, -0.0000000000000000000, 0.7192325712252911600 ) ) ;
#328 = CARTESIAN_POINT ( 'NONE',  ( -17.66174825877177300, 0.0000000000000000000, -23.47239385839824900 ) ) ;
#329 = DIRECTION ( 'NONE',  ( 0.0000000000000000000, -1.000000000000000000, 0.0000000000000000000 ) ) ;
#330 = DIRECTION ( 'NONE',  ( 0.0000000000000000000, 0.0000000000000000000, -1.000000000000000000 ) ) ;
#331 = CARTESIAN_POINT ( 'NONE',  ( -24.95503524278381800, 0.0000000000000000000, -17.30909201204976000 ) ) ;
#332 = DIRECTION ( 'NONE',  ( -0.7192325712252922700, -0.0000000000000000000, -0.6947693923084514700 ) ) ;
#333 = CARTESIAN_POINT ( 'NONE',  ( -16.31641163750586200, 0.0000000000000000000, -20.78244517669261500 ) ) ;
#334 = DIRECTION ( 'NONE',  ( -0.0000000000000000000, 1.000000000000000000, -0.0000000000000000000 ) ) ;
#335 = DIRECTION ( 'NONE',  ( 0.0000000000000000000, 0.0000000000000000000, -1.000000000000000000 ) ) ;
#336 = CARTESIAN_POINT ( 'NONE',  ( -46.73328578219171400, 0.0000000000000000000, -8.499999999999998200 ) ) ;
#337 = DIRECTION ( 'NONE',  ( -0.9389271371970384600, -0.0000000000000000000, 0.3441160139182332700 ) ) ;
#338 = CARTESIAN_POINT ( 'NONE',  ( -21.87456677597348100, 0.0000000000000000000, -15.02858460689029000 ) ) ;
#339 = DIRECTION ( 'NONE',  ( -0.0000000000000000000, 1.000000000000000000, -0.0000000000000000000 ) ) ;
#340 = DIRECTION ( 'NONE',  ( 0.0000000000000000000, 0.0000000000000000000, -1.000000000000000000 ) ) ;
#341 = CARTESIAN_POINT ( 'NONE',  ( -24.51429491974059300, 0.0000000000000000000, -16.18815711746746900 ) ) ;
#342 = DIRECTION ( 'NONE',  ( 0.0000000000000000000, -1.000000000000000000, 0.0000000000000000000 ) ) ;
#343 = DIRECTION ( 'NONE',  ( 0.0000000000000000000, 0.0000000000000000000, -1.000000000000000000 ) ) ;
#344 = CARTESIAN_POINT ( 'NONE',  ( -44.05365244722301600, 0.0000000000000000000, -6.286947276642519200 ) ) ;
#345 = DIRECTION ( 'NONE',  ( 0.0000000000000000000, -1.000000000000000000, 0.0000000000000000000 ) ) ;
#346 = DIRECTION ( 'NONE',  ( 0.0000000000000000000, 0.0000000000000000000, -1.000000000000000000 ) ) ;
#347 = CARTESIAN_POINT ( 'NONE',  ( -46.73328578219171400, 0.0000000000000000000, 8.500000000000001800 ) ) ;
#348 = DIRECTION ( 'NONE',  ( 0.9389271371970384600, 0.0000000000000000000, 0.3441160139182332100 ) ) ;
#349 = CARTESIAN_POINT ( 'NONE',  ( 0.0000000000000000000, 0.0000000000000000000, 0.0000000000000000000 ) ) ;
#350 = DIRECTION ( 'NONE',  ( 0.0000000000000000000, 1.000000000000000000, 0.0000000000000000000 ) ) ;
#351 = DIRECTION ( 'NONE',  ( 0.0000000000000000000, 0.0000000000000000000, 1.000000000000000000 ) ) ;
#352 = CARTESIAN_POINT ( 'NONE',  ( -44.05365244722302300, 0.0000000000000000000, 6.286947276642521000 ) ) ;
#353 = DIRECTION ( 'NONE',  ( 0.0000000000000000000, -1.000000000000000000, 0.0000000000000000000 ) ) ;
#354 = DIRECTION ( 'NONE',  ( 0.0000000000000000000, 0.0000000000000000000, -1.000000000000000000 ) ) ;
#355 = CARTESIAN_POINT ( 'NONE',  ( -26.83777407430338600, 0.0000000000000000000, 18.98682458276394100 ) ) ;
#356 = DIRECTION ( 'NONE',  ( -0.0000000000000000000, 1.000000000000000000, -0.0000000000000000000 ) ) ;
#357 = DIRECTION ( 'NONE',  ( -9.251858538542973800E-015, 0.0000000000000000000, -1.000000000000000000 ) ) ;
#358 = CARTESIAN_POINT ( 'NONE',  ( 17.80089019161275800, 0.0000000000000000000, 23.99258079878329000 ) ) ;
#359 = DIRECTION ( 'NONE',  ( -0.7192325712252916100, 0.0000000000000000000, -0.6947693923084520300 ) ) ;
#360 = CARTESIAN_POINT ( 'NONE',  ( 0.0000000000000000000, 0.0000000000000000000, 0.0000000000000000000 ) ) ;
#361 = DIRECTION ( 'NONE',  ( 0.0000000000000000000, 1.000000000000000000, 0.0000000000000000000 ) ) ;
#362 = DIRECTION ( 'NONE',  ( 0.0000000000000000000, 0.0000000000000000000, 1.000000000000000000 ) ) ;
#363 = CARTESIAN_POINT ( 'NONE',  ( 15.06925257988329400, 0.0000000000000000000, 21.35385407889214100 ) ) ;
#364 = DIRECTION ( 'NONE',  ( 0.6947693923084508100, 0.0000000000000000000, -0.7192325712252928300 ) ) ;
#365 = CARTESIAN_POINT ( 'NONE',  ( 17.02499260967474400, 0.0000000000000000000, 23.93825916060983200 ) ) ;
#366 = DIRECTION ( 'NONE',  ( 0.0000000000000000000, -1.000000000000000000, 0.0000000000000000000 ) ) ;
#367 = DIRECTION ( 'NONE',  ( 0.0000000000000000000, 0.0000000000000000000, -1.000000000000000000 ) ) ;
#368 = CARTESIAN_POINT ( 'NONE',  ( 0.0000000000000000000, 0.5000000000000000000, 0.0000000000000000000 ) ) ;
#369 = DIRECTION ( 'NONE',  ( -0.0000000000000000000, 1.000000000000000000, -0.0000000000000000000 ) ) ;
#370 = DIRECTION ( 'NONE',  ( 0.0000000000000000000, 0.0000000000000000000, -1.000000000000000000 ) ) ;
#371 = CARTESIAN_POINT ( 'NONE',  ( 21.33440870011777000, 0.0000000000000000000, 15.58776191963137800 ) ) ;
#372 = DIRECTION ( 'NONE',  ( -0.0000000000000000000, 1.000000000000000000, -0.0000000000000000000 ) ) ;
#373 = DIRECTION ( 'NONE',  ( 6.938893903907222100E-015, 0.0000000000000000000, -1.000000000000000000 ) ) ;
#374 = CARTESIAN_POINT ( 'NONE',  ( 0.0000000000000000000, 1.899999999999999900, 0.0000000000000000000 ) ) ;
#375 = DIRECTION ( 'NONE',  ( -0.0000000000000000000, -1.000000000000000000, -0.0000000000000000000 ) ) ;
#376 = DIRECTION ( 'NONE',  ( 0.0000000000000000000, 0.0000000000000000000, 1.000000000000000000 ) ) ;
#377 = CARTESIAN_POINT ( 'NONE',  ( 46.73328578219171400, 0.0000000000000000000, 8.500000000000001800 ) ) ;
#378 = DIRECTION ( 'NONE',  ( 0.9389271371970384600, -0.0000000000000000000, -0.3441160139182332100 ) ) ;
#379 = CARTESIAN_POINT ( 'NONE',  ( 15.77625356165016500, 0.0000000000000000000, 21.34162248943372100 ) ) ;
#380 = DIRECTION ( 'NONE',  ( -0.0000000000000000000, 1.000000000000000000, -0.0000000000000000000 ) ) ;
#381 = DIRECTION ( 'NONE',  ( 6.938893903907222100E-015, 0.0000000000000000000, -1.000000000000000000 ) ) ;
#382 = CARTESIAN_POINT ( 'NONE',  ( 0.0000000000000000000, 0.0000000000000000000, 0.0000000000000000000 ) ) ;
#383 = DIRECTION ( 'NONE',  ( 0.0000000000000000000, 1.000000000000000000, 0.0000000000000000000 ) ) ;
#384 = DIRECTION ( 'NONE',  ( 0.0000000000000000000, 0.0000000000000000000, 1.000000000000000000 ) ) ;
#385 = CARTESIAN_POINT ( 'NONE',  ( 44.05365244722302300, 0.0000000000000000000, 6.286947276642521000 ) ) ;
#386 = DIRECTION ( 'NONE',  ( 0.0000000000000000000, -1.000000000000000000, 0.0000000000000000000 ) ) ;
#387 = DIRECTION ( 'NONE',  ( 0.0000000000000000000, 0.0000000000000000000, -1.000000000000000000 ) ) ;
#388 = CARTESIAN_POINT ( 'NONE',  ( 46.73328578219171400, 0.0000000000000000000, -8.499999999999998200 ) ) ;
#389 = DIRECTION ( 'NONE',  ( -0.9389271371970384600, 0.0000000000000000000, -0.3441160139182332700 ) ) ;
#390 = CARTESIAN_POINT ( 'NONE',  ( 0.0000000000000000000, 0.0000000000000000000, 0.0000000000000000000 ) ) ;
#391 = DIRECTION ( 'NONE',  ( -0.0000000000000000000, 1.000000000000000000, -0.0000000000000000000 ) ) ;
#392 = DIRECTION ( 'NONE',  ( 0.0000000000000000000, 0.0000000000000000000, -1.000000000000000000 ) ) ;
#393 = CARTESIAN_POINT ( 'NONE',  ( 21.90634790724540800, 0.0000000000000000000, -12.80634789339742200 ) ) ;
#394 = DIRECTION ( 'NONE',  ( 0.9389271371970383500, 0.0000000000000000000, 0.3441160139182334900 ) ) ;
#395 = CARTESIAN_POINT ( 'NONE',  ( 44.05365244722301600, 0.0000000000000000000, -6.286947276642519200 ) ) ;
#396 = DIRECTION ( 'NONE',  ( 0.0000000000000000000, -1.000000000000000000, 0.0000000000000000000 ) ) ;
#397 = DIRECTION ( 'NONE',  ( 0.0000000000000000000, 0.0000000000000000000, -1.000000000000000000 ) ) ;
#398 = CARTESIAN_POINT ( 'NONE',  ( 23.92000918133505000, 0.0000000000000000000, -15.26347882249805500 ) ) ;
#399 = DIRECTION ( 'NONE',  ( 0.0000000000000000000, -1.000000000000000000, 0.0000000000000000000 ) ) ;
#400 = DIRECTION ( 'NONE',  ( 0.0000000000000000000, 0.0000000000000000000, -1.000000000000000000 ) ) ;
#401 = CARTESIAN_POINT ( 'NONE',  ( 31.00740866141316600, 0.0000000000000000000, -7.340725966149893400 ) ) ;
#402 = DIRECTION ( 'NONE',  ( -0.0000000000000000000, -1.000000000000000000, -0.0000000000000000000 ) ) ;
#403 = DIRECTION ( 'NONE',  ( 0.0000000000000000000, 0.0000000000000000000, 1.000000000000000000 ) ) ;
#404 = CARTESIAN_POINT ( 'NONE',  ( 31.69564068924963300, 0.0000000000000000000, 9.218580240543973400 ) ) ;
#405 = DIRECTION ( 'NONE',  ( -0.9389271371970384600, 0.0000000000000000000, 0.3441160139182332100 ) ) ;
#406 = CARTESIAN_POINT ( 'NONE',  ( 37.50000000000000000, 0.0000000000000000000, 0.0000000000000000000 ) ) ;
#407 = DIRECTION ( 'NONE',  ( -0.0000000000000000000, 1.000000000000000000, -0.0000000000000000000 ) ) ;
#408 = DIRECTION ( 'NONE',  ( 0.0000000000000000000, 0.0000000000000000000, -1.000000000000000000 ) ) ;
#409 = CARTESIAN_POINT ( 'NONE',  ( 31.00740866141316600, 0.0000000000000000000, 7.340725966149896900 ) ) ;
#410 = DIRECTION ( 'NONE',  ( 0.0000000000000000000, -1.000000000000000000, 0.0000000000000000000 ) ) ;
#411 = DIRECTION ( 'NONE',  ( 0.0000000000000000000, 0.0000000000000000000, -1.000000000000000000 ) ) ;
#412 = CARTESIAN_POINT ( 'NONE',  ( 13.97817213358693400, 0.0000000000000000000, 19.60469900866259600 ) ) ;
#413 = DIRECTION ( 'NONE',  ( 0.6947693923084505800, 0.0000000000000000000, -0.7192325712252930500 ) ) ;
#414 = CARTESIAN_POINT ( 'NONE',  ( 23.92000918133504700, 0.0000000000000000000, 15.26347882249806400 ) ) ;
#415 = DIRECTION ( 'NONE',  ( 0.0000000000000000000, -1.000000000000000000, 0.0000000000000000000 ) ) ;
#416 = DIRECTION ( 'NONE',  ( 0.0000000000000000000, 0.0000000000000000000, -1.000000000000000000 ) ) ;
#417 = CARTESIAN_POINT ( 'NONE',  ( 21.33440870011777000, 0.0000000000000000000, 15.58776191963137800 ) ) ;
#418 = DIRECTION ( 'NONE',  ( 0.0000000000000000000, -1.000000000000000000, 0.0000000000000000000 ) ) ;
#419 = DIRECTION ( 'NONE',  ( 0.0000000000000000000, 0.0000000000000000000, -1.000000000000000000 ) ) ;
#420 = CARTESIAN_POINT ( 'NONE',  ( 15.77625356165016500, 0.0000000000000000000, 21.34162248943372100 ) ) ;
#421 = DIRECTION ( 'NONE',  ( 0.0000000000000000000, -1.000000000000000000, 0.0000000000000000000 ) ) ;
#422 = DIRECTION ( 'NONE',  ( 0.0000000000000000000, 0.0000000000000000000, -1.000000000000000000 ) ) ;
#423 = CARTESIAN_POINT ( 'NONE',  ( -21.90634790724541900, 0.0000000000000000000, 12.80634789339740800 ) ) ;
#424 = DIRECTION ( 'NONE',  ( -0.9389271371970384600, 0.0000000000000000000, -0.3441160139182332100 ) ) ;
#425 = CARTESIAN_POINT ( 'NONE',  ( 0.0000000000000000000, 0.0000000000000000000, 0.0000000000000000000 ) ) ;
#426 = DIRECTION ( 'NONE',  ( 0.0000000000000000000, -1.000000000000000000, 0.0000000000000000000 ) ) ;
#427 = DIRECTION ( 'NONE',  ( 0.0000000000000000000, 0.0000000000000000000, -1.000000000000000000 ) ) ;
#428 = CARTESIAN_POINT ( 'NONE',  ( -23.92000918133505400, 0.0000000000000000000, 15.26347882249804900 ) ) ;
#429 = DIRECTION ( 'NONE',  ( 0.0000000000000000000, -1.000000000000000000, 0.0000000000000000000 ) ) ;
#430 = DIRECTION ( 'NONE',  ( 0.0000000000000000000, 0.0000000000000000000, -1.000000000000000000 ) ) ;
#431 = CARTESIAN_POINT ( 'NONE',  ( -31.00740866141315900, 0.0000000000000000000, 7.340725966149890700 ) ) ;
#432 = DIRECTION ( 'NONE',  ( -0.0000000000000000000, -1.000000000000000000, -0.0000000000000000000 ) ) ;
#433 = DIRECTION ( 'NONE',  ( 0.0000000000000000000, 0.0000000000000000000, 1.000000000000000000 ) ) ;
#434 = CARTESIAN_POINT ( 'NONE',  ( -31.69564068924963300, 0.0000000000000000000, -9.218580240543971600 ) ) ;
#435 = DIRECTION ( 'NONE',  ( 0.9389271371970384600, 0.0000000000000000000, -0.3441160139182333200 ) ) ;
#436 = CARTESIAN_POINT ( 'NONE',  ( -37.50000000000000000, 0.0000000000000000000, 0.0000000000000000000 ) ) ;
#437 = DIRECTION ( 'NONE',  ( -0.0000000000000000000, 1.000000000000000000, -0.0000000000000000000 ) ) ;
#438 = DIRECTION ( 'NONE',  ( 0.0000000000000000000, 0.0000000000000000000, -1.000000000000000000 ) ) ;
#439 = CARTESIAN_POINT ( 'NONE',  ( -31.00740866141316600, 0.0000000000000000000, -7.340725966149895100 ) ) ;
#440 = DIRECTION ( 'NONE',  ( 0.0000000000000000000, -1.000000000000000000, 0.0000000000000000000 ) ) ;
#441 = DIRECTION ( 'NONE',  ( 0.0000000000000000000, 0.0000000000000000000, -1.000000000000000000 ) ) ;
#442 = EDGE_CURVE ( 'NONE', #919, #927, #2043, .T. ) ;
#443 = ADVANCED_FACE ( 'NONE', ( #2045 ), #2054, .T. ) ;
#444 = ADVANCED_FACE ( 'NONE', ( #2051 ), #2056, .T. ) ;
#445 = ADVANCED_FACE ( 'NONE', ( #2053 ), #2058, .T. ) ;
#446 = ADVANCED_FACE ( 'NONE', ( #2055 ), #2065, .F. ) ;
#447 = ADVANCED_FACE ( 'NONE', ( #2060 ), #2059, .T. ) ;
#448 = ADVANCED_FACE ( 'NONE', ( #2061 ), #2070, .T. ) ;
#449 = ADVANCED_FACE ( 'NONE', ( #2067 ), #2075, .F. ) ;
#450 = ADVANCED_FACE ( 'NONE', ( #2072 ), #2080, .F. ) ;
#451 = ADVANCED_FACE ( 'NONE', ( #2077 ), #2087, .T. ) ;
#452 = ADVANCED_FACE ( 'NONE', ( #2082 ), #2081, .F. ) ;
#453 = ADVANCED_FACE ( 'NONE', ( #2083 ), #2092, .F. ) ;
#454 = ADVANCED_FACE ( 'NONE', ( #2089 ), #2097, .T. ) ;
#455 = ADVANCED_FACE ( 'NONE', ( #2094 ), #2102, .T. ) ;
#456 = ADVANCED_FACE ( 'NONE', ( #2099 ), #2109, .T. ) ;
#457 = ADVANCED_FACE ( 'NONE', ( #2104 ), #2103, .T. ) ;
#458 = ADVANCED_FACE ( 'NONE', ( #2105 ), #2111, .F. ) ;
#459 = ADVANCED_FACE ( 'NONE', ( #2107 ), #2116, .F. ) ;
#460 = ADVANCED_FACE ( 'NONE', ( #2113 ), #2118, .F. ) ;
#461 = ADVANCED_FACE ( 'NONE', ( #2115 ), #2289, .F. ) ;
#462 = ADVANCED_FACE ( 'NONE', ( #2112 ), #2288, .F. ) ;
#463 = ADVANCED_FACE ( 'NONE', ( #2119 ), #2122, .F. ) ;
#464 = ADVANCED_FACE ( 'NONE', ( #2117 ), #2300, .F. ) ;
#465 = ORIENTED_EDGE ( 'NONE', *, *, #1123, .T. ) ;
#466 = ORIENTED_EDGE ( 'NONE', *, *, #1138, .F. ) ;
#467 = ORIENTED_EDGE ( 'NONE', *, *, #1117, .F. ) ;
#468 = ORIENTED_EDGE ( 'NONE', *, *, #1136, .F. ) ;
#469 = ORIENTED_EDGE ( 'NONE', *, *, #1119, .T. ) ;
#470 = ORIENTED_EDGE ( 'NONE', *, *, #1176, .F. ) ;
#471 = ORIENTED_EDGE ( 'NONE', *, *, #1335, .T. ) ;
#472 = ORIENTED_EDGE ( 'NONE', *, *, #1218, .F. ) ;
#473 = ORIENTED_EDGE ( 'NONE', *, *, #1185, .F. ) ;
#474 = ORIENTED_EDGE ( 'NONE', *, *, #1281, .T. ) ;
#475 = ORIENTED_EDGE ( 'NONE', *, *, #1184, .F. ) ;
#476 = ORIENTED_EDGE ( 'NONE', *, *, #1283, .T. ) ;
#477 = ORIENTED_EDGE ( 'NONE', *, *, #1334, .T. ) ;
#478 = ORIENTED_EDGE ( 'NONE', *, *, #1281, .F. ) ;
#479 = ORIENTED_EDGE ( 'NONE', *, *, #1113, .F. ) ;
#480 = ORIENTED_EDGE ( 'NONE', *, *, #1182, .F. ) ;
#481 = ORIENTED_EDGE ( 'NONE', *, *, #1282, .T. ) ;
#482 = ORIENTED_EDGE ( 'NONE', *, *, #1354, .T. ) ;
#483 = ORIENTED_EDGE ( 'NONE', *, *, #1349, .T. ) ;
#484 = ORIENTED_EDGE ( 'NONE', *, *, #1201, .T. ) ;
#485 = ORIENTED_EDGE ( 'NONE', *, *, #1199, .F. ) ;
#486 = ORIENTED_EDGE ( 'NONE', *, *, #1280, .T. ) ;
#487 = ORIENTED_EDGE ( 'NONE', *, *, #1348, .T. ) ;
#488 = ORIENTED_EDGE ( 'NONE', *, *, #1280, .F. ) ;
#489 = ORIENTED_EDGE ( 'NONE', *, *, #1198, .F. ) ;
#490 = ORIENTED_EDGE ( 'NONE', *, *, #1279, .T. ) ;
#491 = ORIENTED_EDGE ( 'NONE', *, *, #1347, .T. ) ;
#492 = ORIENTED_EDGE ( 'NONE', *, *, #1279, .F. ) ;
#493 = ORIENTED_EDGE ( 'NONE', *, *, #1197, .F. ) ;
#494 = ORIENTED_EDGE ( 'NONE', *, *, #1278, .T. ) ;
#495 = ORIENTED_EDGE ( 'NONE', *, *, #1346, .T. ) ;
#496 = ORIENTED_EDGE ( 'NONE', *, *, #1278, .F. ) ;
#497 = ORIENTED_EDGE ( 'NONE', *, *, #1196, .F. ) ;
#498 = ORIENTED_EDGE ( 'NONE', *, *, #1277, .T. ) ;
#499 = ORIENTED_EDGE ( 'NONE', *, *, #1195, .F. ) ;
#500 = ORIENTED_EDGE ( 'NONE', *, *, #1276, .T. ) ;
#501 = ORIENTED_EDGE ( 'NONE', *, *, #1345, .T. ) ;
#502 = ORIENTED_EDGE ( 'NONE', *, *, #1277, .F. ) ;
#503 = ORIENTED_EDGE ( 'NONE', *, *, #1193, .F. ) ;
#504 = ORIENTED_EDGE ( 'NONE', *, *, #1275, .T. ) ;
#505 = ORIENTED_EDGE ( 'NONE', *, *, #1343, .T. ) ;
#506 = ORIENTED_EDGE ( 'NONE', *, *, #1274, .T. ) ;
#507 = ORIENTED_EDGE ( 'NONE', *, *, #1338, .T. ) ;
#508 = ORIENTED_EDGE ( 'NONE', *, *, #1273, .T. ) ;
#509 = ORIENTED_EDGE ( 'NONE', *, *, #1188, .F. ) ;
#510 = ORIENTED_EDGE ( 'NONE', *, *, #1272, .T. ) ;
#511 = ORIENTED_EDGE ( 'NONE', *, *, #1337, .T. ) ;
#512 = ORIENTED_EDGE ( 'NONE', *, *, #1272, .F. ) ;
#513 = ORIENTED_EDGE ( 'NONE', *, *, #1187, .F. ) ;
#514 = ORIENTED_EDGE ( 'NONE', *, *, #1271, .T. ) ;
#515 = ORIENTED_EDGE ( 'NONE', *, *, #1336, .T. ) ;
#516 = ORIENTED_EDGE ( 'NONE', *, *, #1271, .F. ) ;
#517 = ORIENTED_EDGE ( 'NONE', *, *, #1186, .F. ) ;
#518 = ORIENTED_EDGE ( 'NONE', *, *, #1218, .T. ) ;
#519 = ORIENTED_EDGE ( 'NONE', *, *, #1243, .T. ) ;
#520 = ORIENTED_EDGE ( 'NONE', *, *, #1270, .T. ) ;
#521 = ORIENTED_EDGE ( 'NONE', *, *, #1269, .F. ) ;
#522 = ORIENTED_EDGE ( 'NONE', *, *, #1268, .T. ) ;
#523 = ORIENTED_EDGE ( 'NONE', *, *, #1267, .F. ) ;
#524 = ORIENTED_EDGE ( 'NONE', *, *, #1266, .T. ) ;
#525 = ORIENTED_EDGE ( 'NONE', *, *, #1321, .T. ) ;
#526 = ORIENTED_EDGE ( 'NONE', *, *, #1265, .T. ) ;
#527 = ORIENTED_EDGE ( 'NONE', *, *, #1264, .T. ) ;
#528 = ORIENTED_EDGE ( 'NONE', *, *, #1263, .T. ) ;
#529 = ORIENTED_EDGE ( 'NONE', *, *, #1269, .T. ) ;
#530 = ORIENTED_EDGE ( 'NONE', *, *, #1262, .T. ) ;
#531 = ORIENTED_EDGE ( 'NONE', *, *, #1289, .T. ) ;
#532 = ORIENTED_EDGE ( 'NONE', *, *, #1261, .T. ) ;
#533 = ORIENTED_EDGE ( 'NONE', *, *, #1267, .T. ) ;
#534 = ORIENTED_EDGE ( 'NONE', *, *, #1260, .T. ) ;
#535 = ORIENTED_EDGE ( 'NONE', *, *, #1323, .T. ) ;
#536 = ORIENTED_EDGE ( 'NONE', *, *, #1259, .T. ) ;
#537 = ORIENTED_EDGE ( 'NONE', *, *, #1264, .F. ) ;
#538 = ORIENTED_EDGE ( 'NONE', *, *, #1258, .T. ) ;
#539 = ORIENTED_EDGE ( 'NONE', *, *, #1311, .T. ) ;
#540 = ORIENTED_EDGE ( 'NONE', *, *, #1257, .T. ) ;
#541 = ORIENTED_EDGE ( 'NONE', *, *, #1256, .F. ) ;
#542 = ORIENTED_EDGE ( 'NONE', *, *, #1255, .T. ) ;
#543 = ORIENTED_EDGE ( 'NONE', *, *, #1254, .F. ) ;
#544 = ORIENTED_EDGE ( 'NONE', *, *, #1253, .T. ) ;
#545 = ORIENTED_EDGE ( 'NONE', *, *, #1307, .T. ) ;
#546 = ORIENTED_EDGE ( 'NONE', *, *, #1252, .T. ) ;
#547 = ORIENTED_EDGE ( 'NONE', *, *, #1254, .T. ) ;
#548 = ORIENTED_EDGE ( 'NONE', *, *, #1251, .T. ) ;
#549 = ORIENTED_EDGE ( 'NONE', *, *, #1250, .T. ) ;
#550 = ORIENTED_EDGE ( 'NONE', *, *, #1106, .T. ) ;
#551 = ORIENTED_EDGE ( 'NONE', *, *, #1249, .T. ) ;
#552 = ORIENTED_EDGE ( 'NONE', *, *, #1256, .T. ) ;
#553 = ORIENTED_EDGE ( 'NONE', *, *, #1248, .T. ) ;
#554 = ORIENTED_EDGE ( 'NONE', *, *, #1108, .T. ) ;
#555 = ORIENTED_EDGE ( 'NONE', *, *, #1144, .F. ) ;
#556 = ORIENTED_EDGE ( 'NONE', *, *, #1247, .T. ) ;
#557 = ORIENTED_EDGE ( 'NONE', *, *, #1250, .F. ) ;
#558 = ORIENTED_EDGE ( 'NONE', *, *, #1246, .T. ) ;
#559 = ORIENTED_EDGE ( 'NONE', *, *, #1309, .T. ) ;
#560 = ORIENTED_EDGE ( 'NONE', *, *, #1107, .T. ) ;
#561 = ORIENTED_EDGE ( 'NONE', *, *, #1262, .F. ) ;
#562 = ORIENTED_EDGE ( 'NONE', *, *, #1270, .F. ) ;
#563 = ORIENTED_EDGE ( 'NONE', *, *, #1244, .F. ) ;
#564 = ORIENTED_EDGE ( 'NONE', *, *, #1288, .F. ) ;
#565 = ORIENTED_EDGE ( 'NONE', *, *, #1263, .F. ) ;
#566 = ORIENTED_EDGE ( 'NONE', *, *, #1259, .F. ) ;
#567 = ORIENTED_EDGE ( 'NONE', *, *, #1324, .F. ) ;
#568 = ORIENTED_EDGE ( 'NONE', *, *, #1268, .F. ) ;
#569 = ORIENTED_EDGE ( 'NONE', *, *, #1320, .F. ) ;
#570 = ORIENTED_EDGE ( 'NONE', *, *, #1266, .F. ) ;
#571 = ORIENTED_EDGE ( 'NONE', *, *, #1261, .F. ) ;
#572 = ORIENTED_EDGE ( 'NONE', *, *, #1290, .F. ) ;
#573 = ORIENTED_EDGE ( 'NONE', *, *, #1260, .F. ) ;
#574 = ORIENTED_EDGE ( 'NONE', *, *, #1265, .F. ) ;
#575 = ORIENTED_EDGE ( 'NONE', *, *, #1326, .F. ) ;
#576 = ORIENTED_EDGE ( 'NONE', *, *, #1258, .F. ) ;
#577 = ORIENTED_EDGE ( 'NONE', *, *, #1109, .F. ) ;
#578 = ORIENTED_EDGE ( 'NONE', *, *, #1248, .F. ) ;
#579 = ORIENTED_EDGE ( 'NONE', *, *, #1257, .F. ) ;
#580 = ORIENTED_EDGE ( 'NONE', *, *, #1312, .F. ) ;
#581 = ORIENTED_EDGE ( 'NONE', *, *, #1306, .F. ) ;
#582 = ORIENTED_EDGE ( 'NONE', *, *, #1253, .F. ) ;
#583 = ORIENTED_EDGE ( 'NONE', *, *, #1247, .F. ) ;
#584 = ORIENTED_EDGE ( 'NONE', *, *, #1143, .F. ) ;
#585 = ORIENTED_EDGE ( 'NONE', *, *, #1251, .F. ) ;
#586 = ORIENTED_EDGE ( 'NONE', *, *, #1252, .F. ) ;
#587 = ORIENTED_EDGE ( 'NONE', *, *, #1308, .F. ) ;
#588 = ORIENTED_EDGE ( 'NONE', *, *, #1246, .F. ) ;
#589 = ORIENTED_EDGE ( 'NONE', *, *, #1105, .F. ) ;
#590 = ORIENTED_EDGE ( 'NONE', *, *, #1310, .F. ) ;
#591 = ORIENTED_EDGE ( 'NONE', *, *, #1255, .F. ) ;
#592 = ORIENTED_EDGE ( 'NONE', *, *, #1249, .F. ) ;
#593 = ORIENTED_EDGE ( 'NONE', *, *, #1245, .T. ) ;
#594 = ORIENTED_EDGE ( 'NONE', *, *, #1096, .T. ) ;
#595 = ORIENTED_EDGE ( 'NONE', *, *, #1092, .F. ) ;
#596 = ORIENTED_EDGE ( 'NONE', *, *, #1206, .F. ) ;
#597 = ORIENTED_EDGE ( 'NONE', *, *, #1097, .F. ) ;
#598 = ORIENTED_EDGE ( 'NONE', *, *, #1245, .F. ) ;
#599 = ORIENTED_EDGE ( 'NONE', *, *, #1103, .T. ) ;
#600 = ORIENTED_EDGE ( 'NONE', *, *, #1360, .T. ) ;
#601 = ORIENTED_EDGE ( 'NONE', *, *, #1240, .F. ) ;
#602 = ORIENTED_EDGE ( 'NONE', *, *, #1242, .F. ) ;
#603 = ORIENTED_EDGE ( 'NONE', *, *, #1241, .T. ) ;
#604 = ORIENTED_EDGE ( 'NONE', *, *, #1325, .T. ) ;
#605 = ORIENTED_EDGE ( 'NONE', *, *, #1093, .F. ) ;
#606 = ORIENTED_EDGE ( 'NONE', *, *, #1206, .T. ) ;
#607 = ORIENTED_EDGE ( 'NONE', *, *, #1095, .T. ) ;
#608 = ORIENTED_EDGE ( 'NONE', *, *, #1356, .F. ) ;
#609 = ORIENTED_EDGE ( 'NONE', *, *, #1087, .T. ) ;
#610 = ORIENTED_EDGE ( 'NONE', *, *, #1322, .T. ) ;
#611 = ORIENTED_EDGE ( 'NONE', *, *, #1239, .T. ) ;
#612 = ORIENTED_EDGE ( 'NONE', *, *, #1081, .T. ) ;
#613 = ORIENTED_EDGE ( 'NONE', *, *, #1163, .T. ) ;
#614 = ORIENTED_EDGE ( 'NONE', *, *, #1176, .T. ) ;
#615 = ORIENTED_EDGE ( 'NONE', *, *, #1140, .T. ) ;
#616 = ORIENTED_EDGE ( 'NONE', *, *, #1175, .T. ) ;
#617 = ORIENTED_EDGE ( 'NONE', *, *, #1167, .T. ) ;
#618 = ORIENTED_EDGE ( 'NONE', *, *, #1174, .T. ) ;
#619 = ORIENTED_EDGE ( 'NONE', *, *, #1146, .F. ) ;
#620 = ORIENTED_EDGE ( 'NONE', *, *, #1168, .T. ) ;
#621 = ORIENTED_EDGE ( 'NONE', *, *, #1169, .T. ) ;
#622 = ORIENTED_EDGE ( 'NONE', *, *, #1170, .T. ) ;
#623 = ORIENTED_EDGE ( 'NONE', *, *, #1171, .T. ) ;
#624 = ORIENTED_EDGE ( 'NONE', *, *, #1155, .F. ) ;
#625 = ORIENTED_EDGE ( 'NONE', *, *, #1069, .T. ) ;
#626 = ORIENTED_EDGE ( 'NONE', *, *, #1154, .T. ) ;
#627 = ORIENTED_EDGE ( 'NONE', *, *, #1061, .F. ) ;
#628 = ORIENTED_EDGE ( 'NONE', *, *, #1153, .F. ) ;
#629 = ORIENTED_EDGE ( 'NONE', *, *, #1064, .F. ) ;
#630 = ORIENTED_EDGE ( 'NONE', *, *, #1152, .F. ) ;
#631 = ORIENTED_EDGE ( 'NONE', *, *, #4525, .T. ) ;
#632 = ORIENTED_EDGE ( 'NONE', *, *, #1151, .T. ) ;
#633 = ORIENTED_EDGE ( 'NONE', *, *, #1150, .T. ) ;
#634 = ORIENTED_EDGE ( 'NONE', *, *, #1149, .T. ) ;
#635 = ORIENTED_EDGE ( 'NONE', *, *, #1148, .T. ) ;
#636 = ORIENTED_EDGE ( 'NONE', *, *, #1147, .F. ) ;
#637 = ORIENTED_EDGE ( 'NONE', *, *, #1085, .T. ) ;
#638 = ORIENTED_EDGE ( 'NONE', *, *, #1146, .T. ) ;
#639 = ORIENTED_EDGE ( 'NONE', *, *, #1056, .T. ) ;
#640 = ORIENTED_EDGE ( 'NONE', *, *, #1145, .F. ) ;
#641 = ORIENTED_EDGE ( 'NONE', *, *, #1144, .T. ) ;
#642 = ORIENTED_EDGE ( 'NONE', *, *, #1143, .T. ) ;
#643 = ORIENTED_EDGE ( 'NONE', *, *, #1142, .T. ) ;
#644 = ORIENTED_EDGE ( 'NONE', *, *, #1141, .T. ) ;
#645 = ORIENTED_EDGE ( 'NONE', *, *, #1140, .F. ) ;
#646 = ORIENTED_EDGE ( 'NONE', *, *, #1139, .F. ) ;
#647 = ORIENTED_EDGE ( 'NONE', *, *, #1138, .T. ) ;
#648 = ORIENTED_EDGE ( 'NONE', *, *, #1137, .T. ) ;
#649 = ORIENTED_EDGE ( 'NONE', *, *, #1136, .T. ) ;
#650 = ORIENTED_EDGE ( 'NONE', *, *, #1135, .F. ) ;
#651 = ORIENTED_EDGE ( 'NONE', *, *, #1134, .T. ) ;
#652 = ORIENTED_EDGE ( 'NONE', *, *, #1133, .T. ) ;
#653 = ORIENTED_EDGE ( 'NONE', *, *, #1132, .T. ) ;
#654 = ORIENTED_EDGE ( 'NONE', *, *, #1131, .F. ) ;
#655 = ORIENTED_EDGE ( 'NONE', *, *, #1130, .F. ) ;
#656 = ORIENTED_EDGE ( 'NONE', *, *, #1129, .T. ) ;
#657 = ORIENTED_EDGE ( 'NONE', *, *, #1128, .F. ) ;
#658 = ORIENTED_EDGE ( 'NONE', *, *, #1127, .F. ) ;
#659 = ORIENTED_EDGE ( 'NONE', *, *, #1126, .F. ) ;
#660 = ORIENTED_EDGE ( 'NONE', *, *, #1125, .T. ) ;
#661 = ORIENTED_EDGE ( 'NONE', *, *, #1124, .F. ) ;
#662 = ORIENTED_EDGE ( 'NONE', *, *, #1123, .F. ) ;
#663 = ORIENTED_EDGE ( 'NONE', *, *, #1122, .F. ) ;
#664 = ORIENTED_EDGE ( 'NONE', *, *, #1121, .T. ) ;
#665 = ORIENTED_EDGE ( 'NONE', *, *, #1120, .F. ) ;
#666 = ORIENTED_EDGE ( 'NONE', *, *, #1119, .F. ) ;
#667 = ORIENTED_EDGE ( 'NONE', *, *, #1118, .F. ) ;
#668 = ORIENTED_EDGE ( 'NONE', *, *, #1117, .T. ) ;
#669 = ORIENTED_EDGE ( 'NONE', *, *, #1116, .F. ) ;
#670 = ORIENTED_EDGE ( 'NONE', *, *, #1115, .T. ) ;
#671 = ORIENTED_EDGE ( 'NONE', *, *, #1114, .T. ) ;
#672 = ORIENTED_EDGE ( 'NONE', *, *, #1113, .T. ) ;
#673 = ORIENTED_EDGE ( 'NONE', *, *, #1112, .F. ) ;
#674 = ORIENTED_EDGE ( 'NONE', *, *, #1111, .F. ) ;
#675 = ORIENTED_EDGE ( 'NONE', *, *, #1110, .F. ) ;
#676 = ORIENTED_EDGE ( 'NONE', *, *, #1109, .T. ) ;
#677 = ORIENTED_EDGE ( 'NONE', *, *, #1108, .F. ) ;
#678 = ORIENTED_EDGE ( 'NONE', *, *, #1107, .F. ) ;
#679 = ORIENTED_EDGE ( 'NONE', *, *, #1106, .F. ) ;
#680 = ORIENTED_EDGE ( 'NONE', *, *, #1105, .T. ) ;
#681 = ORIENTED_EDGE ( 'NONE', *, *, #1104, .F. ) ;
#682 = ORIENTED_EDGE ( 'NONE', *, *, #1103, .F. ) ;
#683 = ORIENTED_EDGE ( 'NONE', *, *, #1102, .T. ) ;
#684 = ORIENTED_EDGE ( 'NONE', *, *, #1101, .T. ) ;
#685 = ORIENTED_EDGE ( 'NONE', *, *, #1100, .F. ) ;
#686 = ORIENTED_EDGE ( 'NONE', *, *, #1099, .F. ) ;
#687 = ORIENTED_EDGE ( 'NONE', *, *, #1098, .T. ) ;
#688 = ORIENTED_EDGE ( 'NONE', *, *, #1097, .T. ) ;
#689 = ORIENTED_EDGE ( 'NONE', *, *, #1096, .F. ) ;
#690 = ORIENTED_EDGE ( 'NONE', *, *, #1095, .F. ) ;
#691 = ORIENTED_EDGE ( 'NONE', *, *, #1094, .F. ) ;
#692 = ORIENTED_EDGE ( 'NONE', *, *, #1093, .T. ) ;
#693 = ORIENTED_EDGE ( 'NONE', *, *, #1092, .T. ) ;
#694 = ORIENTED_EDGE ( 'NONE', *, *, #1091, .F. ) ;
#695 = ORIENTED_EDGE ( 'NONE', *, *, #1090, .T. ) ;
#696 = ORIENTED_EDGE ( 'NONE', *, *, #1089, .T. ) ;
#697 = ORIENTED_EDGE ( 'NONE', *, *, #1083, .T. ) ;
#698 = ORIENTED_EDGE ( 'NONE', *, *, #1088, .F. ) ;
#699 = ORIENTED_EDGE ( 'NONE', *, *, #1087, .F. ) ;
#700 = ORIENTED_EDGE ( 'NONE', *, *, #1086, .T. ) ;
#701 = ORIENTED_EDGE ( 'NONE', *, *, #1085, .F. ) ;
#702 = ORIENTED_EDGE ( 'NONE', *, *, #1084, .F. ) ;
#703 = ORIENTED_EDGE ( 'NONE', *, *, #1083, .F. ) ;
#704 = ORIENTED_EDGE ( 'NONE', *, *, #1082, .T. ) ;
#705 = ORIENTED_EDGE ( 'NONE', *, *, #1081, .F. ) ;
#706 = ORIENTED_EDGE ( 'NONE', *, *, #1080, .F. ) ;
#707 = ORIENTED_EDGE ( 'NONE', *, *, #1079, .F. ) ;
#708 = ORIENTED_EDGE ( 'NONE', *, *, #1078, .T. ) ;
#709 = ORIENTED_EDGE ( 'NONE', *, *, #1077, .F. ) ;
#710 = ORIENTED_EDGE ( 'NONE', *, *, #1076, .T. ) ;
#711 = ORIENTED_EDGE ( 'NONE', *, *, #1075, .T. ) ;
#712 = ORIENTED_EDGE ( 'NONE', *, *, #1074, .T. ) ;
#713 = ORIENTED_EDGE ( 'NONE', *, *, #1073, .T. ) ;
#714 = ORIENTED_EDGE ( 'NONE', *, *, #1072, .F. ) ;
#715 = ORIENTED_EDGE ( 'NONE', *, *, #1071, .T. ) ;
#716 = ORIENTED_EDGE ( 'NONE', *, *, #1070, .T. ) ;
#717 = ORIENTED_EDGE ( 'NONE', *, *, #1069, .F. ) ;
#718 = ORIENTED_EDGE ( 'NONE', *, *, #1068, .F. ) ;
#719 = ORIENTED_EDGE ( 'NONE', *, *, #1067, .T. ) ;
#720 = ORIENTED_EDGE ( 'NONE', *, *, #1066, .T. ) ;
#721 = ORIENTED_EDGE ( 'NONE', *, *, #5, .T. ) ;
#722 = ORIENTED_EDGE ( 'NONE', *, *, #1065, .F. ) ;
#723 = ORIENTED_EDGE ( 'NONE', *, *, #1064, .T. ) ;
#724 = ORIENTED_EDGE ( 'NONE', *, *, #1063, .T. ) ;
#725 = ORIENTED_EDGE ( 'NONE', *, *, #3, .T. ) ;
#726 = ORIENTED_EDGE ( 'NONE', *, *, #1062, .F. ) ;
#727 = ORIENTED_EDGE ( 'NONE', *, *, #1061, .T. ) ;
#728 = ORIENTED_EDGE ( 'NONE', *, *, #1060, .T. ) ;
#729 = ORIENTED_EDGE ( 'NONE', *, *, #1054, .T. ) ;
#730 = ORIENTED_EDGE ( 'NONE', *, *, #1059, .F. ) ;
#731 = ORIENTED_EDGE ( 'NONE', *, *, #1058, .F. ) ;
#732 = ORIENTED_EDGE ( 'NONE', *, *, #1057, .T. ) ;
#733 = ORIENTED_EDGE ( 'NONE', *, *, #1053, .T. ) ;
#734 = ORIENTED_EDGE ( 'NONE', *, *, #1056, .F. ) ;
#735 = ORIENTED_EDGE ( 'NONE', *, *, #1190, .T. ) ;
#736 = ORIENTED_EDGE ( 'NONE', *, *, #1055, .F. ) ;
#737 = ORIENTED_EDGE ( 'NONE', *, *, #1189, .T. ) ;
#738 = ORIENTED_EDGE ( 'NONE', *, *, #1188, .T. ) ;
#739 = ORIENTED_EDGE ( 'NONE', *, *, #1187, .T. ) ;
#740 = ORIENTED_EDGE ( 'NONE', *, *, #1186, .T. ) ;
#741 = ORIENTED_EDGE ( 'NONE', *, *, #5, .F. ) ;
#742 = ORIENTED_EDGE ( 'NONE', *, *, #2, .T. ) ;
#743 = ORIENTED_EDGE ( 'NONE', *, *, #4538, .F. ) ;
#744 = ORIENTED_EDGE ( 'NONE', *, *, #4, .F. ) ;
#745 = ORIENTED_EDGE ( 'NONE', *, *, #1, .F. ) ;
#746 = ORIENTED_EDGE ( 'NONE', *, *, #4537, .T. ) ;
#747 = ORIENTED_EDGE ( 'NONE', *, *, #1050, .F. ) ;
#748 = ORIENTED_EDGE ( 'NONE', *, *, #3, .F. ) ;
#749 = ORIENTED_EDGE ( 'NONE', *, *, #1054, .F. ) ;
#750 = ORIENTED_EDGE ( 'NONE', *, *, #442, .T. ) ;
#751 = ORIENTED_EDGE ( 'NONE', *, *, #1052, .F. ) ;
#752 = ORIENTED_EDGE ( 'NONE', *, *, #1051, .T. ) ;
#753 = ORIENTED_EDGE ( 'NONE', *, *, #3867, .F. ) ;
#754 = ORIENTED_EDGE ( 'NONE', *, *, #4536, .T. ) ;
#755 = ORIENTED_EDGE ( 'NONE', *, *, #9, .T. ) ;
#756 = ORIENTED_EDGE ( 'NONE', *, *, #4526, .F. ) ;
#757 = ORIENTED_EDGE ( 'NONE', *, *, #8, .F. ) ;
#758 = ORIENTED_EDGE ( 'NONE', *, *, #1049, .F. ) ;
#759 = ORIENTED_EDGE ( 'NONE', *, *, #1184, .T. ) ;
#760 = ORIENTED_EDGE ( 'NONE', *, *, #1177, .T. ) ;
#761 = ORIENTED_EDGE ( 'NONE', *, *, #7, .F. ) ;
#762 = ORIENTED_EDGE ( 'NONE', *, *, #1067, .F. ) ;
#763 = ORIENTED_EDGE ( 'NONE', *, *, #1193, .T. ) ;
#764 = ORIENTED_EDGE ( 'NONE', *, *, #6, .F. ) ;
#765 = ORIENTED_EDGE ( 'NONE', *, *, #1183, .T. ) ;
#766 = ORIENTED_EDGE ( 'NONE', *, *, #1172, .T. ) ;
#767 = ORIENTED_EDGE ( 'NONE', *, *, #1160, .T. ) ;
#768 = ORIENTED_EDGE ( 'NONE', *, *, #1173, .T. ) ;
#769 = ORIENTED_EDGE ( 'NONE', *, *, #1185, .T. ) ;
#770 = ORIENTED_EDGE ( 'NONE', *, *, #1164, .T. ) ;
#771 = ORIENTED_EDGE ( 'NONE', *, *, #3086, .T. ) ;
#772 = ORIENTED_EDGE ( 'NONE', *, *, #4525, .F. ) ;
#773 = ORIENTED_EDGE ( 'NONE', *, *, #1165, .T. ) ;
#774 = ORIENTED_EDGE ( 'NONE', *, *, #1162, .T. ) ;
#775 = ORIENTED_EDGE ( 'NONE', *, *, #1147, .T. ) ;
#776 = ORIENTED_EDGE ( 'NONE', *, *, #1159, .T. ) ;
#777 = ORIENTED_EDGE ( 'NONE', *, *, #1118, .T. ) ;
#778 = ORIENTED_EDGE ( 'NONE', *, *, #1182, .T. ) ;
#779 = ORIENTED_EDGE ( 'NONE', *, *, #1180, .T. ) ;
#780 = ORIENTED_EDGE ( 'NONE', *, *, #1112, .T. ) ;
#781 = ORIENTED_EDGE ( 'NONE', *, *, #1178, .T. ) ;
#782 = ORIENTED_EDGE ( 'NONE', *, *, #1181, .T. ) ;
#783 = ORIENTED_EDGE ( 'NONE', *, *, #1179, .T. ) ;
#784 = ORIENTED_EDGE ( 'NONE', *, *, #1166, .T. ) ;
#785 = ORIENTED_EDGE ( 'NONE', *, *, #1191, .T. ) ;
#786 = ORIENTED_EDGE ( 'NONE', *, *, #1077, .T. ) ;
#787 = ORIENTED_EDGE ( 'NONE', *, *, #1126, .T. ) ;
#788 = ORIENTED_EDGE ( 'NONE', *, *, #1156, .T. ) ;
#789 = ORIENTED_EDGE ( 'NONE', *, *, #1192, .T. ) ;
#790 = ORIENTED_EDGE ( 'NONE', *, *, #4526, .T. ) ;
#791 = ORIENTED_EDGE ( 'NONE', *, *, #1158, .T. ) ;
#792 = ORIENTED_EDGE ( 'NONE', *, *, #1161, .T. ) ;
#793 = ORIENTED_EDGE ( 'NONE', *, *, #1157, .T. ) ;
#794 = ORIENTED_EDGE ( 'NONE', *, *, #1194, .T. ) ;
#795 = ORIENTED_EDGE ( 'NONE', *, *, #1195, .T. ) ;
#796 = ORIENTED_EDGE ( 'NONE', *, *, #1196, .T. ) ;
#797 = ORIENTED_EDGE ( 'NONE', *, *, #1197, .T. ) ;
#798 = ORIENTED_EDGE ( 'NONE', *, *, #1198, .T. ) ;
#799 = ORIENTED_EDGE ( 'NONE', *, *, #1199, .T. ) ;
#800 = ORIENTED_EDGE ( 'NONE', *, *, #1325, .F. ) ;
#801 = ORIENTED_EDGE ( 'NONE', *, *, #1285, .F. ) ;
#802 = ORIENTED_EDGE ( 'NONE', *, *, #1284, .F. ) ;
#803 = ORIENTED_EDGE ( 'NONE', *, *, #1361, .F. ) ;
#804 = ORIENTED_EDGE ( 'NONE', *, *, #1360, .F. ) ;
#805 = VERTEX_POINT ( 'NONE', #2305 ) ;
#806 = VERTEX_POINT ( 'NONE', #2299 ) ;
#807 = VERTEX_POINT ( 'NONE', #2301 ) ;
#808 = VERTEX_POINT ( 'NONE', #2306 ) ;
#809 = VERTEX_POINT ( 'NONE', #2308 ) ;
#810 = VERTEX_POINT ( 'NONE', #2307 ) ;
#811 = VERTEX_POINT ( 'NONE', #2309 ) ;
#812 = VERTEX_POINT ( 'NONE', #2304 ) ;
#813 = VERTEX_POINT ( 'NONE', #2310 ) ;
#814 = VERTEX_POINT ( 'NONE', #2311 ) ;
#815 = VERTEX_POINT ( 'NONE', #2312 ) ;
#816 = VERTEX_POINT ( 'NONE', #2313 ) ;
#817 = VERTEX_POINT ( 'NONE', #2314 ) ;
#818 = VERTEX_POINT ( 'NONE', #2315 ) ;
#819 = VERTEX_POINT ( 'NONE', #2316 ) ;
#820 = VERTEX_POINT ( 'NONE', #2317 ) ;
#821 = VERTEX_POINT ( 'NONE', #2318 ) ;
#822 = VERTEX_POINT ( 'NONE', #2319 ) ;
#823 = VERTEX_POINT ( 'NONE', #2320 ) ;
#824 = VERTEX_POINT ( 'NONE', #2321 ) ;
#825 = VERTEX_POINT ( 'NONE', #2322 ) ;
#826 = VERTEX_POINT ( 'NONE', #2323 ) ;
#827 = VERTEX_POINT ( 'NONE', #2324 ) ;
#828 = VERTEX_POINT ( 'NONE', #2325 ) ;
#829 = VERTEX_POINT ( 'NONE', #2326 ) ;
#830 = VERTEX_POINT ( 'NONE', #2327 ) ;
#831 = VERTEX_POINT ( 'NONE', #2328 ) ;
#832 = VERTEX_POINT ( 'NONE', #2329 ) ;
#833 = VERTEX_POINT ( 'NONE', #4330 ) ;
#834 = VERTEX_POINT ( 'NONE', #4331 ) ;
#835 = VERTEX_POINT ( 'NONE', #4522 ) ;
#836 = VERTEX_POINT ( 'NONE', #2330 ) ;
#837 = VERTEX_POINT ( 'NONE', #2331 ) ;
#838 = VERTEX_POINT ( 'NONE', #2332 ) ;
#839 = VERTEX_POINT ( 'NONE', #2333 ) ;
#840 = VERTEX_POINT ( 'NONE', #2334 ) ;
#841 = VERTEX_POINT ( 'NONE', #2335 ) ;
#842 = VERTEX_POINT ( 'NONE', #2336 ) ;
#843 = VERTEX_POINT ( 'NONE', #2337 ) ;
#844 = VERTEX_POINT ( 'NONE', #2338 ) ;
#845 = VERTEX_POINT ( 'NONE', #2339 ) ;
#846 = VERTEX_POINT ( 'NONE', #2340 ) ;
#847 = VERTEX_POINT ( 'NONE', #2341 ) ;
#848 = VERTEX_POINT ( 'NONE', #2342 ) ;
#849 = VERTEX_POINT ( 'NONE', #2343 ) ;
#850 = VERTEX_POINT ( 'NONE', #2344 ) ;
#851 = VERTEX_POINT ( 'NONE', #2345 ) ;
#852 = VERTEX_POINT ( 'NONE', #2346 ) ;
#853 = VERTEX_POINT ( 'NONE', #2347 ) ;
#854 = VERTEX_POINT ( 'NONE', #2348 ) ;
#855 = VERTEX_POINT ( 'NONE', #2349 ) ;
#856 = VERTEX_POINT ( 'NONE', #2350 ) ;
#857 = VERTEX_POINT ( 'NONE', #2351 ) ;
#858 = VERTEX_POINT ( 'NONE', #2352 ) ;
#859 = VERTEX_POINT ( 'NONE', #2353 ) ;
#860 = VERTEX_POINT ( 'NONE', #2354 ) ;
#861 = VERTEX_POINT ( 'NONE', #2355 ) ;
#862 = VERTEX_POINT ( 'NONE', #2356 ) ;
#863 = VERTEX_POINT ( 'NONE', #2357 ) ;
#864 = VERTEX_POINT ( 'NONE', #2358 ) ;
#865 = VERTEX_POINT ( 'NONE', #2359 ) ;
#866 = VERTEX_POINT ( 'NONE', #2360 ) ;
#867 = VERTEX_POINT ( 'NONE', #2361 ) ;
#868 = VERTEX_POINT ( 'NONE', #2362 ) ;
#869 = VERTEX_POINT ( 'NONE', #2363 ) ;
#870 = VERTEX_POINT ( 'NONE', #2364 ) ;
#871 = VERTEX_POINT ( 'NONE', #2365 ) ;
#872 = VERTEX_POINT ( 'NONE', #2366 ) ;
#873 = VERTEX_POINT ( 'NONE', #2367 ) ;
#874 = VERTEX_POINT ( 'NONE', #2368 ) ;
#875 = VERTEX_POINT ( 'NONE', #2369 ) ;
#876 = VERTEX_POINT ( 'NONE', #2370 ) ;
#877 = VERTEX_POINT ( 'NONE', #2371 ) ;
#878 = VERTEX_POINT ( 'NONE', #2372 ) ;
#879 = VERTEX_POINT ( 'NONE', #2373 ) ;
#880 = VERTEX_POINT ( 'NONE', #2374 ) ;
#881 = VERTEX_POINT ( 'NONE', #2375 ) ;
#882 = VERTEX_POINT ( 'NONE', #2376 ) ;
#883 = VERTEX_POINT ( 'NONE', #2377 ) ;
#884 = VERTEX_POINT ( 'NONE', #2378 ) ;
#885 = VERTEX_POINT ( 'NONE', #2379 ) ;
#886 = VERTEX_POINT ( 'NONE', #2380 ) ;
#887 = VERTEX_POINT ( 'NONE', #2381 ) ;
#888 = VERTEX_POINT ( 'NONE', #2382 ) ;
#889 = VERTEX_POINT ( 'NONE', #2383 ) ;
#890 = VERTEX_POINT ( 'NONE', #2384 ) ;
#891 = VERTEX_POINT ( 'NONE', #2385 ) ;
#892 = VERTEX_POINT ( 'NONE', #2386 ) ;
#893 = VERTEX_POINT ( 'NONE', #2387 ) ;
#894 = VERTEX_POINT ( 'NONE', #2388 ) ;
#895 = VERTEX_POINT ( 'NONE', #2389 ) ;
#896 = VERTEX_POINT ( 'NONE', #2390 ) ;
#897 = VERTEX_POINT ( 'NONE', #2391 ) ;
#898 = VERTEX_POINT ( 'NONE', #2392 ) ;
#899 = VERTEX_POINT ( 'NONE', #2393 ) ;
#900 = VERTEX_POINT ( 'NONE', #2394 ) ;
#901 = VERTEX_POINT ( 'NONE', #2395 ) ;
#902 = VERTEX_POINT ( 'NONE', #2396 ) ;
#903 = VERTEX_POINT ( 'NONE', #2397 ) ;
#904 = VERTEX_POINT ( 'NONE', #2398 ) ;
#905 = VERTEX_POINT ( 'NONE', #2399 ) ;
#906 = VERTEX_POINT ( 'NONE', #2400 ) ;
#907 = VERTEX_POINT ( 'NONE', #2401 ) ;
#908 = VERTEX_POINT ( 'NONE', #2402 ) ;
#909 = VERTEX_POINT ( 'NONE', #2403 ) ;
#910 = VERTEX_POINT ( 'NONE', #2404 ) ;
#911 = VERTEX_POINT ( 'NONE', #2405 ) ;
#912 = VERTEX_POINT ( 'NONE', #2406 ) ;
#913 = VERTEX_POINT ( 'NONE', #2407 ) ;
#914 = VERTEX_POINT ( 'NONE', #2408 ) ;
#915 = VERTEX_POINT ( 'NONE', #2409 ) ;
#916 = VERTEX_POINT ( 'NONE', #2410 ) ;
#917 = VERTEX_POINT ( 'NONE', #2411 ) ;
#918 = VERTEX_POINT ( 'NONE', #2412 ) ;
#919 = VERTEX_POINT ( 'NONE', #2413 ) ;
#920 = VERTEX_POINT ( 'NONE', #2414 ) ;
#921 = VERTEX_POINT ( 'NONE', #2415 ) ;
#922 = VERTEX_POINT ( 'NONE', #2416 ) ;
#923 = VERTEX_POINT ( 'NONE', #2417 ) ;
#924 = VERTEX_POINT ( 'NONE', #2418 ) ;
#925 = VERTEX_POINT ( 'NONE', #2419 ) ;
#926 = VERTEX_POINT ( 'NONE', #2420 ) ;
#927 = VERTEX_POINT ( 'NONE', #2421 ) ;
#928 = VERTEX_POINT ( 'NONE', #2422 ) ;
#929 = VERTEX_POINT ( 'NONE', #2423 ) ;
#930 = VERTEX_POINT ( 'NONE', #2424 ) ;
#931 = VERTEX_POINT ( 'NONE', #2425 ) ;
#932 = VERTEX_POINT ( 'NONE', #2426 ) ;
#933 = VERTEX_POINT ( 'NONE', #2427 ) ;
#934 = VERTEX_POINT ( 'NONE', #2428 ) ;
#935 = VERTEX_POINT ( 'NONE', #2429 ) ;
#936 = VERTEX_POINT ( 'NONE', #2430 ) ;
#937 = VERTEX_POINT ( 'NONE', #2431 ) ;
#938 = VERTEX_POINT ( 'NONE', #2432 ) ;
#939 = VERTEX_POINT ( 'NONE', #2433 ) ;
#940 = VERTEX_POINT ( 'NONE', #2434 ) ;
#941 = VERTEX_POINT ( 'NONE', #2435 ) ;
#942 = VERTEX_POINT ( 'NONE', #2436 ) ;
#943 = VERTEX_POINT ( 'NONE', #2437 ) ;
#944 = VERTEX_POINT ( 'NONE', #2438 ) ;
#945 = VERTEX_POINT ( 'NONE', #2439 ) ;
#946 = VERTEX_POINT ( 'NONE', #2440 ) ;
#947 = VERTEX_POINT ( 'NONE', #2441 ) ;
#948 = VERTEX_POINT ( 'NONE', #2442 ) ;
#949 = VERTEX_POINT ( 'NONE', #2443 ) ;
#950 = VERTEX_POINT ( 'NONE', #2444 ) ;
#951 = VERTEX_POINT ( 'NONE', #2445 ) ;
#952 = VERTEX_POINT ( 'NONE', #2446 ) ;
#953 = ORIENTED_EDGE ( 'NONE', *, *, #1089, .F. ) ;
#954 = ORIENTED_EDGE ( 'NONE', *, *, #1238, .T. ) ;
#955 = ORIENTED_EDGE ( 'NONE', *, *, #1091, .T. ) ;
#956 = ORIENTED_EDGE ( 'NONE', *, *, #1355, .T. ) ;
#957 = ORIENTED_EDGE ( 'NONE', *, *, #1086, .F. ) ;
#958 = ORIENTED_EDGE ( 'NONE', *, *, #1157, .F. ) ;
#959 = ORIENTED_EDGE ( 'NONE', *, *, #1088, .T. ) ;
#960 = ORIENTED_EDGE ( 'NONE', *, *, #1322, .F. ) ;
#961 = ORIENTED_EDGE ( 'NONE', *, *, #1082, .F. ) ;
#962 = ORIENTED_EDGE ( 'NONE', *, *, #1239, .F. ) ;
#963 = ORIENTED_EDGE ( 'NONE', *, *, #1084, .T. ) ;
#964 = ORIENTED_EDGE ( 'NONE', *, *, #1238, .F. ) ;
#965 = ORIENTED_EDGE ( 'NONE', *, *, #1237, .F. ) ;
#966 = ORIENTED_EDGE ( 'NONE', *, *, #1178, .F. ) ;
#967 = ORIENTED_EDGE ( 'NONE', *, *, #1201, .F. ) ;
#968 = ORIENTED_EDGE ( 'NONE', *, *, #1350, .F. ) ;
#969 = ORIENTED_EDGE ( 'NONE', *, *, #1236, .F. ) ;
#970 = ORIENTED_EDGE ( 'NONE', *, *, #1189, .F. ) ;
#971 = ORIENTED_EDGE ( 'NONE', *, *, #1273, .F. ) ;
#972 = ORIENTED_EDGE ( 'NONE', *, *, #1339, .F. ) ;
#973 = ORIENTED_EDGE ( 'NONE', *, *, #1183, .F. ) ;
#974 = ORIENTED_EDGE ( 'NONE', *, *, #1115, .F. ) ;
#975 = ORIENTED_EDGE ( 'NONE', *, *, #1333, .F. ) ;
#976 = ORIENTED_EDGE ( 'NONE', *, *, #1283, .F. ) ;
#977 = ORIENTED_EDGE ( 'NONE', *, *, #1165, .F. ) ;
#978 = ORIENTED_EDGE ( 'NONE', *, *, #1298, .F. ) ;
#979 = ORIENTED_EDGE ( 'NONE', *, *, #1304, .F. ) ;
#980 = ORIENTED_EDGE ( 'NONE', *, *, #1297, .F. ) ;
#981 = ORIENTED_EDGE ( 'NONE', *, *, #1172, .F. ) ;
#982 = ORIENTED_EDGE ( 'NONE', *, *, #1292, .F. ) ;
#983 = ORIENTED_EDGE ( 'NONE', *, *, #1318, .F. ) ;
#984 = ORIENTED_EDGE ( 'NONE', *, *, #1291, .F. ) ;
#985 = ORIENTED_EDGE ( 'NONE', *, *, #1194, .F. ) ;
#986 = ORIENTED_EDGE ( 'NONE', *, *, #1274, .F. ) ;
#987 = ORIENTED_EDGE ( 'NONE', *, *, #1344, .F. ) ;
#988 = ORIENTED_EDGE ( 'NONE', *, *, #1276, .F. ) ;
#989 = ORIENTED_EDGE ( 'NONE', *, *, #1359, .T. ) ;
#990 = ORIENTED_EDGE ( 'NONE', *, *, #1101, .F. ) ;
#991 = ORIENTED_EDGE ( 'NONE', *, *, #1235, .F. ) ;
#992 = ORIENTED_EDGE ( 'NONE', *, *, #1234, .T. ) ;
#993 = ORIENTED_EDGE ( 'NONE', *, *, #1358, .T. ) ;
#994 = ORIENTED_EDGE ( 'NONE', *, *, #1234, .F. ) ;
#995 = ORIENTED_EDGE ( 'NONE', *, *, #1233, .F. ) ;
#996 = ORIENTED_EDGE ( 'NONE', *, *, #1232, .T. ) ;
#997 = ORIENTED_EDGE ( 'NONE', *, *, #1357, .T. ) ;
#998 = ORIENTED_EDGE ( 'NONE', *, *, #1232, .F. ) ;
#999 = ORIENTED_EDGE ( 'NONE', *, *, #1231, .F. ) ;
#1000 = ORIENTED_EDGE ( 'NONE', *, *, #1099, .T. ) ;
#1001 = ORIENTED_EDGE ( 'NONE', *, *, #1285, .T. ) ;
#1002 = ORIENTED_EDGE ( 'NONE', *, *, #1241, .F. ) ;
#1003 = ORIENTED_EDGE ( 'NONE', *, *, #1230, .F. ) ;
#1004 = ORIENTED_EDGE ( 'NONE', *, *, #1229, .T. ) ;
#1005 = ORIENTED_EDGE ( 'NONE', *, *, #1284, .T. ) ;
#1006 = ORIENTED_EDGE ( 'NONE', *, *, #1229, .F. ) ;
#1007 = ORIENTED_EDGE ( 'NONE', *, *, #1228, .F. ) ;
#1008 = ORIENTED_EDGE ( 'NONE', *, *, #1227, .T. ) ;
#1009 = ORIENTED_EDGE ( 'NONE', *, *, #1361, .T. ) ;
#1010 = ORIENTED_EDGE ( 'NONE', *, *, #1227, .F. ) ;
#1011 = ORIENTED_EDGE ( 'NONE', *, *, #1226, .F. ) ;
#1012 = ORIENTED_EDGE ( 'NONE', *, *, #1240, .T. ) ;
#1013 = ORIENTED_EDGE ( 'NONE', *, *, #1191, .F. ) ;
#1014 = ORIENTED_EDGE ( 'NONE', *, *, #1080, .T. ) ;
#1015 = ORIENTED_EDGE ( 'NONE', *, *, #1341, .F. ) ;
#1016 = ORIENTED_EDGE ( 'NONE', *, *, #1225, .F. ) ;
#1017 = ORIENTED_EDGE ( 'NONE', *, *, #1192, .F. ) ;
#1018 = ORIENTED_EDGE ( 'NONE', *, *, #1225, .T. ) ;
#1019 = ORIENTED_EDGE ( 'NONE', *, *, #1342, .F. ) ;
#1020 = ORIENTED_EDGE ( 'NONE', *, *, #1275, .F. ) ;
#1021 = ORIENTED_EDGE ( 'NONE', *, *, #1078, .F. ) ;
#1022 = ORIENTED_EDGE ( 'NONE', *, *, #1190, .F. ) ;
#1023 = ORIENTED_EDGE ( 'NONE', *, *, #1236, .T. ) ;
#1024 = ORIENTED_EDGE ( 'NONE', *, *, #1340, .F. ) ;
#1025 = ORIENTED_EDGE ( 'NONE', *, *, #1180, .F. ) ;
#1026 = ORIENTED_EDGE ( 'NONE', *, *, #1224, .T. ) ;
#1027 = ORIENTED_EDGE ( 'NONE', *, *, #1352, .F. ) ;
#1028 = ORIENTED_EDGE ( 'NONE', *, *, #1223, .F. ) ;
#1029 = ORIENTED_EDGE ( 'NONE', *, *, #1181, .F. ) ;
#1030 = ORIENTED_EDGE ( 'NONE', *, *, #1223, .T. ) ;
#1031 = ORIENTED_EDGE ( 'NONE', *, *, #1353, .F. ) ;
#1032 = ORIENTED_EDGE ( 'NONE', *, *, #1282, .F. ) ;
#1033 = ORIENTED_EDGE ( 'NONE', *, *, #1179, .F. ) ;
#1034 = ORIENTED_EDGE ( 'NONE', *, *, #1237, .T. ) ;
#1035 = ORIENTED_EDGE ( 'NONE', *, *, #1351, .F. ) ;
#1036 = ORIENTED_EDGE ( 'NONE', *, *, #1224, .F. ) ;
#1037 = ORIENTED_EDGE ( 'NONE', *, *, #1163, .F. ) ;
#1038 = ORIENTED_EDGE ( 'NONE', *, *, #1301, .F. ) ;
#1039 = ORIENTED_EDGE ( 'NONE', *, *, #1331, .F. ) ;
#1040 = ORIENTED_EDGE ( 'NONE', *, *, #1299, .F. ) ;
#1041 = ORIENTED_EDGE ( 'NONE', *, *, #1175, .F. ) ;
#1042 = ORIENTED_EDGE ( 'NONE', *, *, #1286, .F. ) ;
#1043 = ORIENTED_EDGE ( 'NONE', *, *, #1329, .F. ) ;
#1044 = ORIENTED_EDGE ( 'NONE', *, *, #1300, .F. ) ;
#1045 = ORIENTED_EDGE ( 'NONE', *, *, #1168, .F. ) ;
#1046 = ORIENTED_EDGE ( 'NONE', *, *, #1296, .F. ) ;
#1047 = ORIENTED_EDGE ( 'NONE', *, *, #1314, .F. ) ;
#1048 = ORIENTED_EDGE ( 'NONE', *, *, #1295, .F. ) ;
#1049 = EDGE_CURVE ( 'NONE', #938, #918, #2125, .T. ) ;
#1050 = EDGE_CURVE ( 'NONE', #903, #901, #2127, .T. ) ;
#1051 = EDGE_CURVE ( 'NONE', #945, #918, #2126, .T. ) ;
#1052 = EDGE_CURVE ( 'NONE', #924, #908, #2124, .T. ) ;
#1053 = EDGE_CURVE ( 'NONE', #924, #934, #2120, .T. ) ;
#1054 = EDGE_CURVE ( 'NONE', #897, #934, #2121, .T. ) ;
#1055 = EDGE_CURVE ( 'NONE', #908, #897, #2114, .T. ) ;
#1056 = EDGE_CURVE ( 'NONE', #943, #898, #2584, .T. ) ;
#1057 = EDGE_CURVE ( 'NONE', #943, #940, #2586, .T. ) ;
#1058 = EDGE_CURVE ( 'NONE', #914, #940, #2589, .T. ) ;
#1059 = EDGE_CURVE ( 'NONE', #898, #914, #2585, .T. ) ;
#1060 = EDGE_CURVE ( 'NONE', #934, #928, #2588, .T. ) ;
#1061 = EDGE_CURVE ( 'NONE', #928, #947, #2592, .T. ) ;
#1062 = EDGE_CURVE ( 'NONE', #897, #947, #2594, .T. ) ;
#1063 = EDGE_CURVE ( 'NONE', #922, #939, #2590, .T. ) ;
#1064 = EDGE_CURVE ( 'NONE', #939, #941, #2597, .T. ) ;
#1065 = EDGE_CURVE ( 'NONE', #926, #941, #2599, .T. ) ;
#1066 = EDGE_CURVE ( 'NONE', #899, #949, #2595, .T. ) ;
#1067 = EDGE_CURVE ( 'NONE', #949, #902, #2602, .T. ) ;
#1068 = EDGE_CURVE ( 'NONE', #931, #902, #2604, .T. ) ;
#1069 = EDGE_CURVE ( 'NONE', #912, #946, #2600, .T. ) ;
#1070 = EDGE_CURVE ( 'NONE', #912, #892, #2605, .T. ) ;
#1071 = EDGE_CURVE ( 'NONE', #892, #891, #2607, .T. ) ;
#1072 = EDGE_CURVE ( 'NONE', #946, #891, #2610, .T. ) ;
#1073 = EDGE_CURVE ( 'NONE', #904, #929, #2611, .T. ) ;
#1074 = EDGE_CURVE ( 'NONE', #929, #927, #2608, .T. ) ;
#1075 = EDGE_CURVE ( 'NONE', #927, #900, #2614, .T. ) ;
#1076 = EDGE_CURVE ( 'NONE', #900, #904, #2616, .T. ) ;
#1077 = EDGE_CURVE ( 'NONE', #930, #937, #2617, .T. ) ;
#1078 = EDGE_CURVE ( 'NONE', #930, #916, #2613, .T. ) ;
#1079 = EDGE_CURVE ( 'NONE', #925, #916, #2619, .T. ) ;
#1080 = EDGE_CURVE ( 'NONE', #937, #925, #2620, .T. ) ;
#1081 = EDGE_CURVE ( 'NONE', #905, #942, #2622, .T. ) ;
#1082 = EDGE_CURVE ( 'NONE', #905, #907, #2623, .T. ) ;
#1083 = EDGE_CURVE ( 'NONE', #896, #907, #2625, .T. ) ;
#1084 = EDGE_CURVE ( 'NONE', #942, #896, #2626, .T. ) ;
#1085 = EDGE_CURVE ( 'NONE', #944, #923, #2628, .T. ) ;
#1086 = EDGE_CURVE ( 'NONE', #944, #935, #2631, .T. ) ;
#1087 = EDGE_CURVE ( 'NONE', #948, #935, #2629, .T. ) ;
#1088 = EDGE_CURVE ( 'NONE', #923, #948, #2632, .T. ) ;
#1089 = EDGE_CURVE ( 'NONE', #907, #936, #2634, .T. ) ;
#1090 = EDGE_CURVE ( 'NONE', #936, #894, #2637, .T. ) ;
#1091 = EDGE_CURVE ( 'NONE', #896, #894, #2639, .T. ) ;
#1092 = EDGE_CURVE ( 'NONE', #932, #893, #2635, .T. ) ;
#1093 = EDGE_CURVE ( 'NONE', #893, #906, #2640, .T. ) ;
#1094 = EDGE_CURVE ( 'NONE', #951, #906, #2643, .T. ) ;
#1095 = EDGE_CURVE ( 'NONE', #932, #951, #2642, .T. ) ;
#1096 = EDGE_CURVE ( 'NONE', #917, #915, #2645, .T. ) ;
#1097 = EDGE_CURVE ( 'NONE', #917, #2000, #2646, .T. ) ;
#1098 = EDGE_CURVE ( 'NONE', #2000, #1987, #2648, .T. ) ;
#1099 = EDGE_CURVE ( 'NONE', #933, #1987, #2651, .T. ) ;
#1100 = EDGE_CURVE ( 'NONE', #913, #933, #2649, .T. ) ;
#1101 = EDGE_CURVE ( 'NONE', #913, #1996, #2652, .T. ) ;
#1102 = EDGE_CURVE ( 'NONE', #1996, #2007, #2655, .T. ) ;
#1103 = EDGE_CURVE ( 'NONE', #915, #2007, #2657, .T. ) ;
#1104 = EDGE_CURVE ( 'NONE', #1995, #2012, #2654, .T. ) ;
#1105 = EDGE_CURVE ( 'NONE', #1995, #2003, #2658, .T. ) ;
#1106 = EDGE_CURVE ( 'NONE', #2010, #2003, #2660, .T. ) ;
#1107 = EDGE_CURVE ( 'NONE', #2012, #2010, #2661, .T. ) ;
#1108 = EDGE_CURVE ( 'NONE', #1994, #1986, #2663, .T. ) ;
#1109 = EDGE_CURVE ( 'NONE', #1994, #2009, #2666, .T. ) ;
#1110 = EDGE_CURVE ( 'NONE', #1997, #2009, #2664, .T. ) ;
#1111 = EDGE_CURVE ( 'NONE', #1986, #1997, #2669, .T. ) ;
#1112 = EDGE_CURVE ( 'NONE', #1990, #1989, #2667, .T. ) ;
#1113 = EDGE_CURVE ( 'NONE', #1990, #1999, #2672, .T. ) ;
#1114 = EDGE_CURVE ( 'NONE', #1999, #2008, #2670, .T. ) ;
#1115 = EDGE_CURVE ( 'NONE', #2008, #1989, #2675, .T. ) ;
#1116 = EDGE_CURVE ( 'NONE', #2011, #1992, #2676, .T. ) ;
#1117 = EDGE_CURVE ( 'NONE', #2011, #2006, #2673, .T. ) ;
#1118 = EDGE_CURVE ( 'NONE', #1991, #2006, #2678, .T. ) ;
#1119 = EDGE_CURVE ( 'NONE', #1992, #1991, #2679, .T. ) ;
#1120 = EDGE_CURVE ( 'NONE', #1988, #2005, #2680, .T. ) ;
#1121 = EDGE_CURVE ( 'NONE', #1988, #1998, #2681, .T. ) ;
#1122 = EDGE_CURVE ( 'NONE', #2004, #1998, #2682, .T. ) ;
#1123 = EDGE_CURVE ( 'NONE', #2005, #2004, #2684, .T. ) ;
#1124 = EDGE_CURVE ( 'NONE', #2002, #1764, #2683, .T. ) ;
#1125 = EDGE_CURVE ( 'NONE', #2002, #1771, #2685, .T. ) ;
#1126 = EDGE_CURVE ( 'NONE', #1993, #1771, #2686, .T. ) ;
#1127 = EDGE_CURVE ( 'NONE', #1764, #1993, #2687, .T. ) ;
#1128 = EDGE_CURVE ( 'NONE', #1770, #1772, #2688, .T. ) ;
#1129 = EDGE_CURVE ( 'NONE', #1770, #1758, #2689, .T. ) ;
#1130 = EDGE_CURVE ( 'NONE', #1763, #1758, #2690, .T. ) ;
#1131 = EDGE_CURVE ( 'NONE', #1772, #1763, #2692, .T. ) ;
#1132 = EDGE_CURVE ( 'NONE', #1764, #2002, #2691, .T. ) ;
#1133 = EDGE_CURVE ( 'NONE', #2002, #1758, #2693, .T. ) ;
#1134 = EDGE_CURVE ( 'NONE', #1758, #1763, #2695, .T. ) ;
#1135 = EDGE_CURVE ( 'NONE', #1764, #1763, #2697, .T. ) ;
#1136 = EDGE_CURVE ( 'NONE', #1992, #2011, #2698, .T. ) ;
#1137 = EDGE_CURVE ( 'NONE', #2011, #1998, #2694, .T. ) ;
#1138 = EDGE_CURVE ( 'NONE', #1998, #2004, #2701, .T. ) ;
#1139 = EDGE_CURVE ( 'NONE', #1992, #2004, #2703, .T. ) ;
#1140 = EDGE_CURVE ( 'NONE', #1765, #1766, #2704, .T. ) ;
#1141 = EDGE_CURVE ( 'NONE', #1765, #1760, #2700, .T. ) ;
#1142 = EDGE_CURVE ( 'NONE', #1760, #1762, #2706, .T. ) ;
#1143 = EDGE_CURVE ( 'NONE', #1762, #1768, #2709, .T. ) ;
#1144 = EDGE_CURVE ( 'NONE', #1768, #1986, #2710, .T. ) ;
#1145 = EDGE_CURVE ( 'NONE', #1766, #1986, #2712, .T. ) ;
#1146 = EDGE_CURVE ( 'NONE', #898, #944, #2713, .T. ) ;
#1147 = EDGE_CURVE ( 'NONE', #943, #923, #2715, .T. ) ;
#1148 = EDGE_CURVE ( 'NONE', #921, #1759, #2707, .T. ) ;
#1149 = EDGE_CURVE ( 'NONE', #1759, #1773, #2717, .T. ) ;
#1150 = EDGE_CURVE ( 'NONE', #1773, #1769, #2721, .T. ) ;
#1151 = EDGE_CURVE ( 'NONE', #1769, #945, #2722, .T. ) ;
#1152 = EDGE_CURVE ( 'NONE', #941, #939, #2724, .T. ) ;
#1153 = EDGE_CURVE ( 'NONE', #947, #928, #2725, .T. ) ;
#1154 = EDGE_CURVE ( 'NONE', #946, #912, #2726, .T. ) ;
#1155 = EDGE_CURVE ( 'NONE', #902, #949, #2727, .T. ) ;
#1156 = EDGE_CURVE ( 'NONE', #898, #943, #2728, .T. ) ;
#1157 = EDGE_CURVE ( 'NONE', #923, #944, #2729, .T. ) ;
#1158 = EDGE_CURVE ( 'NONE', #2019, #2021, #2730, .T. ) ;
#1159 = EDGE_CURVE ( 'NONE', #2021, #1767, #2719, .T. ) ;
#1160 = EDGE_CURVE ( 'NONE', #1767, #919, #2732, .T. ) ;
#1161 = EDGE_CURVE ( 'NONE', #952, #2019, #2733, .T. ) ;
#1162 = EDGE_CURVE ( 'NONE', #1774, #2026, #2734, .T. ) ;
#1163 = EDGE_CURVE ( 'NONE', #2026, #2023, #2735, .T. ) ;
#1164 = EDGE_CURVE ( 'NONE', #2023, #2022, #2736, .T. ) ;
#1165 = EDGE_CURVE ( 'NONE', #2022, #2016, #2737, .T. ) ;
#1166 = EDGE_CURVE ( 'NONE', #2016, #1765, #2739, .T. ) ;
#1167 = EDGE_CURVE ( 'NONE', #1766, #2020, #2740, .T. ) ;
#1168 = EDGE_CURVE ( 'NONE', #2020, #2015, #2741, .T. ) ;
#1169 = EDGE_CURVE ( 'NONE', #2015, #2024, #2743, .T. ) ;
#1170 = EDGE_CURVE ( 'NONE', #2024, #2029, #2744, .T. ) ;
#1171 = EDGE_CURVE ( 'NONE', #2029, #2014, #2745, .T. ) ;
#1172 = EDGE_CURVE ( 'NONE', #2014, #2017, #2746, .T. ) ;
#1173 = EDGE_CURVE ( 'NONE', #2017, #2027, #2748, .T. ) ;
#1174 = EDGE_CURVE ( 'NONE', #2027, #2030, #2749, .T. ) ;
#1175 = EDGE_CURVE ( 'NONE', #2030, #1774, #2750, .T. ) ;
#1176 = EDGE_CURVE ( 'NONE', #2006, #1991, #2752, .T. ) ;
#1177 = EDGE_CURVE ( 'NONE', #1771, #1993, #2753, .T. ) ;
#1178 = EDGE_CURVE ( 'NONE', #2013, #2001, #2754, .T. ) ;
#1179 = EDGE_CURVE ( 'NONE', #2001, #1761, #2755, .T. ) ;
#1180 = EDGE_CURVE ( 'NONE', #1761, #890, #2756, .T. ) ;
#1181 = EDGE_CURVE ( 'NONE', #890, #950, #2757, .T. ) ;
#1182 = EDGE_CURVE ( 'NONE', #950, #1990, #2759, .T. ) ;
#1183 = EDGE_CURVE ( 'NONE', #1989, #2031, #2760, .T. ) ;
#1184 = EDGE_CURVE ( 'NONE', #2031, #805, #2761, .T. ) ;
#1185 = EDGE_CURVE ( 'NONE', #805, #806, #2762, .T. ) ;
#1186 = EDGE_CURVE ( 'NONE', #806, #807, #2764, .T. ) ;
#1187 = EDGE_CURVE ( 'NONE', #807, #808, #2765, .T. ) ;
#1188 = EDGE_CURVE ( 'NONE', #808, #809, #2766, .T. ) ;
#1189 = EDGE_CURVE ( 'NONE', #809, #810, #2767, .T. ) ;
#1190 = EDGE_CURVE ( 'NONE', #810, #930, #2769, .T. ) ;
#1191 = EDGE_CURVE ( 'NONE', #937, #2025, #2770, .T. ) ;
#1192 = EDGE_CURVE ( 'NONE', #2025, #812, #2771, .T. ) ;
#1193 = EDGE_CURVE ( 'NONE', #812, #813, #2773, .T. ) ;
#1194 = EDGE_CURVE ( 'NONE', #813, #814, #2774, .T. ) ;
#1195 = EDGE_CURVE ( 'NONE', #814, #815, #2775, .T. ) ;
#1196 = EDGE_CURVE ( 'NONE', #815, #816, #2776, .T. ) ;
#1197 = EDGE_CURVE ( 'NONE', #816, #817, #2778, .T. ) ;
#1198 = EDGE_CURVE ( 'NONE', #817, #818, #2779, .T. ) ;
#1199 = EDGE_CURVE ( 'NONE', #818, #2013, #2780, .T. ) ;
#1200 = EDGE_CURVE ( 'NONE', #889, #876, #2781, .T. ) ;
#1201 = EDGE_CURVE ( 'NONE', #829, #2013, #2783, .T. ) ;
#1202 = EDGE_CURVE ( 'NONE', #922, #926, #2731, .T. ) ;
#1203 = EDGE_CURVE ( 'NONE', #899, #931, #2786, .T. ) ;
#1204 = EDGE_CURVE ( 'NONE', #876, #904, #4499, .T. ) ;
#1205 = EDGE_CURVE ( 'NONE', #910, #895, #2784, .T. ) ;
#1206 = EDGE_CURVE ( 'NONE', #893, #932, #2788, .T. ) ;
#1207 = EDGE_CURVE ( 'NONE', #887, #889, #2789, .T. ) ;
#1208 = EDGE_CURVE ( 'NONE', #888, #920, #2790, .T. ) ;
#1209 = EDGE_CURVE ( 'NONE', #1773, #920, #2787, .T. ) ;
#1210 = EDGE_CURVE ( 'NONE', #940, #914, #2791, .T. ) ;
#1211 = EDGE_CURVE ( 'NONE', #900, #1759, #2794, .T. ) ;
#1212 = EDGE_CURVE ( 'NONE', #921, #904, #2793, .T. ) ;
#1213 = EDGE_CURVE ( 'NONE', #888, #1769, #2796, .T. ) ;
#1214 = EDGE_CURVE ( 'NONE', #908, #924, #2797, .T. ) ;
#1215 = EDGE_CURVE ( 'NONE', #934, #897, #2798, .T. ) ;
#1216 = EDGE_CURVE ( 'NONE', #888, #889, #4498, .T. ) ;
#1217 = EDGE_CURVE ( 'NONE', #909, #911, #2795, .T. ) ;
#1218 = EDGE_CURVE ( 'NONE', #806, #833, #2799, .T. ) ;
#1219 = EDGE_CURVE ( 'NONE', #929, #888, #2800, .T. ) ;
#1220 = EDGE_CURVE ( 'NONE', #918, #887, #2803, .T. ) ;
#1221 = EDGE_CURVE ( 'NONE', #876, #938, #2804, .T. ) ;
#1222 = EDGE_CURVE ( 'NONE', #901, #903, #2805, .T. ) ;
#1223 = EDGE_CURVE ( 'NONE', #890, #826, #2806, .T. ) ;
#1224 = EDGE_CURVE ( 'NONE', #1761, #827, #2801, .T. ) ;
#1225 = EDGE_CURVE ( 'NONE', #2025, #837, #2807, .T. ) ;
#1226 = EDGE_CURVE ( 'NONE', #882, #886, #2809, .T. ) ;
#1227 = EDGE_CURVE ( 'NONE', #886, #819, #2811, .T. ) ;
#1228 = EDGE_CURVE ( 'NONE', #886, #885, #2813, .T. ) ;
#1229 = EDGE_CURVE ( 'NONE', #885, #811, #2817, .T. ) ;
#1230 = EDGE_CURVE ( 'NONE', #885, #881, #2815, .T. ) ;
#1231 = EDGE_CURVE ( 'NONE', #933, #883, #2820, .T. ) ;
#1232 = EDGE_CURVE ( 'NONE', #883, #823, #2822, .T. ) ;
#1233 = EDGE_CURVE ( 'NONE', #883, #884, #2818, .T. ) ;
#1234 = EDGE_CURVE ( 'NONE', #884, #1776, #2826, .T. ) ;
#1235 = EDGE_CURVE ( 'NONE', #884, #913, #2824, .T. ) ;
#1236 = EDGE_CURVE ( 'NONE', #810, #834, #2829, .T. ) ;
#1237 = EDGE_CURVE ( 'NONE', #2001, #828, #2827, .T. ) ;
#1238 = EDGE_CURVE ( 'NONE', #907, #896, #2831, .T. ) ;
#1239 = EDGE_CURVE ( 'NONE', #942, #905, #2835, .T. ) ;
#1240 = EDGE_CURVE ( 'NONE', #882, #2018, #2836, .T. ) ;
#1241 = EDGE_CURVE ( 'NONE', #881, #2028, #2833, .T. ) ;
#1242 = EDGE_CURVE ( 'NONE', #881, #882, #2839, .T. ) ;
#1243 = EDGE_CURVE ( 'NONE', #845, #852, #2841, .T. ) ;
#1244 = EDGE_CURVE ( 'NONE', #844, #852, #2837, .T. ) ;
#1245 = EDGE_CURVE ( 'NONE', #915, #917, #2844, .T. ) ;
#1246 = EDGE_CURVE ( 'NONE', #879, #850, #2845, .T. ) ;
#1247 = EDGE_CURVE ( 'NONE', #1768, #875, #2846, .T. ) ;
#1248 = EDGE_CURVE ( 'NONE', #870, #1994, #2848, .T. ) ;
#1249 = EDGE_CURVE ( 'NONE', #2003, #878, #2849, .T. ) ;
#1250 = EDGE_CURVE ( 'NONE', #879, #2010, #2850, .T. ) ;
#1251 = EDGE_CURVE ( 'NONE', #880, #879, #2851, .T. ) ;
#1252 = EDGE_CURVE ( 'NONE', #868, #880, #2853, .T. ) ;
#1253 = EDGE_CURVE ( 'NONE', #875, #863, #2842, .T. ) ;
#1254 = EDGE_CURVE ( 'NONE', #875, #880, #2856, .T. ) ;
#1255 = EDGE_CURVE ( 'NONE', #878, #865, #2858, .T. ) ;
#1256 = EDGE_CURVE ( 'NONE', #878, #870, #2854, .T. ) ;
#1257 = EDGE_CURVE ( 'NONE', #861, #870, #2862, .T. ) ;
#1258 = EDGE_CURVE ( 'NONE', #877, #851, #2864, .T. ) ;
#1259 = EDGE_CURVE ( 'NONE', #854, #867, #2860, .T. ) ;
#1260 = EDGE_CURVE ( 'NONE', #874, #877, #2868, .T. ) ;
#1261 = EDGE_CURVE ( 'NONE', #871, #872, #2866, .T. ) ;
#1262 = EDGE_CURVE ( 'NONE', #873, #866, #2871, .T. ) ;
#1263 = EDGE_CURVE ( 'NONE', #867, #869, #2872, .T. ) ;
#1264 = EDGE_CURVE ( 'NONE', #877, #867, #2873, .T. ) ;
#1265 = EDGE_CURVE ( 'NONE', #856, #874, #2128, .T. ) ;
#1266 = EDGE_CURVE ( 'NONE', #872, #853, #3322, .T. ) ;
#1267 = EDGE_CURVE ( 'NONE', #872, #874, #3325, .T. ) ;
#1268 = EDGE_CURVE ( 'NONE', #869, #845, #3324, .T. ) ;
#1269 = EDGE_CURVE ( 'NONE', #869, #873, #3327, .T. ) ;
#1270 = EDGE_CURVE ( 'NONE', #852, #873, #3329, .T. ) ;
#1271 = EDGE_CURVE ( 'NONE', #807, #836, #3331, .T. ) ;
#1272 = EDGE_CURVE ( 'NONE', #808, #831, #3336, .T. ) ;
#1273 = EDGE_CURVE ( 'NONE', #839, #809, #3333, .T. ) ;
#1274 = EDGE_CURVE ( 'NONE', #835, #813, #3338, .T. ) ;
#1275 = EDGE_CURVE ( 'NONE', #812, #832, #3335, .T. ) ;
#1276 = EDGE_CURVE ( 'NONE', #814, #830, #3342, .T. ) ;
#1277 = EDGE_CURVE ( 'NONE', #815, #820, #3340, .T. ) ;
#1278 = EDGE_CURVE ( 'NONE', #816, #822, #3344, .T. ) ;
#1279 = EDGE_CURVE ( 'NONE', #817, #824, #3346, .T. ) ;
#1280 = EDGE_CURVE ( 'NONE', #818, #821, #3348, .T. ) ;
#1281 = EDGE_CURVE ( 'NONE', #805, #838, #3352, .T. ) ;
#1282 = EDGE_CURVE ( 'NONE', #950, #825, #3350, .T. ) ;
#1283 = EDGE_CURVE ( 'NONE', #2031, #840, #3354, .T. ) ;
#1284 = EDGE_CURVE ( 'NONE', #819, #811, #3356, .T. ) ;
#1285 = EDGE_CURVE ( 'NONE', #811, #2028, #3360, .T. ) ;
#1286 = EDGE_CURVE ( 'NONE', #849, #2030, #3361, .T. ) ;
#1287 = EDGE_CURVE ( 'NONE', #2027, #842, #3358, .T. ) ;
#1288 = EDGE_CURVE ( 'NONE', #866, #844, #3365, .T. ) ;
#1289 = EDGE_CURVE ( 'NONE', #866, #871, #3363, .T. ) ;
#1290 = EDGE_CURVE ( 'NONE', #858, #871, #3369, .T. ) ;
#1291 = EDGE_CURVE ( 'NONE', #2017, #855, #3370, .T. ) ;
#1292 = EDGE_CURVE ( 'NONE', #860, #2014, #3372, .T. ) ;
#1293 = EDGE_CURVE ( 'NONE', #2029, #857, #3367, .T. ) ;
#1294 = EDGE_CURVE ( 'NONE', #862, #2024, #3376, .T. ) ;
#1295 = EDGE_CURVE ( 'NONE', #2015, #859, #3374, .T. ) ;
#1296 = EDGE_CURVE ( 'NONE', #864, #2020, #3380, .T. ) ;
#1297 = EDGE_CURVE ( 'NONE', #2016, #848, #3382, .T. ) ;
#1298 = EDGE_CURVE ( 'NONE', #841, #2022, #3378, .T. ) ;
#1299 = EDGE_CURVE ( 'NONE', #2023, #843, #3384, .T. ) ;
#1300 = EDGE_CURVE ( 'NONE', #1774, #846, #3388, .T. ) ;
#1301 = EDGE_CURVE ( 'NONE', #847, #2026, #3386, .T. ) ;
#1302 = EDGE_CURVE ( 'NONE', #2005, #1988, #3392, .T. ) ;
#1303 = EDGE_CURVE ( 'NONE', #1772, #1770, #3394, .T. ) ;
#1304 = EDGE_CURVE ( 'NONE', #848, #841, #3395, .T. ) ;
#1305 = EDGE_CURVE ( 'NONE', #848, #1760, #3396, .T. ) ;
#1306 = EDGE_CURVE ( 'NONE', #863, #1762, #3397, .T. ) ;
#1307 = EDGE_CURVE ( 'NONE', #863, #868, #3398, .T. ) ;
#1308 = EDGE_CURVE ( 'NONE', #850, #868, #3399, .T. ) ;
#1309 = EDGE_CURVE ( 'NONE', #850, #2012, #3401, .T. ) ;
#1310 = EDGE_CURVE ( 'NONE', #865, #1995, #3402, .T. ) ;
#1311 = EDGE_CURVE ( 'NONE', #865, #861, #3404, .T. ) ;
#1312 = EDGE_CURVE ( 'NONE', #2009, #861, #3405, .T. ) ;
#1313 = EDGE_CURVE ( 'NONE', #1997, #864, #3407, .T. ) ;
#1314 = EDGE_CURVE ( 'NONE', #859, #864, #3408, .T. ) ;
#1315 = EDGE_CURVE ( 'NONE', #859, #862, #3410, .T. ) ;
#1316 = EDGE_CURVE ( 'NONE', #857, #862, #3411, .T. ) ;
#1317 = EDGE_CURVE ( 'NONE', #857, #860, #3412, .T. ) ;
#1318 = EDGE_CURVE ( 'NONE', #855, #860, #3413, .T. ) ;
#1319 = EDGE_CURVE ( 'NONE', #855, #858, #3415, .T. ) ;
#1320 = EDGE_CURVE ( 'NONE', #853, #858, #3416, .T. ) ;
#1321 = EDGE_CURVE ( 'NONE', #853, #856, #3417, .T. ) ;
#1322 = EDGE_CURVE ( 'NONE', #935, #948, #3418, .T. ) ;
#1323 = EDGE_CURVE ( 'NONE', #851, #854, #3420, .T. ) ;
#1324 = EDGE_CURVE ( 'NONE', #845, #854, #3421, .T. ) ;
#1325 = EDGE_CURVE ( 'NONE', #2028, #2000, #3423, .T. ) ;
#1326 = EDGE_CURVE ( 'NONE', #851, #856, #3424, .T. ) ;
#1327 = EDGE_CURVE ( 'NONE', #844, #842, #3425, .T. ) ;
#1328 = EDGE_CURVE ( 'NONE', #842, #849, #3426, .T. ) ;
#1329 = EDGE_CURVE ( 'NONE', #846, #849, #3427, .T. ) ;
#1330 = EDGE_CURVE ( 'NONE', #846, #847, #3429, .T. ) ;
#1331 = EDGE_CURVE ( 'NONE', #843, #847, #3430, .T. ) ;
#1332 = EDGE_CURVE ( 'NONE', #843, #841, #3431, .T. ) ;
#1333 = EDGE_CURVE ( 'NONE', #840, #2008, #3432, .T. ) ;
#1334 = EDGE_CURVE ( 'NONE', #840, #838, #3434, .T. ) ;
#1335 = EDGE_CURVE ( 'NONE', #838, #833, #3435, .T. ) ;
#1336 = EDGE_CURVE ( 'NONE', #833, #836, #3437, .T. ) ;
#1337 = EDGE_CURVE ( 'NONE', #836, #831, #3438, .T. ) ;
#1338 = EDGE_CURVE ( 'NONE', #831, #839, #3439, .T. ) ;
#1339 = EDGE_CURVE ( 'NONE', #834, #839, #3440, .T. ) ;
#1340 = EDGE_CURVE ( 'NONE', #916, #834, #3442, .T. ) ;
#1341 = EDGE_CURVE ( 'NONE', #837, #925, #3443, .T. ) ;
#1342 = EDGE_CURVE ( 'NONE', #832, #837, #3444, .T. ) ;
#1343 = EDGE_CURVE ( 'NONE', #832, #835, #3446, .T. ) ;
#1344 = EDGE_CURVE ( 'NONE', #830, #835, #3447, .T. ) ;
#1345 = EDGE_CURVE ( 'NONE', #830, #820, #3448, .T. ) ;
#1346 = EDGE_CURVE ( 'NONE', #820, #822, #3449, .T. ) ;
#1347 = EDGE_CURVE ( 'NONE', #822, #824, #3451, .T. ) ;
#1348 = EDGE_CURVE ( 'NONE', #824, #821, #3452, .T. ) ;
#1349 = EDGE_CURVE ( 'NONE', #821, #829, #3453, .T. ) ;
#1350 = EDGE_CURVE ( 'NONE', #828, #829, #3454, .T. ) ;
#1351 = EDGE_CURVE ( 'NONE', #827, #828, #3456, .T. ) ;
#1352 = EDGE_CURVE ( 'NONE', #826, #827, #3457, .T. ) ;
#1353 = EDGE_CURVE ( 'NONE', #825, #826, #3458, .T. ) ;
#1354 = EDGE_CURVE ( 'NONE', #825, #1999, #3460, .T. ) ;
#1355 = EDGE_CURVE ( 'NONE', #894, #936, #3461, .T. ) ;
#1356 = EDGE_CURVE ( 'NONE', #906, #951, #3462, .T. ) ;
#1357 = EDGE_CURVE ( 'NONE', #1987, #823, #3463, .T. ) ;
#1358 = EDGE_CURVE ( 'NONE', #823, #1776, #3464, .T. ) ;
#1359 = EDGE_CURVE ( 'NONE', #1776, #1996, #3466, .T. ) ;
#1360 = EDGE_CURVE ( 'NONE', #2007, #2018, #3467, .T. ) ;
#1361 = EDGE_CURVE ( 'NONE', #2018, #819, #3469, .T. ) ;
#1362 = EDGE_CURVE ( 'NONE', #2021, #1759, #4510, .T. ) ;
#1363 = EDGE_CURVE ( 'NONE', #1769, #887, #4516, .T. ) ;
#1364 = EDGE_CURVE ( 'NONE', #900, #1767, #4521, .T. ) ;
#1365 = EDGE_CURVE ( 'NONE', #2019, #1773, #4520, .T. ) ;
#1366 = AXIS2_PLACEMENT_3D ( 'NONE', #2131, #2130, #2134 ) ;
#1367 = AXIS2_PLACEMENT_3D ( 'NONE', #2137, #2138, #2139 ) ;
#1368 = AXIS2_PLACEMENT_3D ( 'NONE', #2140, #2141, #2142 ) ;
#1369 = AXIS2_PLACEMENT_3D ( 'NONE', #2143, #2144, #2145 ) ;
#1370 = AXIS2_PLACEMENT_3D ( 'NONE', #2148, #2149, #2150 ) ;
#1371 = AXIS2_PLACEMENT_3D ( 'NONE', #2157, #2158, #2159 ) ;
#1372 = STYLED_ITEM ( 'NONE', ( #2049 ), #443 ) ;
#1373 = PRESENTATION_LAYER_ASSIGNMENT (  '', '', ( #1372 ) ) ;
#1374 = MECHANICAL_DESIGN_GEOMETRIC_PRESENTATION_REPRESENTATION (  '', ( #1372 ), #1375 ) ;
#1375 =( GEOMETRIC_REPRESENTATION_CONTEXT ( 3 ) GLOBAL_UNCERTAINTY_ASSIGNED_CONTEXT ( ( #4506 ) ) GLOBAL_UNIT_ASSIGNED_CONTEXT ( ( #2163, #2164, #2165 ) ) REPRESENTATION_CONTEXT ( 'NONE', 'WORKASPACE' ) );
#1376 = PRESENTATION_LAYER_ASSIGNMENT (  '', '', ( #1377 ) ) ;
#1377 = STYLED_ITEM ( 'NONE', ( #2052 ), #446 ) ;
#1378 = AXIS2_PLACEMENT_3D ( 'NONE', #2155, #2152, #2166 ) ;
#1379 = AXIS2_PLACEMENT_3D ( 'NONE', #2167, #2168, #2154 ) ;
#1380 = AXIS2_PLACEMENT_3D ( 'NONE', #2170, #2171, #2169 ) ;
#1381 = MECHANICAL_DESIGN_GEOMETRIC_PRESENTATION_REPRESENTATION (  '', ( #1377 ), #1382 ) ;
#1382 =( GEOMETRIC_REPRESENTATION_CONTEXT ( 3 ) GLOBAL_UNCERTAINTY_ASSIGNED_CONTEXT ( ( #4501 ) ) GLOBAL_UNIT_ASSIGNED_CONTEXT ( ( #2179, #2180, #2181 ) ) REPRESENTATION_CONTEXT ( 'NONE', 'WORKASPACE' ) );
#1383 = AXIS2_PLACEMENT_3D ( 'NONE', #2173, #2174, #2182 ) ;
#1384 = STYLED_ITEM ( 'NONE', ( #2064 ), #448 ) ;
#1385 = AXIS2_PLACEMENT_3D ( 'NONE', #2183, #2175, #2185 ) ;
#1386 = PRESENTATION_LAYER_ASSIGNMENT (  '', '', ( #1384 ) ) ;
#1387 = MECHANICAL_DESIGN_GEOMETRIC_PRESENTATION_REPRESENTATION (  '', ( #1384 ), #1388 ) ;
#1388 =( GEOMETRIC_REPRESENTATION_CONTEXT ( 3 ) GLOBAL_UNCERTAINTY_ASSIGNED_CONTEXT ( ( #4496 ) ) GLOBAL_UNIT_ASSIGNED_CONTEXT ( ( #2192, #2193, #2194 ) ) REPRESENTATION_CONTEXT ( 'NONE', 'WORKASPACE' ) );
#1389 = AXIS2_PLACEMENT_3D ( 'NONE', #2186, #2187, #2195 ) ;
#1390 = STYLED_ITEM ( 'NONE', ( #2068 ), #449 ) ;
#1391 = PRESENTATION_LAYER_ASSIGNMENT (  '', '', ( #1390 ) ) ;
#1392 = MECHANICAL_DESIGN_GEOMETRIC_PRESENTATION_REPRESENTATION (  '', ( #1390 ), #1393 ) ;
#1393 =( GEOMETRIC_REPRESENTATION_CONTEXT ( 3 ) GLOBAL_UNCERTAINTY_ASSIGNED_CONTEXT ( ( #4507 ) ) GLOBAL_UNIT_ASSIGNED_CONTEXT ( ( #2202, #2203, #2204 ) ) REPRESENTATION_CONTEXT ( 'NONE', 'WORKASPACE' ) );
#1394 = PRESENTATION_LAYER_ASSIGNMENT (  '', '', ( #1395 ) ) ;
#1395 = STYLED_ITEM ( 'NONE', ( #2073 ), #450 ) ;
#1396 = AXIS2_PLACEMENT_3D ( 'NONE', #2196, #2197, #2205 ) ;
#1397 = MECHANICAL_DESIGN_GEOMETRIC_PRESENTATION_REPRESENTATION (  '', ( #1395 ), #1398 ) ;
#1398 =( GEOMETRIC_REPRESENTATION_CONTEXT ( 3 ) GLOBAL_UNCERTAINTY_ASSIGNED_CONTEXT ( ( #4497 ) ) GLOBAL_UNIT_ASSIGNED_CONTEXT ( ( #2212, #2213, #2214 ) ) REPRESENTATION_CONTEXT ( 'NONE', 'WORKASPACE' ) );
#1399 = AXIS2_PLACEMENT_3D ( 'NONE', #2206, #2207, #2215 ) ;
#1400 = STYLED_ITEM ( 'NONE', ( #2078 ), #451 ) ;
#1401 = PRESENTATION_LAYER_ASSIGNMENT (  '', '', ( #1400 ) ) ;
#1402 = MECHANICAL_DESIGN_GEOMETRIC_PRESENTATION_REPRESENTATION (  '', ( #1400 ), #1403 ) ;
#1403 =( GEOMETRIC_REPRESENTATION_CONTEXT ( 3 ) GLOBAL_UNCERTAINTY_ASSIGNED_CONTEXT ( ( #4505 ) ) GLOBAL_UNIT_ASSIGNED_CONTEXT ( ( #2222, #2223, #2224 ) ) REPRESENTATION_CONTEXT ( 'NONE', 'WORKASPACE' ) );
#1404 = AXIS2_PLACEMENT_3D ( 'NONE', #2216, #2217, #2225 ) ;
#1405 = STYLED_ITEM ( 'NONE', ( #2086 ), #453 ) ;
#1406 = AXIS2_PLACEMENT_3D ( 'NONE', #2226, #2218, #2228 ) ;
#1407 = PRESENTATION_LAYER_ASSIGNMENT (  '', '', ( #1405 ) ) ;
#1408 = MECHANICAL_DESIGN_GEOMETRIC_PRESENTATION_REPRESENTATION (  '', ( #1405 ), #1409 ) ;
#1409 =( GEOMETRIC_REPRESENTATION_CONTEXT ( 3 ) GLOBAL_UNCERTAINTY_ASSIGNED_CONTEXT ( ( #4509 ) ) GLOBAL_UNIT_ASSIGNED_CONTEXT ( ( #2235, #2236, #2237 ) ) REPRESENTATION_CONTEXT ( 'NONE', 'WORKASPACE' ) );
#1410 = AXIS2_PLACEMENT_3D ( 'NONE', #2229, #2230, #2238 ) ;
#1411 = STYLED_ITEM ( 'NONE', ( #2090 ), #454 ) ;
#1412 = PRESENTATION_LAYER_ASSIGNMENT (  '', '', ( #1411 ) ) ;
#1413 = MECHANICAL_DESIGN_GEOMETRIC_PRESENTATION_REPRESENTATION (  '', ( #1411 ), #1414 ) ;
#1414 =( GEOMETRIC_REPRESENTATION_CONTEXT ( 3 ) GLOBAL_UNCERTAINTY_ASSIGNED_CONTEXT ( ( #4503 ) ) GLOBAL_UNIT_ASSIGNED_CONTEXT ( ( #2245, #2246, #2247 ) ) REPRESENTATION_CONTEXT ( 'NONE', 'WORKASPACE' ) );
#1415 = PRESENTATION_LAYER_ASSIGNMENT (  '', '', ( #1416 ) ) ;
#1416 = STYLED_ITEM ( 'NONE', ( #2095 ), #455 ) ;
#1417 = AXIS2_PLACEMENT_3D ( 'NONE', #2239, #2240, #2248 ) ;
#1418 = MECHANICAL_DESIGN_GEOMETRIC_PRESENTATION_REPRESENTATION (  '', ( #1416 ), #1419 ) ;
#1419 =( GEOMETRIC_REPRESENTATION_CONTEXT ( 3 ) GLOBAL_UNCERTAINTY_ASSIGNED_CONTEXT ( ( #4504 ) ) GLOBAL_UNIT_ASSIGNED_CONTEXT ( ( #2255, #2256, #2257 ) ) REPRESENTATION_CONTEXT ( 'NONE', 'WORKASPACE' ) );
#1420 = PRESENTATION_LAYER_ASSIGNMENT (  '', '', ( #1421 ) ) ;
#1421 = STYLED_ITEM ( 'NONE', ( #2100 ), #456 ) ;
#1422 = AXIS2_PLACEMENT_3D ( 'NONE', #2249, #2250, #2258 ) ;
#1423 = MECHANICAL_DESIGN_GEOMETRIC_PRESENTATION_REPRESENTATION (  '', ( #1421 ), #1424 ) ;
#1424 =( GEOMETRIC_REPRESENTATION_CONTEXT ( 3 ) GLOBAL_UNCERTAINTY_ASSIGNED_CONTEXT ( ( #4500 ) ) GLOBAL_UNIT_ASSIGNED_CONTEXT ( ( #2265, #2266, #2267 ) ) REPRESENTATION_CONTEXT ( 'NONE', 'WORKASPACE' ) );
#1425 = AXIS2_PLACEMENT_3D ( 'NONE', #2259, #2260, #2268 ) ;
#1426 = PRESENTATION_LAYER_ASSIGNMENT (  '', '', ( #1428 ) ) ;
#1427 = AXIS2_PLACEMENT_3D ( 'NONE', #2269, #2261, #2271 ) ;
#1428 = STYLED_ITEM ( 'NONE', ( #2108 ), #459 ) ;
#1429 = AXIS2_PLACEMENT_3D ( 'NONE', #2272, #2273, #2270 ) ;
#1430 = MECHANICAL_DESIGN_GEOMETRIC_PRESENTATION_REPRESENTATION (  '', ( #1428 ), #1431 ) ;
#1431 =( GEOMETRIC_REPRESENTATION_CONTEXT ( 3 ) GLOBAL_UNCERTAINTY_ASSIGNED_CONTEXT ( ( #4502 ) ) GLOBAL_UNIT_ASSIGNED_CONTEXT ( ( #2281, #2282, #2283 ) ) REPRESENTATION_CONTEXT ( 'NONE', 'WORKASPACE' ) );
#1432 = AXIS2_PLACEMENT_3D ( 'NONE', #2275, #2276, #2284 ) ;
#1433 = AXIS2_PLACEMENT_3D ( 'NONE', #2285, #2286, #2277 ) ;
#1434 = AXIS2_PLACEMENT_3D ( 'NONE', #2287, #2291, #2292 ) ;
#1435 = AXIS2_PLACEMENT_3D ( 'NONE', #2448, #2449, #2450 ) ;
#1436 = AXIS2_PLACEMENT_3D ( 'NONE', #2290, #2295, #2296 ) ;
#1437 = AXIS2_PLACEMENT_3D ( 'NONE', #2297, #2293, #2294 ) ;
#1438 = AXIS2_PLACEMENT_3D ( 'NONE', #2298, #2302, #2303 ) ;
#1439 = AXIS2_PLACEMENT_3D ( 'NONE', #2451, #2452, #2453 ) ;
#1440 = AXIS2_PLACEMENT_3D ( 'NONE', #2454, #2455, #2456 ) ;
#1441 = AXIS2_PLACEMENT_3D ( 'NONE', #2458, #2459, #2460 ) ;
#1442 = AXIS2_PLACEMENT_3D ( 'NONE', #2463, #2464, #2465 ) ;
#1443 = AXIS2_PLACEMENT_3D ( 'NONE', #2468, #2469, #2470 ) ;
#1444 = AXIS2_PLACEMENT_3D ( 'NONE', #2475, #2476, #2477 ) ;
#1445 = AXIS2_PLACEMENT_3D ( 'NONE', #2482, #2483, #2484 ) ;
#1446 = AXIS2_PLACEMENT_3D ( 'NONE', #2489, #2490, #2491 ) ;
#1447 = AXIS2_PLACEMENT_3D ( 'NONE', #2494, #2495, #2496 ) ;
#1448 = AXIS2_PLACEMENT_3D ( 'NONE', #2500, #2501, #2502 ) ;
#1449 = AXIS2_PLACEMENT_3D ( 'NONE', #2505, #2506, #2507 ) ;
#1450 = AXIS2_PLACEMENT_3D ( 'NONE', #2511, #2512, #2513 ) ;
#1451 = AXIS2_PLACEMENT_3D ( 'NONE', #2515, #2516, #2517 ) ;
#1452 = AXIS2_PLACEMENT_3D ( 'NONE', #2519, #2520, #2521 ) ;
#1453 = AXIS2_PLACEMENT_3D ( 'NONE', #2524, #2525, #2526 ) ;
#1454 = AXIS2_PLACEMENT_3D ( 'NONE', #2529, #2530, #2531 ) ;
#1455 = AXIS2_PLACEMENT_3D ( 'NONE', #2535, #2536, #2537 ) ;
#1456 = AXIS2_PLACEMENT_3D ( 'NONE', #2539, #2540, #2541 ) ;
#1457 = AXIS2_PLACEMENT_3D ( 'NONE', #2546, #2547, #2548 ) ;
#1458 = AXIS2_PLACEMENT_3D ( 'NONE', #2551, #2552, #2553 ) ;
#1459 = AXIS2_PLACEMENT_3D ( 'NONE', #2557, #2558, #2559 ) ;
#1460 = AXIS2_PLACEMENT_3D ( 'NONE', #2561, #2562, #2563 ) ;
#1461 = AXIS2_PLACEMENT_3D ( 'NONE', #2567, #2568, #2569 ) ;
#1462 = AXIS2_PLACEMENT_3D ( 'NONE', #2571, #2572, #2573 ) ;
#1463 = AXIS2_PLACEMENT_3D ( 'NONE', #2578, #2579, #2580 ) ;
#1464 = AXIS2_PLACEMENT_3D ( 'NONE', #2581, #2582, #2583 ) ;
#1465 = AXIS2_PLACEMENT_3D ( 'NONE', #2878, #2879, #2880 ) ;
#1466 = AXIS2_PLACEMENT_3D ( 'NONE', #2884, #2885, #2886 ) ;
#1467 = AXIS2_PLACEMENT_3D ( 'NONE', #2889, #2890, #2891 ) ;
#1468 = AXIS2_PLACEMENT_3D ( 'NONE', #2894, #2895, #2896 ) ;
#1469 = AXIS2_PLACEMENT_3D ( 'NONE', #2899, #2900, #2901 ) ;
#1470 = AXIS2_PLACEMENT_3D ( 'NONE', #2903, #2904, #2905 ) ;
#1471 = AXIS2_PLACEMENT_3D ( 'NONE', #2906, #2907, #2908 ) ;
#1472 = AXIS2_PLACEMENT_3D ( 'NONE', #2909, #2910, #2911 ) ;
#1473 = AXIS2_PLACEMENT_3D ( 'NONE', #2912, #2913, #2914 ) ;
#1474 = AXIS2_PLACEMENT_3D ( 'NONE', #2915, #2916, #2917 ) ;
#1475 = AXIS2_PLACEMENT_3D ( 'NONE', #2918, #2919, #2920 ) ;
#1476 = AXIS2_PLACEMENT_3D ( 'NONE', #2921, #2922, #2923 ) ;
#1477 = AXIS2_PLACEMENT_3D ( 'NONE', #2924, #2925, #2926 ) ;
#1478 = AXIS2_PLACEMENT_3D ( 'NONE', #2927, #2928, #2929 ) ;
#1479 = AXIS2_PLACEMENT_3D ( 'NONE', #2930, #2931, #2932 ) ;
#1480 = AXIS2_PLACEMENT_3D ( 'NONE', #2933, #2934, #2935 ) ;
#1481 = AXIS2_PLACEMENT_3D ( 'NONE', #2936, #2937, #2938 ) ;
#1482 = AXIS2_PLACEMENT_3D ( 'NONE', #2939, #2940, #2941 ) ;
#1483 = AXIS2_PLACEMENT_3D ( 'NONE', #2942, #2943, #2944 ) ;
#1484 = AXIS2_PLACEMENT_3D ( 'NONE', #2946, #2947, #2948 ) ;
#1485 = AXIS2_PLACEMENT_3D ( 'NONE', #2950, #2951, #2952 ) ;
#1486 = AXIS2_PLACEMENT_3D ( 'NONE', #2953, #2954, #2955 ) ;
#1487 = AXIS2_PLACEMENT_3D ( 'NONE', #2958, #2959, #2960 ) ;
#1488 = AXIS2_PLACEMENT_3D ( 'NONE', #2962, #2963, #2964 ) ;
#1489 = AXIS2_PLACEMENT_3D ( 'NONE', #2968, #2969, #2970 ) ;
#1490 = AXIS2_PLACEMENT_3D ( 'NONE', #2972, #2973, #2974 ) ;
#1491 = AXIS2_PLACEMENT_3D ( 'NONE', #2977, #2978, #2979 ) ;
#1492 = AXIS2_PLACEMENT_3D ( 'NONE', #2983, #2984, #2985 ) ;
#1493 = AXIS2_PLACEMENT_3D ( 'NONE', #2987, #2988, #2989 ) ;
#1494 = AXIS2_PLACEMENT_3D ( 'NONE', #2997, #2998, #2999 ) ;
#1495 = AXIS2_PLACEMENT_3D ( 'NONE', #3000, #3001, #3002 ) ;
#1496 = AXIS2_PLACEMENT_3D ( 'NONE', #3003, #3004, #3005 ) ;
#1497 = AXIS2_PLACEMENT_3D ( 'NONE', #3006, #3007, #3008 ) ;
#1498 = AXIS2_PLACEMENT_3D ( 'NONE', #3009, #3010, #3011 ) ;
#1499 = AXIS2_PLACEMENT_3D ( 'NONE', #3012, #3013, #3014 ) ;
#1500 = AXIS2_PLACEMENT_3D ( 'NONE', #3015, #3016, #3017 ) ;
#1501 = AXIS2_PLACEMENT_3D ( 'NONE', #3018, #3019, #3020 ) ;
#1502 = AXIS2_PLACEMENT_3D ( 'NONE', #3021, #3022, #3023 ) ;
#1503 = AXIS2_PLACEMENT_3D ( 'NONE', #3024, #3025, #3026 ) ;
#1504 = AXIS2_PLACEMENT_3D ( 'NONE', #3027, #3028, #3029 ) ;
#1505 = AXIS2_PLACEMENT_3D ( 'NONE', #3030, #3031, #3032 ) ;
#1506 = AXIS2_PLACEMENT_3D ( 'NONE', #3035, #3036, #3037 ) ;
#1507 = AXIS2_PLACEMENT_3D ( 'NONE', #3038, #3039, #3040 ) ;
#1508 = AXIS2_PLACEMENT_3D ( 'NONE', #3043, #3044, #3045 ) ;
#1509 = AXIS2_PLACEMENT_3D ( 'NONE', #3046, #3047, #3048 ) ;
#1510 = AXIS2_PLACEMENT_3D ( 'NONE', #3049, #3050, #3051 ) ;
#1511 = AXIS2_PLACEMENT_3D ( 'NONE', #3054, #3055, #3056 ) ;
#1512 = AXIS2_PLACEMENT_3D ( 'NONE', #3057, #3058, #3059 ) ;
#1513 = AXIS2_PLACEMENT_3D ( 'NONE', #3062, #3063, #3064 ) ;
#1514 = AXIS2_PLACEMENT_3D ( 'NONE', #3065, #3066, #3067 ) ;
#1515 = AXIS2_PLACEMENT_3D ( 'NONE', #3068, #3069, #3070 ) ;
#1516 = AXIS2_PLACEMENT_3D ( 'NONE', #3071, #3072, #3073 ) ;
#1517 = AXIS2_PLACEMENT_3D ( 'NONE', #3074, #3075, #3076 ) ;
#1518 = AXIS2_PLACEMENT_3D ( 'NONE', #3079, #3080, #3081 ) ;
#1519 = AXIS2_PLACEMENT_3D ( 'NONE', #3083, #3084, #3085 ) ;
#1520 = AXIS2_PLACEMENT_3D ( 'NONE', #13, #14, #15 ) ;
#1521 = AXIS2_PLACEMENT_3D ( 'NONE', #18, #19, #20 ) ;
#1522 = AXIS2_PLACEMENT_3D ( 'NONE', #21, #22, #23 ) ;
#1523 = AXIS2_PLACEMENT_3D ( 'NONE', #24, #25, #26 ) ;
#1524 = AXIS2_PLACEMENT_3D ( 'NONE', #29, #30, #31 ) ;
#1525 = AXIS2_PLACEMENT_3D ( 'NONE', #32, #33, #34 ) ;
#1526 = AXIS2_PLACEMENT_3D ( 'NONE', #37, #38, #39 ) ;
#1527 = AXIS2_PLACEMENT_3D ( 'NONE', #40, #41, #42 ) ;
#1528 = AXIS2_PLACEMENT_3D ( 'NONE', #43, #44, #45 ) ;
#1529 = AXIS2_PLACEMENT_3D ( 'NONE', #48, #49, #50 ) ;
#1530 = AXIS2_PLACEMENT_3D ( 'NONE', #51, #52, #53 ) ;
#1531 = AXIS2_PLACEMENT_3D ( 'NONE', #54, #55, #56 ) ;
#1532 = AXIS2_PLACEMENT_3D ( 'NONE', #59, #60, #61 ) ;
#1533 = AXIS2_PLACEMENT_3D ( 'NONE', #64, #65, #66 ) ;
#1534 = AXIS2_PLACEMENT_3D ( 'NONE', #67, #68, #69 ) ;
#1535 = AXIS2_PLACEMENT_3D ( 'NONE', #70, #71, #72 ) ;
#1536 = AXIS2_PLACEMENT_3D ( 'NONE', #75, #76, #77 ) ;
#1537 = AXIS2_PLACEMENT_3D ( 'NONE', #82, #83, #84 ) ;
#1538 = AXIS2_PLACEMENT_3D ( 'NONE', #87, #88, #89 ) ;
#1539 = AXIS2_PLACEMENT_3D ( 'NONE', #90, #91, #92 ) ;
#1540 = AXIS2_PLACEMENT_3D ( 'NONE', #93, #94, #95 ) ;
#1541 = AXIS2_PLACEMENT_3D ( 'NONE', #96, #97, #98 ) ;
#1542 = AXIS2_PLACEMENT_3D ( 'NONE', #99, #100, #101 ) ;
#1543 = AXIS2_PLACEMENT_3D ( 'NONE', #102, #103, #104 ) ;
#1544 = AXIS2_PLACEMENT_3D ( 'NONE', #105, #106, #107 ) ;
#1545 = AXIS2_PLACEMENT_3D ( 'NONE', #110, #111, #112 ) ;
#1546 = AXIS2_PLACEMENT_3D ( 'NONE', #115, #116, #117 ) ;
#1547 = AXIS2_PLACEMENT_3D ( 'NONE', #122, #123, #124 ) ;
#1548 = AXIS2_PLACEMENT_3D ( 'NONE', #125, #126, #127 ) ;
#1549 = AXIS2_PLACEMENT_3D ( 'NONE', #128, #129, #130 ) ;
#1550 = AXIS2_PLACEMENT_3D ( 'NONE', #133, #134, #135 ) ;
#1551 = AXIS2_PLACEMENT_3D ( 'NONE', #138, #139, #140 ) ;
#1552 = AXIS2_PLACEMENT_3D ( 'NONE', #150, #151, #152 ) ;
#1553 = AXIS2_PLACEMENT_3D ( 'NONE', #162, #163, #164 ) ;
#1554 = AXIS2_PLACEMENT_3D ( 'NONE', #171, #172, #173 ) ;
#1555 = AXIS2_PLACEMENT_3D ( 'NONE', #176, #177, #178 ) ;
#1556 = ORIENTED_EDGE ( 'NONE', *, *, #1170, .F. ) ;
#1557 = ORIENTED_EDGE ( 'NONE', *, *, #1294, .F. ) ;
#1558 = ORIENTED_EDGE ( 'NONE', *, *, #1316, .F. ) ;
#1559 = ORIENTED_EDGE ( 'NONE', *, *, #1293, .F. ) ;
#1560 = ORIENTED_EDGE ( 'NONE', *, *, #1230, .T. ) ;
#1561 = ORIENTED_EDGE ( 'NONE', *, *, #1242, .T. ) ;
#1562 = ORIENTED_EDGE ( 'NONE', *, *, #1226, .T. ) ;
#1563 = ORIENTED_EDGE ( 'NONE', *, *, #1228, .T. ) ;
#1564 = ORIENTED_EDGE ( 'NONE', *, *, #1235, .T. ) ;
#1565 = ORIENTED_EDGE ( 'NONE', *, *, #1100, .T. ) ;
#1566 = ORIENTED_EDGE ( 'NONE', *, *, #1231, .T. ) ;
#1567 = ORIENTED_EDGE ( 'NONE', *, *, #1233, .T. ) ;
#1568 = ORIENTED_EDGE ( 'NONE', *, *, #1222, .T. ) ;
#1569 = ORIENTED_EDGE ( 'NONE', *, *, #1050, .T. ) ;
#1570 = ORIENTED_EDGE ( 'NONE', *, *, #1221, .T. ) ;
#1571 = ORIENTED_EDGE ( 'NONE', *, *, #1049, .T. ) ;
#1572 = ORIENTED_EDGE ( 'NONE', *, *, #1220, .T. ) ;
#1573 = ORIENTED_EDGE ( 'NONE', *, *, #1207, .T. ) ;
#1574 = ORIENTED_EDGE ( 'NONE', *, *, #1200, .T. ) ;
#1575 = ORIENTED_EDGE ( 'NONE', *, *, #1074, .F. ) ;
#1576 = ORIENTED_EDGE ( 'NONE', *, *, #1219, .T. ) ;
#1577 = ORIENTED_EDGE ( 'NONE', *, *, #1208, .T. ) ;
#1578 = ORIENTED_EDGE ( 'NONE', *, *, #3867, .T. ) ;
#1579 = ORIENTED_EDGE ( 'NONE', *, *, #1070, .F. ) ;
#1580 = ORIENTED_EDGE ( 'NONE', *, *, #1154, .F. ) ;
#1581 = ORIENTED_EDGE ( 'NONE', *, *, #1072, .T. ) ;
#1582 = ORIENTED_EDGE ( 'NONE', *, *, #1, .T. ) ;
#1583 = ORIENTED_EDGE ( 'NONE', *, *, #6, .T. ) ;
#1584 = ORIENTED_EDGE ( 'NONE', *, *, #1217, .T. ) ;
#1585 = ORIENTED_EDGE ( 'NONE', *, *, #1205, .T. ) ;
#1586 = ORIENTED_EDGE ( 'NONE', *, *, #4538, .T. ) ;
#1587 = ORIENTED_EDGE ( 'NONE', *, *, #1066, .F. ) ;
#1588 = ORIENTED_EDGE ( 'NONE', *, *, #1203, .T. ) ;
#1589 = ORIENTED_EDGE ( 'NONE', *, *, #1068, .T. ) ;
#1590 = ORIENTED_EDGE ( 'NONE', *, *, #1155, .T. ) ;
#1591 = ORIENTED_EDGE ( 'NONE', *, *, #1063, .F. ) ;
#1592 = ORIENTED_EDGE ( 'NONE', *, *, #1202, .T. ) ;
#1593 = ORIENTED_EDGE ( 'NONE', *, *, #1065, .T. ) ;
#1594 = ORIENTED_EDGE ( 'NONE', *, *, #1152, .T. ) ;
#1595 = ORIENTED_EDGE ( 'NONE', *, *, #1058, .T. ) ;
#1596 = ORIENTED_EDGE ( 'NONE', *, *, #1210, .T. ) ;
#1597 = ORIENTED_EDGE ( 'NONE', *, *, #1214, .T. ) ;
#1598 = ORIENTED_EDGE ( 'NONE', *, *, #1052, .T. ) ;
#1599 = ORIENTED_EDGE ( 'NONE', *, *, #1060, .F. ) ;
#1600 = ORIENTED_EDGE ( 'NONE', *, *, #1215, .T. ) ;
#1601 = ORIENTED_EDGE ( 'NONE', *, *, #1062, .T. ) ;
#1602 = ORIENTED_EDGE ( 'NONE', *, *, #1153, .T. ) ;
#1603 = ORIENTED_EDGE ( 'NONE', *, *, #1057, .F. ) ;
#1604 = ORIENTED_EDGE ( 'NONE', *, *, #1156, .F. ) ;
#1605 = ORIENTED_EDGE ( 'NONE', *, *, #1059, .T. ) ;
#1606 = ORIENTED_EDGE ( 'NONE', *, *, #1210, .F. ) ;
#1607 = ORIENTED_EDGE ( 'NONE', *, *, #1053, .F. ) ;
#1608 = ORIENTED_EDGE ( 'NONE', *, *, #1214, .F. ) ;
#1609 = ORIENTED_EDGE ( 'NONE', *, *, #1055, .T. ) ;
#1610 = ORIENTED_EDGE ( 'NONE', *, *, #1215, .F. ) ;
#1611 = ORIENTED_EDGE ( 'NONE', *, *, #9, .F. ) ;
#1612 = ORIENTED_EDGE ( 'NONE', *, *, #1202, .F. ) ;
#1613 = ORIENTED_EDGE ( 'NONE', *, *, #7, .T. ) ;
#1614 = ORIENTED_EDGE ( 'NONE', *, *, #1217, .F. ) ;
#1615 = ORIENTED_EDGE ( 'NONE', *, *, #2, .F. ) ;
#1616 = ORIENTED_EDGE ( 'NONE', *, *, #1205, .F. ) ;
#1617 = ORIENTED_EDGE ( 'NONE', *, *, #8, .T. ) ;
#1618 = ORIENTED_EDGE ( 'NONE', *, *, #1203, .F. ) ;
#1619 = ORIENTED_EDGE ( 'NONE', *, *, #1076, .F. ) ;
#1620 = ORIENTED_EDGE ( 'NONE', *, *, #1211, .T. ) ;
#1621 = ORIENTED_EDGE ( 'NONE', *, *, #1148, .F. ) ;
#1622 = ORIENTED_EDGE ( 'NONE', *, *, #1212, .T. ) ;
#1623 = ORIENTED_EDGE ( 'NONE', *, *, #1150, .F. ) ;
#1624 = ORIENTED_EDGE ( 'NONE', *, *, #1209, .T. ) ;
#1625 = ORIENTED_EDGE ( 'NONE', *, *, #1208, .F. ) ;
#1626 = ORIENTED_EDGE ( 'NONE', *, *, #1213, .T. ) ;
#1627 = ORIENTED_EDGE ( 'NONE', *, *, #4537, .F. ) ;
#1628 = ORIENTED_EDGE ( 'NONE', *, *, #1222, .F. ) ;
#1629 = ORIENTED_EDGE ( 'NONE', *, *, #4, .T. ) ;
#1630 = ORIENTED_EDGE ( 'NONE', *, *, #1071, .F. ) ;
#1631 = ORIENTED_EDGE ( 'NONE', *, *, #1216, .F. ) ;
#1632 = ORIENTED_EDGE ( 'NONE', *, *, #1219, .F. ) ;
#1633 = ORIENTED_EDGE ( 'NONE', *, *, #1073, .F. ) ;
#1634 = ORIENTED_EDGE ( 'NONE', *, *, #1204, .F. ) ;
#1635 = ORIENTED_EDGE ( 'NONE', *, *, #1200, .F. ) ;
#1636 = ORIENTED_EDGE ( 'NONE', *, *, #1204, .T. ) ;
#1637 = ORIENTED_EDGE ( 'NONE', *, *, #1212, .F. ) ;
#1638 = ORIENTED_EDGE ( 'NONE', *, *, #3086, .F. ) ;
#1639 = ORIENTED_EDGE ( 'NONE', *, *, #1221, .F. ) ;
#1640 = ORIENTED_EDGE ( 'NONE', *, *, #1216, .T. ) ;
#1641 = ORIENTED_EDGE ( 'NONE', *, *, #1207, .F. ) ;
#1642 = ORIENTED_EDGE ( 'NONE', *, *, #1363, .F. ) ;
#1643 = ORIENTED_EDGE ( 'NONE', *, *, #1213, .F. ) ;
#1644 = ORIENTED_EDGE ( 'NONE', *, *, #1051, .F. ) ;
#1645 = ORIENTED_EDGE ( 'NONE', *, *, #1151, .F. ) ;
#1646 = ORIENTED_EDGE ( 'NONE', *, *, #1363, .T. ) ;
#1647 = ORIENTED_EDGE ( 'NONE', *, *, #1220, .F. ) ;
#1648 = ORIENTED_EDGE ( 'NONE', *, *, #4536, .F. ) ;
#1649 = ORIENTED_EDGE ( 'NONE', *, *, #1209, .F. ) ;
#1650 = ORIENTED_EDGE ( 'NONE', *, *, #1365, .F. ) ;
#1651 = ORIENTED_EDGE ( 'NONE', *, *, #1161, .F. ) ;
#1652 = ORIENTED_EDGE ( 'NONE', *, *, #1365, .T. ) ;
#1653 = ORIENTED_EDGE ( 'NONE', *, *, #1149, .F. ) ;
#1654 = ORIENTED_EDGE ( 'NONE', *, *, #1362, .F. ) ;
#1655 = ORIENTED_EDGE ( 'NONE', *, *, #1158, .F. ) ;
#1656 = ORIENTED_EDGE ( 'NONE', *, *, #442, .F. ) ;
#1657 = ORIENTED_EDGE ( 'NONE', *, *, #1160, .F. ) ;
#1658 = ORIENTED_EDGE ( 'NONE', *, *, #1364, .F. ) ;
#1659 = ORIENTED_EDGE ( 'NONE', *, *, #1075, .F. ) ;
#1660 = ORIENTED_EDGE ( 'NONE', *, *, #1362, .T. ) ;
#1661 = ORIENTED_EDGE ( 'NONE', *, *, #1211, .F. ) ;
#1662 = ORIENTED_EDGE ( 'NONE', *, *, #1364, .T. ) ;
#1663 = ORIENTED_EDGE ( 'NONE', *, *, #1159, .F. ) ;
#1664 = EDGE_LOOP ( 'NONE', ( #4492, #4482, #4485, #4489 ) ) ;
#1665 = EDGE_LOOP ( 'NONE', ( #539, #540, #541, #542 ) ) ;
#1666 = EDGE_LOOP ( 'NONE', ( #3093, #4480, #465, #466 ) ) ;
#1667 = EDGE_LOOP ( 'NONE', ( #3094, #3090, #3095, #3091 ) ) ;
#1668 = EDGE_LOOP ( 'NONE', ( #4484, #3092, #3089, #3088 ) ) ;
#1669 = EDGE_LOOP ( 'NONE', ( #507, #508, #509, #510 ) ) ;
#1670 = EDGE_LOOP ( 'NONE', ( #467, #468, #469, #470 ) ) ;
#1671 = EDGE_LOOP ( 'NONE', ( #471, #472, #473, #474 ) ) ;
#1672 = EDGE_LOOP ( 'NONE', ( #487, #488, #489, #490 ) ) ;
#1673 = EDGE_LOOP ( 'NONE', ( #511, #512, #513, #514 ) ) ;
#1674 = EDGE_LOOP ( 'NONE', ( #475, #476, #477, #478 ) ) ;
#1675 = EDGE_LOOP ( 'NONE', ( #479, #480, #481, #482 ) ) ;
#1676 = EDGE_LOOP ( 'NONE', ( #503, #504, #505, #506 ) ) ;
#1677 = EDGE_LOOP ( 'NONE', ( #483, #484, #485, #486 ) ) ;
#1678 = EDGE_LOOP ( 'NONE', ( #527, #528, #529, #530, #531, #532, #533, #534 ) ) ;
#1679 = EDGE_LOOP ( 'NONE', ( #491, #492, #493, #494 ) ) ;
#1680 = EDGE_LOOP ( 'NONE', ( #495, #496, #497, #498 ) ) ;
#1681 = EDGE_LOOP ( 'NONE', ( #499, #500, #501, #502 ) ) ;
#1682 = EDGE_LOOP ( 'NONE', ( #523, #524, #525, #526 ) ) ;
#1683 = EDGE_LOOP ( 'NONE', ( #557, #558, #559, #560 ) ) ;
#1684 = EDGE_LOOP ( 'NONE', ( #519, #520, #521, #522 ) ) ;
#1685 = EDGE_LOOP ( 'NONE', ( #515, #516, #517, #518 ) ) ;
#1686 = EDGE_LOOP ( 'NONE', ( #543, #544, #545, #546 ) ) ;
#1687 = EDGE_LOOP ( 'NONE', ( #535, #536, #537, #538 ) ) ;
#1688 = EDGE_LOOP ( 'NONE', ( #547, #548, #549, #550, #551, #552, #553, #554, #555, #556 ) ) ;
#1689 = EDGE_LOOP ( 'NONE', ( #569, #570, #571, #572 ) ) ;
#1690 = EDGE_LOOP ( 'NONE', ( #573, #574, #575, #576 ) ) ;
#1691 = EDGE_LOOP ( 'NONE', ( #1037, #1038, #1039, #1040 ) ) ;
#1692 = EDGE_LOOP ( 'NONE', ( #565, #566, #567, #568 ) ) ;
#1693 = EDGE_LOOP ( 'NONE', ( #561, #562, #563, #564 ) ) ;
#1694 = EDGE_LOOP ( 'NONE', ( #965, #966, #967, #968 ) ) ;
#1695 = EDGE_LOOP ( 'NONE', ( #577, #578, #579, #580 ) ) ;
#1696 = EDGE_LOOP ( 'NONE', ( #581, #582, #583, #584 ) ) ;
#1697 = EDGE_LOOP ( 'NONE', ( #585, #586, #587, #588 ) ) ;
#1698 = EDGE_LOOP ( 'NONE', ( #589, #590, #591, #592 ) ) ;
#1699 = EDGE_LOOP ( 'NONE', ( #593, #594 ) ) ;
#1700 = EDGE_LOOP ( 'NONE', ( #597, #598, #599, #600, #601, #602, #603, #604 ) ) ;
#1701 = EDGE_LOOP ( 'NONE', ( #605, #606, #607, #608 ) ) ;
#1702 = EDGE_LOOP ( 'NONE', ( #595, #596 ) ) ;
#1703 = EDGE_LOOP ( 'NONE', ( #977, #978, #979, #980 ) ) ;
#1704 = EDGE_LOOP ( 'NONE', ( #609, #610 ) ) ;
#1705 = EDGE_LOOP ( 'NONE', ( #611, #612 ) ) ;
#1706 = EDGE_LOOP ( 'NONE', ( #961, #962, #963, #964 ) ) ;
#1707 = EDGE_LOOP ( 'NONE', ( #953, #954, #955, #956 ) ) ;
#1708 = EDGE_LOOP ( 'NONE', ( #957, #958, #959, #960 ) ) ;
#1709 = EDGE_LOOP ( 'NONE', ( #969, #970, #971, #972 ) ) ;
#1710 = EDGE_LOOP ( 'NONE', ( #985, #986, #987, #988 ) ) ;
#1711 = EDGE_LOOP ( 'NONE', ( #981, #982, #983, #984 ) ) ;
#1712 = EDGE_LOOP ( 'NONE', ( #973, #974, #975, #976 ) ) ;
#1713 = EDGE_LOOP ( 'NONE', ( #1041, #1042, #1043, #1044 ) ) ;
#1714 = EDGE_LOOP ( 'NONE', ( #989, #990, #991, #992 ) ) ;
#1715 = EDGE_LOOP ( 'NONE', ( #1005, #1006, #1007, #1008 ) ) ;
#1716 = EDGE_LOOP ( 'NONE', ( #993, #994, #995, #996 ) ) ;
#1717 = EDGE_LOOP ( 'NONE', ( #1025, #1026, #1027, #1028 ) ) ;
#1718 = EDGE_LOOP ( 'NONE', ( #997, #998, #999, #1000 ) ) ;
#1719 = EDGE_LOOP ( 'NONE', ( #1021, #1022, #1023, #1024 ) ) ;
#1720 = EDGE_LOOP ( 'NONE', ( #1001, #1002, #1003, #1004 ) ) ;
#1721 = EDGE_LOOP ( 'NONE', ( #1009, #1010, #1011, #1012 ) ) ;
#1722 = EDGE_LOOP ( 'NONE', ( #1627, #1628, #1629, #1630 ) ) ;
#1723 = EDGE_LOOP ( 'NONE', ( #1013, #1014, #1015, #1016 ) ) ;
#1724 = EDGE_LOOP ( 'NONE', ( #1017, #1018, #1019, #1020 ) ) ;
#1725 = EDGE_LOOP ( 'NONE', ( #1033, #1034, #1035, #1036 ) ) ;
#1726 = EDGE_LOOP ( 'NONE', ( #1029, #1030, #1031, #1032 ) ) ;
#1727 = EDGE_LOOP ( 'NONE', ( #1607, #1608, #1609, #1610 ) ) ;
#1728 = EDGE_LOOP ( 'NONE', ( #1045, #1046, #1047, #1048 ) ) ;
#1729 = EDGE_LOOP ( 'NONE', ( #1556, #1557, #1558, #1559 ) ) ;
#1730 = EDGE_LOOP ( 'NONE', ( #1560, #1561, #1562, #1563 ) ) ;
#1731 = EDGE_LOOP ( 'NONE', ( #1564, #1565, #1566, #1567 ) ) ;
#1732 = EDGE_LOOP ( 'NONE', ( #1568, #1569 ) ) ;
#1733 = EDGE_LOOP ( 'NONE', ( #1585, #1586 ) ) ;
#1734 = EDGE_LOOP ( 'NONE', ( #1579, #1580, #1581, #1582 ) ) ;
#1735 = EDGE_LOOP ( 'NONE', ( #1570, #1571, #1572, #1573, #1574 ) ) ;
#1736 = EDGE_LOOP ( 'NONE', ( #1575, #1576, #1577, #1578 ) ) ;
#1737 = EDGE_LOOP ( 'NONE', ( #1583, #1584 ) ) ;
#1738 = EDGE_LOOP ( 'NONE', ( #1611, #1612, #1613, #1614 ) ) ;
#1739 = EDGE_LOOP ( 'NONE', ( #1597, #1598 ) ) ;
#1740 = EDGE_LOOP ( 'NONE', ( #1587, #1588, #1589, #1590 ) ) ;
#1741 = EDGE_LOOP ( 'NONE', ( #1591, #1592, #1593, #1594 ) ) ;
#1742 = EDGE_LOOP ( 'NONE', ( #1595, #1596 ) ) ;
#1743 = EDGE_LOOP ( 'NONE', ( #1615, #1616, #1617, #1618 ) ) ;
#1744 = EDGE_LOOP ( 'NONE', ( #1599, #1600, #1601, #1602 ) ) ;
#1745 = EDGE_LOOP ( 'NONE', ( #1603, #1604, #1605, #1606 ) ) ;
#1746 = EDGE_LOOP ( 'NONE', ( #1631, #1632, #1633, #1634, #1635 ) ) ;
#1747 = EDGE_LOOP ( 'NONE', ( #1619, #1620, #1621, #1622 ) ) ;
#1748 = EDGE_LOOP ( 'NONE', ( #1623, #1624, #1625, #1626 ) ) ;
#1749 = EDGE_LOOP ( 'NONE', ( #1636, #1637, #1638, #1639 ) ) ;
#1750 = EDGE_LOOP ( 'NONE', ( #1640, #1641, #1642, #1643 ) ) ;
#1751 = EDGE_LOOP ( 'NONE', ( #1648, #1649, #1650, #1651 ) ) ;
#1752 = EDGE_LOOP ( 'NONE', ( #1644, #1645, #1646, #1647 ) ) ;
#1753 = EDGE_LOOP ( 'NONE', ( #1652, #1653, #1654, #1655 ) ) ;
#1754 = EDGE_LOOP ( 'NONE', ( #1656, #1657, #1658, #1659 ) ) ;
#1755 = EDGE_LOOP ( 'NONE', ( #1660, #1661, #1662, #1663 ) ) ;
#1756 = EDGE_LOOP ( 'NONE', ( #4552, #4561, #4554, #4562 ) ) ;
#1757 = EDGE_LOOP ( 'NONE', ( #4555, #4551, #4549, #4542, #4540, #4544, #4490, #4481 ) ) ;
#1758 = VERTEX_POINT ( 'NONE', #3751 ) ;
#1759 = VERTEX_POINT ( 'NONE', #3758 ) ;
#1760 = VERTEX_POINT ( 'NONE', #3745 ) ;
#1761 = VERTEX_POINT ( 'NONE', #3759 ) ;
#1762 = VERTEX_POINT ( 'NONE', #3756 ) ;
#1763 = VERTEX_POINT ( 'NONE', #3760 ) ;
#1764 = VERTEX_POINT ( 'NONE', #3757 ) ;
#1765 = VERTEX_POINT ( 'NONE', #3761 ) ;
#1766 = VERTEX_POINT ( 'NONE', #3755 ) ;
#1767 = VERTEX_POINT ( 'NONE', #3762 ) ;
#1768 = VERTEX_POINT ( 'NONE', #3763 ) ;
#1769 = VERTEX_POINT ( 'NONE', #3764 ) ;
#1770 = VERTEX_POINT ( 'NONE', #3765 ) ;
#1771 = VERTEX_POINT ( 'NONE', #3766 ) ;
#1772 = VERTEX_POINT ( 'NONE', #3767 ) ;
#1773 = VERTEX_POINT ( 'NONE', #3768 ) ;
#1774 = VERTEX_POINT ( 'NONE', #3769 ) ;
#1775 = EDGE_LOOP ( 'NONE', ( #4495, #4486, #4487, #4488 ) ) ;
#1776 = VERTEX_POINT ( 'NONE', #3770 ) ;
#1777 = EDGE_LOOP ( 'NONE', ( #624, #762 ) ) ;
#1778 = EDGE_LOOP ( 'NONE', ( #1970, #1973, #1967, #1959, #1975, #1980, #1977, #1961, #1963, #1962, #1979, #1964, #1960, #1966, #1978, #1847, #1968, #1815, #1801, #1807, #1802, #1810, #1813, #1803 ) ) ;
#1779 = EDGE_LOOP ( 'NONE', ( #4558, #4553, #4550, #4559, #4557 ) ) ;
#1780 = EDGE_LOOP ( 'NONE', ( #626, #625 ) ) ;
#1781 = EDGE_LOOP ( 'NONE', ( #649, #648, #647, #646 ) ) ;
#1782 = EDGE_LOOP ( 'NONE', ( #645, #644, #643, #642, #641, #640 ) ) ;
#1783 = EDGE_LOOP ( 'NONE', ( #787, #760 ) ) ;
#1784 = EDGE_LOOP ( 'NONE', ( #777, #614 ) ) ;
#1785 = EDGE_LOOP ( 'NONE', ( #1806, #1804, #1808, #1812, #1809, #1814, #1805, #1811, #1800, #1798, #1797, #1799, #4581, #4575, #4573, #4569, #4586, #4590, #4584, #4572, #4578, #4583, #4571, #4591, #4568, #4579, #4585, #4588, #4564, #4593, #4587, #4580 ) ) ;
#1786 = EDGE_LOOP ( 'NONE', ( #774, #613, #770, #773, #784, #615, #617, #620, #621, #622, #623, #766, #768, #618, #616 ) ) ;
#1787 = EDGE_LOOP ( 'NONE', ( #653, #652, #651, #650 ) ) ;
#1788 = EDGE_LOOP ( 'NONE', ( #781, #783, #779, #782, #778, #780, #765, #759, #769, #740, #739, #738, #737, #735, #786, #785, #789, #763, #794, #795, #796, #797, #798, #799 ) ) ;
#1789 = EDGE_LOOP ( 'NONE', ( #1983, #1982 ) ) ;
#1790 = EDGE_LOOP ( 'NONE', ( #628, #627 ) ) ;
#1791 = EDGE_LOOP ( 'NONE', ( #791, #776, #767, #790, #792 ) ) ;
#1792 = EDGE_LOOP ( 'NONE', ( #800, #801, #802, #803, #804, #1972, #1974, #1976, #1971, #1981 ) ) ;
#1793 = EDGE_LOOP ( 'NONE', ( #619, #788, #775, #793 ) ) ;
#1794 = EDGE_LOOP ( 'NONE', ( #630, #629 ) ) ;
#1795 = EDGE_LOOP ( 'NONE', ( #635, #634, #633, #632, #631 ) ) ;
#1796 = EDGE_LOOP ( 'NONE', ( #1969, #1965 ) ) ;
#1797 = ORIENTED_EDGE ( 'NONE', *, *, #1326, .T. ) ;
#1798 = ORIENTED_EDGE ( 'NONE', *, *, #1323, .F. ) ;
#1799 = ORIENTED_EDGE ( 'NONE', *, *, #1321, .F. ) ;
#1800 = ORIENTED_EDGE ( 'NONE', *, *, #1324, .T. ) ;
#1801 = ORIENTED_EDGE ( 'NONE', *, *, #1337, .F. ) ;
#1802 = ORIENTED_EDGE ( 'NONE', *, *, #1335, .F. ) ;
#1803 = ORIENTED_EDGE ( 'NONE', *, *, #1114, .F. ) ;
#1804 = ORIENTED_EDGE ( 'NONE', *, *, #1331, .T. ) ;
#1805 = ORIENTED_EDGE ( 'NONE', *, *, #1244, .T. ) ;
#1806 = ORIENTED_EDGE ( 'NONE', *, *, #1332, .F. ) ;
#1807 = ORIENTED_EDGE ( 'NONE', *, *, #1336, .F. ) ;
#1808 = ORIENTED_EDGE ( 'NONE', *, *, #1330, .F. ) ;
#1809 = ORIENTED_EDGE ( 'NONE', *, *, #1328, .F. ) ;
#1810 = ORIENTED_EDGE ( 'NONE', *, *, #1334, .F. ) ;
#1811 = ORIENTED_EDGE ( 'NONE', *, *, #1243, .F. ) ;
#1812 = ORIENTED_EDGE ( 'NONE', *, *, #1329, .T. ) ;
#1813 = ORIENTED_EDGE ( 'NONE', *, *, #1333, .T. ) ;
#1814 = ORIENTED_EDGE ( 'NONE', *, *, #1327, .F. ) ;
#1815 = ORIENTED_EDGE ( 'NONE', *, *, #1338, .F. ) ;
#1816 = EDGE_LOOP ( 'NONE', ( #4577, #4582, #4576, #4539 ) ) ;
#1817 = EDGE_LOOP ( 'NONE', ( #4592, #4563, #4589, #4594 ) ) ;
#1818 = EDGE_LOOP ( 'NONE', ( #4543, #4546, #4547, #4541 ) ) ;
#1819 = EDGE_LOOP ( 'NONE', ( #709, #708, #707, #706 ) ) ;
#1820 = EDGE_LOOP ( 'NONE', ( #665, #664, #663, #662 ) ) ;
#1821 = EDGE_LOOP ( 'NONE', ( #713, #712, #711, #710 ) ) ;
#1822 = EDGE_LOOP ( 'NONE', ( #756, #750, #753, #754 ) ) ;
#1823 = EDGE_LOOP ( 'NONE', ( #743, #742, #741, #757 ) ) ;
#1824 = EDGE_LOOP ( 'NONE', ( #748, #755, #764, #761 ) ) ;
#1825 = EDGE_LOOP ( 'NONE', ( #717, #716, #715, #714 ) ) ;
#1826 = EDGE_LOOP ( 'NONE', ( #734, #732, #731, #730 ) ) ;
#1827 = EDGE_LOOP ( 'NONE', ( #697, #696, #695, #694 ) ) ;
#1828 = EDGE_LOOP ( 'NONE', ( #677, #676, #675, #674 ) ) ;
#1829 = EDGE_LOOP ( 'NONE', ( #747, #746, #745, #744 ) ) ;
#1830 = EDGE_LOOP ( 'NONE', ( #772, #752, #758, #771 ) ) ;
#1831 = EDGE_LOOP ( 'NONE', ( #673, #672, #671, #670 ) ) ;
#1832 = EDGE_LOOP ( 'NONE', ( #4567, #4595 ) ) ;
#1833 = EDGE_LOOP ( 'NONE', ( #751, #733, #749, #736 ) ) ;
#1834 = EDGE_LOOP ( 'NONE', ( #701, #700, #699, #698 ) ) ;
#1835 = EDGE_LOOP ( 'NONE', ( #693, #692, #691, #690 ) ) ;
#1836 = EDGE_LOOP ( 'NONE', ( #669, #668, #667, #666 ) ) ;
#1837 = EDGE_LOOP ( 'NONE', ( #639, #638, #637, #636 ) ) ;
#1838 = EDGE_LOOP ( 'NONE', ( #681, #680, #679, #678 ) ) ;
#1839 = EDGE_LOOP ( 'NONE', ( #729, #728, #727, #726 ) ) ;
#1840 = EDGE_LOOP ( 'NONE', ( #689, #688, #687, #686, #685, #684, #683, #682 ) ) ;
#1841 = EDGE_LOOP ( 'NONE', ( #657, #656, #655, #654 ) ) ;
#1842 = EDGE_LOOP ( 'NONE', ( #4570, #4566 ) ) ;
#1843 = EDGE_LOOP ( 'NONE', ( #725, #724, #723, #722 ) ) ;
#1844 = EDGE_LOOP ( 'NONE', ( #705, #704, #703, #702 ) ) ;
#1845 = EDGE_LOOP ( 'NONE', ( #721, #720, #719, #718 ) ) ;
#1846 = EDGE_LOOP ( 'NONE', ( #661, #660, #659, #658 ) ) ;
#1847 = ORIENTED_EDGE ( 'NONE', *, *, #1340, .T. ) ;
#1848 = ADVANCED_FACE ( 'NONE', ( #3470 ), #3771, .T. ) ;
#1849 = ADVANCED_FACE ( 'NONE', ( #3473 ), #3477, .T. ) ;
#1850 = ADVANCED_FACE ( 'NONE', ( #3390 ), #3475, .T. ) ;
#1851 = ADVANCED_FACE ( 'NONE', ( #3478 ), #3783, .T. ) ;
#1852 = ADVANCED_FACE ( 'NONE', ( #3479 ), #3481, .T. ) ;
#1853 = ADVANCED_FACE ( 'NONE', ( #3472 ), #3483, .T. ) ;
#1854 = ADVANCED_FACE ( 'NONE', ( #3480 ), #3485, .T. ) ;
#1855 = ADVANCED_FACE ( 'NONE', ( #3482 ), #3487, .T. ) ;
#1856 = ADVANCED_FACE ( 'NONE', ( #3484 ), #3489, .T. ) ;
#1857 = ADVANCED_FACE ( 'NONE', ( #3486 ), #3491, .T. ) ;
#1858 = ADVANCED_FACE ( 'NONE', ( #3488 ), #3805, .F. ) ;
#1859 = ADVANCED_FACE ( 'NONE', ( #3474 ), #3804, .F. ) ;
#1860 = ADVANCED_FACE ( 'NONE', ( #3492, #3494 ), #3814, .T. ) ;
#1861 = ADVANCED_FACE ( 'NONE', ( #3493 ), #3497, .T. ) ;
#1862 = ADVANCED_FACE ( 'NONE', ( #3476 ), #3499, .F. ) ;
#1863 = ADVANCED_FACE ( 'NONE', ( #3496, #3500 ), #3824, .T. ) ;
#1864 = ADVANCED_FACE ( 'NONE', ( #3501 ), #3509, .T. ) ;
#1865 = ADVANCED_FACE ( 'NONE', ( #3506 ), #3514, .F. ) ;
#1866 = ADVANCED_FACE ( 'NONE', ( #3511, #3515 ), #3855, .T. ) ;
#1867 = ADVANCED_FACE ( 'NONE', ( #3516 ), #3524, .T. ) ;
#1868 = ADVANCED_FACE ( 'NONE', ( #3521 ), #3529, .F. ) ;
#1869 = ADVANCED_FACE ( 'NONE', ( #3526 ), #3534, .T. ) ;
#1870 = ADVANCED_FACE ( 'NONE', ( #3531 ), #3539, .F. ) ;
#1871 = ADVANCED_FACE ( 'NONE', ( #3536 ), #3546, .T. ) ;
#1872 = ADVANCED_FACE ( 'NONE', ( #3541 ), #3542, .F. ) ;
#1873 = ADVANCED_FACE ( 'NONE', ( #3545 ), #3548, .F. ) ;
#1874 = ADVANCED_FACE ( 'NONE', ( #3543 ), #3540, .T. ) ;
#1875 = ADVANCED_FACE ( 'NONE', ( #3550 ), #3549, .T. ) ;
#1876 = ADVANCED_FACE ( 'NONE', ( #3552 ), #3551, .T. ) ;
#1877 = ADVANCED_FACE ( 'NONE', ( #3554 ), #3553, .T. ) ;
#1878 = ADVANCED_FACE ( 'NONE', ( #3556 ), #3555, .T. ) ;
#1879 = ADVANCED_FACE ( 'NONE', ( #3558 ), #3557, .F. ) ;
#1880 = ADVANCED_FACE ( 'NONE', ( #3560 ), #3559, .F. ) ;
#1881 = ADVANCED_FACE ( 'NONE', ( #3562 ), #3561, .F. ) ;
#1882 = ADVANCED_FACE ( 'NONE', ( #3564 ), #3563, .F. ) ;
#1883 = ADVANCED_FACE ( 'NONE', ( #3566 ), #3568, .T. ) ;
#1884 = ADVANCED_FACE ( 'NONE', ( #3544 ), #3570, .T. ) ;
#1885 = ADVANCED_FACE ( 'NONE', ( #3567 ), #3572, .T. ) ;
#1886 = ADVANCED_FACE ( 'NONE', ( #3569 ), #3565, .T. ) ;
#1887 = ADVANCED_FACE ( 'NONE', ( #3574 ), #3573, .T. ) ;
#1888 = ADVANCED_FACE ( 'NONE', ( #3576 ), #3578, .F. ) ;
#1889 = ADVANCED_FACE ( 'NONE', ( #3571 ), #3575, .T. ) ;
#1890 = ADVANCED_FACE ( 'NONE', ( #3580 ), #3579, .T. ) ;
#1891 = ADVANCED_FACE ( 'NONE', ( #3582 ), #3584, .F. ) ;
#1892 = ADVANCED_FACE ( 'NONE', ( #3577 ), #3581, .T. ) ;
#1893 = ADVANCED_FACE ( 'NONE', ( #3586 ), #3588, .F. ) ;
#1894 = ADVANCED_FACE ( 'NONE', ( #3547 ), #3593, .T. ) ;
#1895 = ADVANCED_FACE ( 'NONE', ( #3590 ), #3589, .T. ) ;
#1896 = ADVANCED_FACE ( 'NONE', ( #3595 ), #3594, .T. ) ;
#1897 = ADVANCED_FACE ( 'NONE', ( #3597 ), #3599, .T. ) ;
#1898 = ADVANCED_FACE ( 'NONE', ( #3592 ), #3601, .F. ) ;
#1899 = ADVANCED_FACE ( 'NONE', ( #3598 ), #4004, .F. ) ;
#1900 = ADVANCED_FACE ( 'NONE', ( #3596 ), #3604, .T. ) ;
#1901 = ADVANCED_FACE ( 'NONE', ( #3591 ), #4011, .F. ) ;
#1902 = ADVANCED_FACE ( 'NONE', ( #3602 ), #3607, .F. ) ;
#1903 = ADVANCED_FACE ( 'NONE', ( #3600 ), #4018, .F. ) ;
#1904 = ADVANCED_FACE ( 'NONE', ( #3605 ), #3610, .F. ) ;
#1905 = ADVANCED_FACE ( 'NONE', ( #3603 ), #3612, .T. ) ;
#1906 = ADVANCED_FACE ( 'NONE', ( #3609 ), #3614, .F. ) ;
#1907 = ADVANCED_FACE ( 'NONE', ( #3611 ), #3616, .F. ) ;
#1908 = ADVANCED_FACE ( 'NONE', ( #3613, #3617 ), #4035, .T. ) ;
#1909 = ADVANCED_FACE ( 'NONE', ( #3618 ), #3623, .F. ) ;
#1910 = ADVANCED_FACE ( 'NONE', ( #3620 ), #3625, .F. ) ;
#1911 = ADVANCED_FACE ( 'NONE', ( #3622 ), #3627, .T. ) ;
#1912 = ADVANCED_FACE ( 'NONE', ( #3624 ), #3629, .T. ) ;
#1913 = ADVANCED_FACE ( 'NONE', ( #3626 ), #4057, .F. ) ;
#1914 = ADVANCED_FACE ( 'NONE', ( #3621 ), #3632, .F. ) ;
#1915 = ADVANCED_FACE ( 'NONE', ( #3619 ), #3634, .F. ) ;
#1916 = ADVANCED_FACE ( 'NONE', ( #3631 ), #4067, .F. ) ;
#1917 = ADVANCED_FACE ( 'NONE', ( #3630 ), #3637, .F. ) ;
#1918 = ADVANCED_FACE ( 'NONE', ( #3628, #3638 ), #4075, .F. ) ;
#1919 = ADVANCED_FACE ( 'NONE', ( #3635 ), #3644, .F. ) ;
#1920 = ADVANCED_FACE ( 'NONE', ( #3641, #3645, #3642, #3640 ), #4087, .F. ) ;
#1921 = ADVANCED_FACE ( 'NONE', ( #3643 ), #3650, .T. ) ;
#1922 = ADVANCED_FACE ( 'NONE', ( #3647, #3651, #3646, #3648 ), #4094, .T. ) ;
#1923 = ADVANCED_FACE ( 'NONE', ( #3649, #3655 ), #4100, .F. ) ;
#1924 = ADVANCED_FACE ( 'NONE', ( #3656 ), #4099, .F. ) ;
#1925 = ADVANCED_FACE ( 'NONE', ( #3659 ), #3665, .T. ) ;
#1926 = ADVANCED_FACE ( 'NONE', ( #3662 ), #3670, .F. ) ;
#1927 = ADVANCED_FACE ( 'NONE', ( #3667, #3671 ), #4135, .T. ) ;
#1928 = ADVANCED_FACE ( 'NONE', ( #3672 ), #3677, .T. ) ;
#1929 = ADVANCED_FACE ( 'NONE', ( #3674 ), #4148, .F. ) ;
#1930 = ADVANCED_FACE ( 'NONE', ( #3675 ), #4147, .F. ) ;
#1931 = ADVANCED_FACE ( 'NONE', ( #3678 ), #4152, .F. ) ;
#1932 = ADVANCED_FACE ( 'NONE', ( #3679 ), #3685, .F. ) ;
#1933 = ADVANCED_FACE ( 'NONE', ( #3682 ), #3690, .T. ) ;
#1934 = ADVANCED_FACE ( 'NONE', ( #3687 ), #3695, .T. ) ;
#1935 = ADVANCED_FACE ( 'NONE', ( #3692 ), #4190, .F. ) ;
#1936 = ADVANCED_FACE ( 'NONE', ( #3691 ), #4189, .F. ) ;
#1937 = ADVANCED_FACE ( 'NONE', ( #3696 ), #4194, .F. ) ;
#1938 = ADVANCED_FACE ( 'NONE', ( #2870 ), #4198, .F. ) ;
#1939 = ADVANCED_FACE ( 'NONE', ( #2129 ), #4202, .T. ) ;
#1940 = ADVANCED_FACE ( 'NONE', ( #3694 ), #4240, .T. ) ;
#1941 = ADVANCED_FACE ( 'NONE', ( #4237 ), #4242, .F. ) ;
#1942 = ADVANCED_FACE ( 'NONE', ( #4239 ), #4244, .F. ) ;
#1943 = ADVANCED_FACE ( 'NONE', ( #4241 ), #4246, .T. ) ;
#1944 = ADVANCED_FACE ( 'NONE', ( #4243 ), #4248, .T. ) ;
#1945 = ADVANCED_FACE ( 'NONE', ( #4245 ), #4250, .F. ) ;
#1946 = ADVANCED_FACE ( 'NONE', ( #4247 ), #4252, .T. ) ;
#1947 = ADVANCED_FACE ( 'NONE', ( #4249 ), #4231, .F. ) ;
#1948 = ADVANCED_FACE ( 'NONE', ( #3693 ), #4230, .F. ) ;
#1949 = ADVANCED_FACE ( 'NONE', ( #4253 ), #4256, .T. ) ;
#1950 = ADVANCED_FACE ( 'NONE', ( #4251 ), #4336, .F. ) ;
#1951 = ADVANCED_FACE ( 'NONE', ( #4254 ), #4259, .T. ) ;
#1952 = ADVANCED_FACE ( 'NONE', ( #4238, #4260 ), #4343, .T. ) ;
#1953 = ADVANCED_FACE ( 'NONE', ( #4261, #4265 ), #4355, .T. ) ;
#1954 = ADVANCED_FACE ( 'NONE', ( #4264 ), #4268, .F. ) ;
#1955 = ADVANCED_FACE ( 'NONE', ( #4262 ), #4270, .F. ) ;
#1956 = ADVANCED_FACE ( 'NONE', ( #4267 ), #4266, .T. ) ;
#1957 = ADVANCED_FACE ( 'NONE', ( #4272 ), #4276, .F. ) ;
#1958 = ADVANCED_FACE ( 'NONE', ( #4273 ), #4278, .T. ) ;
#1959 = ORIENTED_EDGE ( 'NONE', *, *, #1351, .T. ) ;
#1960 = ORIENTED_EDGE ( 'NONE', *, *, #1342, .T. ) ;
#1961 = ORIENTED_EDGE ( 'NONE', *, *, #1347, .F. ) ;
#1962 = ORIENTED_EDGE ( 'NONE', *, *, #1345, .F. ) ;
#1963 = ORIENTED_EDGE ( 'NONE', *, *, #1346, .F. ) ;
#1964 = ORIENTED_EDGE ( 'NONE', *, *, #1343, .F. ) ;
#1965 = ORIENTED_EDGE ( 'NONE', *, *, #1356, .T. ) ;
#1966 = ORIENTED_EDGE ( 'NONE', *, *, #1341, .T. ) ;
#1967 = ORIENTED_EDGE ( 'NONE', *, *, #1352, .T. ) ;
#1968 = ORIENTED_EDGE ( 'NONE', *, *, #1339, .T. ) ;
#1969 = ORIENTED_EDGE ( 'NONE', *, *, #1094, .T. ) ;
#1970 = ORIENTED_EDGE ( 'NONE', *, *, #1354, .F. ) ;
#1971 = ORIENTED_EDGE ( 'NONE', *, *, #1357, .F. ) ;
#1972 = ORIENTED_EDGE ( 'NONE', *, *, #1102, .F. ) ;
#1973 = ORIENTED_EDGE ( 'NONE', *, *, #1353, .T. ) ;
#1974 = ORIENTED_EDGE ( 'NONE', *, *, #1359, .F. ) ;
#1975 = ORIENTED_EDGE ( 'NONE', *, *, #1350, .T. ) ;
#1976 = ORIENTED_EDGE ( 'NONE', *, *, #1358, .F. ) ;
#1977 = ORIENTED_EDGE ( 'NONE', *, *, #1348, .F. ) ;
#1978 = ORIENTED_EDGE ( 'NONE', *, *, #1079, .T. ) ;
#1979 = ORIENTED_EDGE ( 'NONE', *, *, #1344, .T. ) ;
#1980 = ORIENTED_EDGE ( 'NONE', *, *, #1349, .F. ) ;
#1981 = ORIENTED_EDGE ( 'NONE', *, *, #1098, .F. ) ;
#1982 = ORIENTED_EDGE ( 'NONE', *, *, #1090, .F. ) ;
#1983 = ORIENTED_EDGE ( 'NONE', *, *, #1355, .F. ) ;
#1984 = EDGE_LOOP ( 'NONE', ( #4491, #4493, #4494, #4483 ) ) ;
#1985 = EDGE_LOOP ( 'NONE', ( #4545, #4560, #4556, #4548 ) ) ;
#1986 = VERTEX_POINT ( 'NONE', #4380 ) ;
#1987 = VERTEX_POINT ( 'NONE', #4381 ) ;
#1988 = VERTEX_POINT ( 'NONE', #4378 ) ;
#1989 = VERTEX_POINT ( 'NONE', #4382 ) ;
#1990 = VERTEX_POINT ( 'NONE', #4384 ) ;
#1991 = VERTEX_POINT ( 'NONE', #4383 ) ;
#1992 = VERTEX_POINT ( 'NONE', #4385 ) ;
#1993 = VERTEX_POINT ( 'NONE', #4379 ) ;
#1994 = VERTEX_POINT ( 'NONE', #4386 ) ;
#1995 = VERTEX_POINT ( 'NONE', #4387 ) ;
#1996 = VERTEX_POINT ( 'NONE', #4388 ) ;
#1997 = VERTEX_POINT ( 'NONE', #4389 ) ;
#1998 = VERTEX_POINT ( 'NONE', #4390 ) ;
#1999 = VERTEX_POINT ( 'NONE', #4391 ) ;
#2000 = VERTEX_POINT ( 'NONE', #4392 ) ;
#2001 = VERTEX_POINT ( 'NONE', #4393 ) ;
#2002 = VERTEX_POINT ( 'NONE', #4394 ) ;
#2003 = VERTEX_POINT ( 'NONE', #4395 ) ;
#2004 = VERTEX_POINT ( 'NONE', #4396 ) ;
#2005 = VERTEX_POINT ( 'NONE', #4397 ) ;
#2006 = VERTEX_POINT ( 'NONE', #4398 ) ;
#2007 = VERTEX_POINT ( 'NONE', #4399 ) ;
#2008 = VERTEX_POINT ( 'NONE', #4400 ) ;
#2009 = VERTEX_POINT ( 'NONE', #4401 ) ;
#2010 = VERTEX_POINT ( 'NONE', #4402 ) ;
#2011 = VERTEX_POINT ( 'NONE', #4403 ) ;
#2012 = VERTEX_POINT ( 'NONE', #4404 ) ;
#2013 = VERTEX_POINT ( 'NONE', #4405 ) ;
#2014 = VERTEX_POINT ( 'NONE', #4406 ) ;
#2015 = VERTEX_POINT ( 'NONE', #4407 ) ;
#2016 = VERTEX_POINT ( 'NONE', #4408 ) ;
#2017 = VERTEX_POINT ( 'NONE', #4409 ) ;
#2018 = VERTEX_POINT ( 'NONE', #4410 ) ;
#2019 = VERTEX_POINT ( 'NONE', #4411 ) ;
#2020 = VERTEX_POINT ( 'NONE', #4412 ) ;
#2021 = VERTEX_POINT ( 'NONE', #4413 ) ;
#2022 = VERTEX_POINT ( 'NONE', #4414 ) ;
#2023 = VERTEX_POINT ( 'NONE', #4415 ) ;
#2024 = VERTEX_POINT ( 'NONE', #4416 ) ;
#2025 = VERTEX_POINT ( 'NONE', #4417 ) ;
#2026 = VERTEX_POINT ( 'NONE', #4418 ) ;
#2027 = VERTEX_POINT ( 'NONE', #4419 ) ;
#2028 = VERTEX_POINT ( 'NONE', #4420 ) ;
#2029 = VERTEX_POINT ( 'NONE', #4421 ) ;
#2030 = VERTEX_POINT ( 'NONE', #4422 ) ;
#2031 = VERTEX_POINT ( 'NONE', #4423 ) ;
#2032 = CIRCLE ( 'NONE', #1367, 21.00000000000000000 ) ;
#2033 = CIRCLE ( 'NONE', #1366, 24.80000000000000100 ) ;
#2034 = CIRCLE ( 'NONE', #1368, 0.5000000000000004400 ) ;
#2035 = LINE ( 'NONE', #2132, #2036 ) ;
#2036 = VECTOR ( 'NONE', #2133, 999.9999999999998900 ) ;
#2037 = CIRCLE ( 'NONE', #1369, 23.00000000000000000 ) ;
#2038 = CIRCLE ( 'NONE', #1370, 21.19999999999996700 ) ;
#2039 = LINE ( 'NONE', #2147, #2042 ) ;
#2040 = LINE ( 'NONE', #2146, #2044 ) ;
#2041 = LINE ( 'NONE', #2135, #2046 ) ;
#2042 = VECTOR ( 'NONE', #2136, 1000.000000000000100 ) ;
#2043 = CIRCLE ( 'NONE', #1371, 0.1999999999999987900 ) ;
#2044 = VECTOR ( 'NONE', #2151, 999.9999999999998900 ) ;
#2045 = FACE_OUTER_BOUND ( 'NONE', #1839, .T. ) ;
#2046 = VECTOR ( 'NONE', #2153, 1000.000000000000100 ) ;
#2047 = SURFACE_STYLE_FILL_AREA ( #2160 ) ;
#2048 = COLOUR_RGB ( '',0.8980392156862745400, 0.8980392156862745400, 0.8980392156862745400 ) ;
#2049 = PRESENTATION_STYLE_ASSIGNMENT (( #2162 ) ) ;
#2050 = COLOUR_RGB ( '',0.8980392156862745400, 0.8980392156862745400, 0.8980392156862745400 ) ;
#2051 = FACE_OUTER_BOUND ( 'NONE', #1821, .T. ) ;
#2052 = PRESENTATION_STYLE_ASSIGNMENT (( #2178 ) ) ;
#2053 = FACE_OUTER_BOUND ( 'NONE', #1819, .T. ) ;
#2054 = CYLINDRICAL_SURFACE ( 'NONE', #1378, 16.05000000000000100 ) ;
#2055 = FACE_OUTER_BOUND ( 'NONE', #1834, .T. ) ;
#2056 = CYLINDRICAL_SURFACE ( 'NONE', #1379, 28.75000000000000000 ) ;
#2057 = SURFACE_STYLE_FILL_AREA ( #2176 ) ;
#2058 = CYLINDRICAL_SURFACE ( 'NONE', #1380, 2.500000000000000400 ) ;
#2059 = TOROIDAL_SURFACE ( 'NONE', #1385, 25.30000000000000100, 0.5000000000000000000 ) ;
#2060 = FACE_OUTER_BOUND ( 'NONE', #1829, .T. ) ;
#2061 = FACE_OUTER_BOUND ( 'NONE', #1844, .T. ) ;
#2062 = COLOUR_RGB ( '',0.8980392156862745400, 0.8980392156862745400, 0.8980392156862745400 ) ;
#2063 = SURFACE_STYLE_FILL_AREA ( #2189 ) ;
#2064 = PRESENTATION_STYLE_ASSIGNMENT (( #2191 ) ) ;
#2065 = CONICAL_SURFACE ( 'NONE', #1383, 12.50000000000000000, 0.7853981633974465000 ) ;
#2066 = COLOUR_RGB ( '',0.8980392156862745400, 0.8980392156862745400, 0.8980392156862745400 ) ;
#2067 = FACE_OUTER_BOUND ( 'NONE', #1843, .T. ) ;
#2068 = PRESENTATION_STYLE_ASSIGNMENT (( #2201 ) ) ;
#2069 = SURFACE_STYLE_FILL_AREA ( #2199 ) ;
#2070 = CONICAL_SURFACE ( 'NONE', #1389, 15.50000000000002800, 0.7853981633974345100 ) ;
#2071 = COLOUR_RGB ( '',0.8980392156862745400, 0.8980392156862745400, 0.8980392156862745400 ) ;
#2072 = FACE_OUTER_BOUND ( 'NONE', #1824, .T. ) ;
#2073 = PRESENTATION_STYLE_ASSIGNMENT (( #2211 ) ) ;
#2074 = SURFACE_STYLE_FILL_AREA ( #2209 ) ;
#2075 = CYLINDRICAL_SURFACE ( 'NONE', #1396, 21.00000000000000000 ) ;
#2076 = COLOUR_RGB ( '',0.8980392156862745400, 0.8980392156862745400, 0.8980392156862745400 ) ;
#2077 = FACE_OUTER_BOUND ( 'NONE', #1833, .T. ) ;
#2078 = PRESENTATION_STYLE_ASSIGNMENT (( #2221 ) ) ;
#2079 = SURFACE_STYLE_FILL_AREA ( #2219 ) ;
#2080 = CONICAL_SURFACE ( 'NONE', #1399, 21.00000000000000000, 0.7853981633974482800 ) ;
#2081 = TOROIDAL_SURFACE ( 'NONE', #1406, 28.94999999999999900, 0.2000000000000000100 ) ;
#2082 = FACE_OUTER_BOUND ( 'NONE', #1822, .T. ) ;
#2083 = FACE_OUTER_BOUND ( 'NONE', #1826, .T. ) ;
#2084 = COLOUR_RGB ( '',0.8980392156862745400, 0.8980392156862745400, 0.8980392156862745400 ) ;
#2085 = SURFACE_STYLE_FILL_AREA ( #2232 ) ;
#2086 = PRESENTATION_STYLE_ASSIGNMENT (( #2234 ) ) ;
#2087 = CONICAL_SURFACE ( 'NONE', #1404, 15.55000000000003600, 0.7853981633974482800 ) ;
#2088 = COLOUR_RGB ( '',0.8980392156862745400, 0.8980392156862745400, 0.8980392156862745400 ) ;
#2089 = FACE_OUTER_BOUND ( 'NONE', #1845, .T. ) ;
#2090 = PRESENTATION_STYLE_ASSIGNMENT (( #2244 ) ) ;
#2091 = SURFACE_STYLE_FILL_AREA ( #2242 ) ;
#2092 = CONICAL_SURFACE ( 'NONE', #1410, 12.50000000000000000, 0.7853981633974569400 ) ;
#2093 = COLOUR_RGB ( '',0.8980392156862745400, 0.8980392156862745400, 0.8980392156862745400 ) ;
#2094 = FACE_OUTER_BOUND ( 'NONE', #1827, .T. ) ;
#2095 = PRESENTATION_STYLE_ASSIGNMENT (( #2254 ) ) ;
#2096 = SURFACE_STYLE_FILL_AREA ( #2252 ) ;
#2097 = CYLINDRICAL_SURFACE ( 'NONE', #1417, 23.00000000000000000 ) ;
#2098 = COLOUR_RGB ( '',0.8980392156862745400, 0.8980392156862745400, 0.8980392156862745400 ) ;
#2099 = FACE_OUTER_BOUND ( 'NONE', #1823, .T. ) ;
#2100 = PRESENTATION_STYLE_ASSIGNMENT (( #2264 ) ) ;
#2101 = SURFACE_STYLE_FILL_AREA ( #2262 ) ;
#2102 = CYLINDRICAL_SURFACE ( 'NONE', #1422, 16.00000000000000000 ) ;
#2103 = TOROIDAL_SURFACE ( 'NONE', #1427, 28.25000000000000000, 0.5000000000000000000 ) ;
#2104 = FACE_OUTER_BOUND ( 'NONE', #1830, .T. ) ;
#2105 = FACE_OUTER_BOUND ( 'NONE', #1825, .T. ) ;
#2106 = COLOUR_RGB ( '',0.8980392156862745400, 0.8980392156862745400, 0.8980392156862745400 ) ;
#2107 = FACE_OUTER_BOUND ( 'NONE', #1835, .T. ) ;
#2108 = PRESENTATION_STYLE_ASSIGNMENT (( #2280 ) ) ;
#2109 = CONICAL_SURFACE ( 'NONE', #1425, 22.80000000000001500, 0.7853981633974396200 ) ;
#2110 = SURFACE_STYLE_FILL_AREA ( #2278 ) ;
#2111 = CYLINDRICAL_SURFACE ( 'NONE', #1429, 24.80000000000000100 ) ;
#2112 = FACE_OUTER_BOUND ( 'NONE', #1720, .T. ) ;
#2113 = FACE_OUTER_BOUND ( 'NONE', #1716, .T. ) ;
#2114 = LINE ( 'NONE', #2462, #4565 ) ;
#2115 = FACE_OUTER_BOUND ( 'NONE', #1718, .T. ) ;
#2116 = CYLINDRICAL_SURFACE ( 'NONE', #1432, 20.99999999999999600 ) ;
#2117 = FACE_OUTER_BOUND ( 'NONE', #1721, .T. ) ;
#2118 = CYLINDRICAL_SURFACE ( 'NONE', #1433, 24.64999999999999900 ) ;
#2119 = FACE_OUTER_BOUND ( 'NONE', #1715, .T. ) ;
#2120 = LINE ( 'NONE', #2457, #2123 ) ;
#2121 = CIRCLE ( 'NONE', #1442, 16.05000000000000100 ) ;
#2122 = CYLINDRICAL_SURFACE ( 'NONE', #1437, 24.64999999999999900 ) ;
#2123 = VECTOR ( 'NONE', #2447, 1000.000000000000100 ) ;
#2124 = CIRCLE ( 'NONE', #1441, 15.55000000000003600 ) ;
#2125 = CIRCLE ( 'NONE', #1435, 28.25000000000000000 ) ;
#2126 = CIRCLE ( 'NONE', #1440, 0.5000000000000004400 ) ;
#2127 = CIRCLE ( 'NONE', #1439, 25.30000000000000100 ) ;
#2128 = LINE ( 'NONE', #238, #2874 ) ;
#2129 = FACE_OUTER_BOUND ( 'NONE', #1678, .T. ) ;
#2130 = DIRECTION ( 'NONE',  ( 0.0000000000000000000, 1.000000000000000000, 0.0000000000000000000 ) ) ;
#2131 = CARTESIAN_POINT ( 'NONE',  ( 0.0000000000000000000, 15.50000000000000000, 0.0000000000000000000 ) ) ;
#2132 = CARTESIAN_POINT ( 'NONE',  ( 2.792194702055966400E-015, 14.69999999999999900, 22.80000000000001500 ) ) ;
#2133 = DIRECTION ( 'NONE',  ( 8.659560562354857700E-017, -0.7071067811865536800, 0.7071067811865414700 ) ) ;
#2134 = DIRECTION ( 'NONE',  ( 0.0000000000000000000, 0.0000000000000000000, 1.000000000000000000 ) ) ;
#2135 = CARTESIAN_POINT ( 'NONE',  ( 2.571758278209441700E-015, 14.50000000000003200, -21.00000000000000000 ) ) ;
#2136 = DIRECTION ( 'NONE',  ( 0.0000000000000000000, 0.7071067811865474600, 0.7071067811865474600 ) ) ;
#2137 = CARTESIAN_POINT ( 'NONE',  ( 0.0000000000000000000, 14.50000000000003200, 0.0000000000000000000 ) ) ;
#2138 = DIRECTION ( 'NONE',  ( 0.0000000000000000000, 1.000000000000000000, 0.0000000000000000000 ) ) ;
#2139 = DIRECTION ( 'NONE',  ( 0.0000000000000000000, 0.0000000000000000000, 1.000000000000000000 ) ) ;
#2140 = CARTESIAN_POINT ( 'NONE',  ( 0.0000000000000000000, 15.50000000000000000, 25.30000000000000100 ) ) ;
#2141 = DIRECTION ( 'NONE',  ( -1.000000000000000000, 0.0000000000000000000, 0.0000000000000000000 ) ) ;
#2142 = DIRECTION ( 'NONE',  ( 0.0000000000000000000, 0.0000000000000000000, 1.000000000000000000 ) ) ;
#2143 = CARTESIAN_POINT ( 'NONE',  ( 0.0000000000000000000, 14.50000000000001100, 0.0000000000000000000 ) ) ;
#2144 = DIRECTION ( 'NONE',  ( 0.0000000000000000000, -1.000000000000000000, 0.0000000000000000000 ) ) ;
#2145 = DIRECTION ( 'NONE',  ( 0.0000000000000000000, 0.0000000000000000000, 1.000000000000000000 ) ) ;
#2146 = CARTESIAN_POINT ( 'NONE',  ( 0.0000000000000000000, 14.69999999999999900, -22.80000000000001500 ) ) ;
#2147 = CARTESIAN_POINT ( 'NONE',  ( 0.0000000000000000000, 14.50000000000003200, 21.00000000000000000 ) ) ;
#2148 = CARTESIAN_POINT ( 'NONE',  ( 0.0000000000000000000, 14.69999999999999900, 0.0000000000000000000 ) ) ;
#2149 = DIRECTION ( 'NONE',  ( -0.0000000000000000000, -1.000000000000000000, -0.0000000000000000000 ) ) ;
#2150 = DIRECTION ( 'NONE',  ( 0.0000000000000000000, 0.0000000000000000000, 1.000000000000000000 ) ) ;
#2151 = DIRECTION ( 'NONE',  ( 0.0000000000000000000, -0.7071067811865536800, -0.7071067811865414700 ) ) ;
#2152 = DIRECTION ( 'NONE',  ( -0.0000000000000000000, -1.000000000000000000, -0.0000000000000000000 ) ) ;
#2153 = DIRECTION ( 'NONE',  ( 8.659560562354932900E-017, 0.7071067811865474600, -0.7071067811865474600 ) ) ;
#2154 = DIRECTION ( 'NONE',  ( 0.0000000000000000000, 0.0000000000000000000, -1.000000000000000000 ) ) ;
#2155 = CARTESIAN_POINT ( 'NONE',  ( 0.0000000000000000000, 24.00000000000000000, 0.0000000000000000000 ) ) ;
#2156 = FILL_AREA_STYLE_COLOUR ( '', #2048 ) ;
#2157 = CARTESIAN_POINT ( 'NONE',  ( 0.0000000000000000000, 8.200000000000001100, -28.94999999999999900 ) ) ;
#2158 = DIRECTION ( 'NONE',  ( -1.000000000000000000, -0.0000000000000000000, -0.0000000000000000000 ) ) ;
#2159 = DIRECTION ( 'NONE',  ( 0.0000000000000000000, 0.0000000000000000000, 1.000000000000000000 ) ) ;
#2160 = FILL_AREA_STYLE ('',( #2156 ) ) ;
#2161 = SURFACE_SIDE_STYLE ('',( #2047 ) ) ;
#2162 = SURFACE_STYLE_USAGE ( .BOTH. , #2161 ) ;
#2163 =( LENGTH_UNIT ( ) NAMED_UNIT ( * ) SI_UNIT ( .MILLI., .METRE. ) );
#2164 =( NAMED_UNIT ( * ) PLANE_ANGLE_UNIT ( ) SI_UNIT ( $, .RADIAN. ) );
#2165 =( NAMED_UNIT ( * ) SI_UNIT ( $, .STERADIAN. ) SOLID_ANGLE_UNIT ( ) );
#2166 = DIRECTION ( 'NONE',  ( 0.0000000000000000000, 0.0000000000000000000, -1.000000000000000000 ) ) ;
#2167 = CARTESIAN_POINT ( 'NONE',  ( 0.0000000000000000000, 16.00000000000000000, 0.0000000000000000000 ) ) ;
#2168 = DIRECTION ( 'NONE',  ( -0.0000000000000000000, -1.000000000000000000, -0.0000000000000000000 ) ) ;
#2169 = DIRECTION ( 'NONE',  ( 0.0000000000000000000, 0.0000000000000000000, -1.000000000000000000 ) ) ;
#2170 = CARTESIAN_POINT ( 'NONE',  ( 21.33440870011777000, 2.000000000000000000, 15.58776191963137800 ) ) ;
#2171 = DIRECTION ( 'NONE',  ( 0.0000000000000000000, -1.000000000000000000, 0.0000000000000000000 ) ) ;
#2172 = FILL_AREA_STYLE_COLOUR ( '', #2050 ) ;
#2173 = CARTESIAN_POINT ( 'NONE',  ( 0.0000000000000000000, 1.000000000000026900, 0.0000000000000000000 ) ) ;
#2174 = DIRECTION ( 'NONE',  ( 0.0000000000000000000, -1.000000000000000000, 0.0000000000000000000 ) ) ;
#2175 = DIRECTION ( 'NONE',  ( 0.0000000000000000000, 1.000000000000000000, 0.0000000000000000000 ) ) ;
#2176 = FILL_AREA_STYLE ('',( #2172 ) ) ;
#2177 = SURFACE_SIDE_STYLE ('',( #2057 ) ) ;
#2178 = SURFACE_STYLE_USAGE ( .BOTH. , #2177 ) ;
#2179 =( LENGTH_UNIT ( ) NAMED_UNIT ( * ) SI_UNIT ( .MILLI., .METRE. ) );
#2180 =( NAMED_UNIT ( * ) PLANE_ANGLE_UNIT ( ) SI_UNIT ( $, .RADIAN. ) );
#2181 =( NAMED_UNIT ( * ) SI_UNIT ( $, .STERADIAN. ) SOLID_ANGLE_UNIT ( ) );
#2182 = DIRECTION ( 'NONE',  ( 0.0000000000000000000, 0.0000000000000000000, -1.000000000000000000 ) ) ;
#2183 = CARTESIAN_POINT ( 'NONE',  ( 0.0000000000000000000, 15.50000000000000000, 0.0000000000000000000 ) ) ;
#2184 = FILL_AREA_STYLE_COLOUR ( '', #2062 ) ;
#2185 = DIRECTION ( 'NONE',  ( 0.0000000000000000000, 0.0000000000000000000, 1.000000000000000000 ) ) ;
#2186 = CARTESIAN_POINT ( 'NONE',  ( 0.0000000000000000000, 0.5000000000000000000, 0.0000000000000000000 ) ) ;
#2187 = DIRECTION ( 'NONE',  ( 0.0000000000000000000, 1.000000000000000000, 0.0000000000000000000 ) ) ;
#2188 = FILL_AREA_STYLE_COLOUR ( '', #2066 ) ;
#2189 = FILL_AREA_STYLE ('',( #2184 ) ) ;
#2190 = SURFACE_SIDE_STYLE ('',( #2063 ) ) ;
#2191 = SURFACE_STYLE_USAGE ( .BOTH. , #2190 ) ;
#2192 =( LENGTH_UNIT ( ) NAMED_UNIT ( * ) SI_UNIT ( .MILLI., .METRE. ) );
#2193 =( NAMED_UNIT ( * ) PLANE_ANGLE_UNIT ( ) SI_UNIT ( $, .RADIAN. ) );
#2194 =( NAMED_UNIT ( * ) SI_UNIT ( $, .STERADIAN. ) SOLID_ANGLE_UNIT ( ) );
#2195 = DIRECTION ( 'NONE',  ( 0.0000000000000000000, 0.0000000000000000000, 1.000000000000000000 ) ) ;
#2196 = CARTESIAN_POINT ( 'NONE',  ( 0.0000000000000000000, 14.69999999999999900, 0.0000000000000000000 ) ) ;
#2197 = DIRECTION ( 'NONE',  ( -0.0000000000000000000, -1.000000000000000000, -0.0000000000000000000 ) ) ;
#2198 = FILL_AREA_STYLE_COLOUR ( '', #2071 ) ;
#2199 = FILL_AREA_STYLE ('',( #2188 ) ) ;
#2200 = SURFACE_SIDE_STYLE ('',( #2069 ) ) ;
#2201 = SURFACE_STYLE_USAGE ( .BOTH. , #2200 ) ;
#2202 =( LENGTH_UNIT ( ) NAMED_UNIT ( * ) SI_UNIT ( .MILLI., .METRE. ) );
#2203 =( NAMED_UNIT ( * ) PLANE_ANGLE_UNIT ( ) SI_UNIT ( $, .RADIAN. ) );
#2204 =( NAMED_UNIT ( * ) SI_UNIT ( $, .STERADIAN. ) SOLID_ANGLE_UNIT ( ) );
#2205 = DIRECTION ( 'NONE',  ( 0.0000000000000000000, 0.0000000000000000000, -1.000000000000000000 ) ) ;
#2206 = CARTESIAN_POINT ( 'NONE',  ( 0.0000000000000000000, 14.50000000000003200, 0.0000000000000000000 ) ) ;
#2207 = DIRECTION ( 'NONE',  ( 0.0000000000000000000, 1.000000000000000000, 0.0000000000000000000 ) ) ;
#2208 = FILL_AREA_STYLE_COLOUR ( '', #2076 ) ;
#2209 = FILL_AREA_STYLE ('',( #2198 ) ) ;
#2210 = SURFACE_SIDE_STYLE ('',( #2074 ) ) ;
#2211 = SURFACE_STYLE_USAGE ( .BOTH. , #2210 ) ;
#2212 =( LENGTH_UNIT ( ) NAMED_UNIT ( * ) SI_UNIT ( .MILLI., .METRE. ) );
#2213 =( NAMED_UNIT ( * ) PLANE_ANGLE_UNIT ( ) SI_UNIT ( $, .RADIAN. ) );
#2214 =( NAMED_UNIT ( * ) SI_UNIT ( $, .STERADIAN. ) SOLID_ANGLE_UNIT ( ) );
#2215 = DIRECTION ( 'NONE',  ( 0.0000000000000000000, 0.0000000000000000000, 1.000000000000000000 ) ) ;
#2216 = CARTESIAN_POINT ( 'NONE',  ( 0.0000000000000000000, 24.00000000000000000, 0.0000000000000000000 ) ) ;
#2217 = DIRECTION ( 'NONE',  ( 0.0000000000000000000, -1.000000000000000000, 0.0000000000000000000 ) ) ;
#2218 = DIRECTION ( 'NONE',  ( 0.0000000000000000000, -1.000000000000000000, 0.0000000000000000000 ) ) ;
#2219 = FILL_AREA_STYLE ('',( #2208 ) ) ;
#2220 = SURFACE_SIDE_STYLE ('',( #2079 ) ) ;
#2221 = SURFACE_STYLE_USAGE ( .BOTH. , #2220 ) ;
#2222 =( LENGTH_UNIT ( ) NAMED_UNIT ( * ) SI_UNIT ( .MILLI., .METRE. ) );
#2223 =( NAMED_UNIT ( * ) PLANE_ANGLE_UNIT ( ) SI_UNIT ( $, .RADIAN. ) );
#2224 =( NAMED_UNIT ( * ) SI_UNIT ( $, .STERADIAN. ) SOLID_ANGLE_UNIT ( ) );
#2225 = DIRECTION ( 'NONE',  ( 0.0000000000000000000, 0.0000000000000000000, -1.000000000000000000 ) ) ;
#2226 = CARTESIAN_POINT ( 'NONE',  ( 0.0000000000000000000, 8.200000000000001100, 0.0000000000000000000 ) ) ;
#2227 = FILL_AREA_STYLE_COLOUR ( '', #2084 ) ;
#2228 = DIRECTION ( 'NONE',  ( 0.0000000000000000000, 0.0000000000000000000, -1.000000000000000000 ) ) ;
#2229 = CARTESIAN_POINT ( 'NONE',  ( 0.0000000000000000000, 23.49999999999998600, 0.0000000000000000000 ) ) ;
#2230 = DIRECTION ( 'NONE',  ( 0.0000000000000000000, 1.000000000000000000, 0.0000000000000000000 ) ) ;
#2231 = FILL_AREA_STYLE_COLOUR ( '', #2088 ) ;
#2232 = FILL_AREA_STYLE ('',( #2227 ) ) ;
#2233 = SURFACE_SIDE_STYLE ('',( #2085 ) ) ;
#2234 = SURFACE_STYLE_USAGE ( .BOTH. , #2233 ) ;
#2235 =( LENGTH_UNIT ( ) NAMED_UNIT ( * ) SI_UNIT ( .MILLI., .METRE. ) );
#2236 =( NAMED_UNIT ( * ) PLANE_ANGLE_UNIT ( ) SI_UNIT ( $, .RADIAN. ) );
#2237 =( NAMED_UNIT ( * ) SI_UNIT ( $, .STERADIAN. ) SOLID_ANGLE_UNIT ( ) );
#2238 = DIRECTION ( 'NONE',  ( 0.0000000000000000000, 0.0000000000000000000, 1.000000000000000000 ) ) ;
#2239 = CARTESIAN_POINT ( 'NONE',  ( 0.0000000000000000000, 14.69999999999999900, 0.0000000000000000000 ) ) ;
#2240 = DIRECTION ( 'NONE',  ( -0.0000000000000000000, -1.000000000000000000, -0.0000000000000000000 ) ) ;
#2241 = FILL_AREA_STYLE_COLOUR ( '', #2093 ) ;
#2242 = FILL_AREA_STYLE ('',( #2231 ) ) ;
#2243 = SURFACE_SIDE_STYLE ('',( #2091 ) ) ;
#2244 = SURFACE_STYLE_USAGE ( .BOTH. , #2243 ) ;
#2245 =( LENGTH_UNIT ( ) NAMED_UNIT ( * ) SI_UNIT ( .MILLI., .METRE. ) );
#2246 =( NAMED_UNIT ( * ) PLANE_ANGLE_UNIT ( ) SI_UNIT ( $, .RADIAN. ) );
#2247 =( NAMED_UNIT ( * ) SI_UNIT ( $, .STERADIAN. ) SOLID_ANGLE_UNIT ( ) );
#2248 = DIRECTION ( 'NONE',  ( 0.0000000000000000000, 0.0000000000000000000, -1.000000000000000000 ) ) ;
#2249 = CARTESIAN_POINT ( 'NONE',  ( 0.0000000000000000000, 0.5000000000000000000, 0.0000000000000000000 ) ) ;
#2250 = DIRECTION ( 'NONE',  ( -0.0000000000000000000, 1.000000000000000000, -0.0000000000000000000 ) ) ;
#2251 = FILL_AREA_STYLE_COLOUR ( '', #2098 ) ;
#2252 = FILL_AREA_STYLE ('',( #2241 ) ) ;
#2253 = SURFACE_SIDE_STYLE ('',( #2096 ) ) ;
#2254 = SURFACE_STYLE_USAGE ( .BOTH. , #2253 ) ;
#2255 =( LENGTH_UNIT ( ) NAMED_UNIT ( * ) SI_UNIT ( .MILLI., .METRE. ) );
#2256 =( NAMED_UNIT ( * ) PLANE_ANGLE_UNIT ( ) SI_UNIT ( $, .RADIAN. ) );
#2257 =( NAMED_UNIT ( * ) SI_UNIT ( $, .STERADIAN. ) SOLID_ANGLE_UNIT ( ) );
#2258 = DIRECTION ( 'NONE',  ( 0.0000000000000000000, 0.0000000000000000000, 1.000000000000000000 ) ) ;
#2259 = CARTESIAN_POINT ( 'NONE',  ( 0.0000000000000000000, 14.69999999999999900, 0.0000000000000000000 ) ) ;
#2260 = DIRECTION ( 'NONE',  ( 0.0000000000000000000, -1.000000000000000000, 0.0000000000000000000 ) ) ;
#2261 = DIRECTION ( 'NONE',  ( 0.0000000000000000000, 1.000000000000000000, 0.0000000000000000000 ) ) ;
#2262 = FILL_AREA_STYLE ('',( #2251 ) ) ;
#2263 = SURFACE_SIDE_STYLE ('',( #2101 ) ) ;
#2264 = SURFACE_STYLE_USAGE ( .BOTH. , #2263 ) ;
#2265 =( LENGTH_UNIT ( ) NAMED_UNIT ( * ) SI_UNIT ( .MILLI., .METRE. ) );
#2266 =( NAMED_UNIT ( * ) PLANE_ANGLE_UNIT ( ) SI_UNIT ( $, .RADIAN. ) );
#2267 =( NAMED_UNIT ( * ) SI_UNIT ( $, .STERADIAN. ) SOLID_ANGLE_UNIT ( ) );
#2268 = DIRECTION ( 'NONE',  ( 0.0000000000000000000, 0.0000000000000000000, -1.000000000000000000 ) ) ;
#2269 = CARTESIAN_POINT ( 'NONE',  ( 0.0000000000000000000, 15.50000000000000000, 0.0000000000000000000 ) ) ;
#2270 = DIRECTION ( 'NONE',  ( 0.0000000000000000000, 0.0000000000000000000, 1.000000000000000000 ) ) ;
#2271 = DIRECTION ( 'NONE',  ( 0.0000000000000000000, 0.0000000000000000000, 1.000000000000000000 ) ) ;
#2272 = CARTESIAN_POINT ( 'NONE',  ( 0.0000000000000000000, 14.00000000000000000, 0.0000000000000000000 ) ) ;
#2273 = DIRECTION ( 'NONE',  ( -0.0000000000000000000, 1.000000000000000000, -0.0000000000000000000 ) ) ;
#2274 = FILL_AREA_STYLE_COLOUR ( '', #2106 ) ;
#2275 = CARTESIAN_POINT ( 'NONE',  ( 0.0000000000000000000, 1.600000000000000100, 0.0000000000000000000 ) ) ;
#2276 = DIRECTION ( 'NONE',  ( -0.0000000000000000000, 1.000000000000000000, -0.0000000000000000000 ) ) ;
#2277 = DIRECTION ( 'NONE',  ( 0.0000000000000000000, 0.0000000000000000000, -1.000000000000000000 ) ) ;
#2278 = FILL_AREA_STYLE ('',( #2274 ) ) ;
#2279 = SURFACE_SIDE_STYLE ('',( #2110 ) ) ;
#2280 = SURFACE_STYLE_USAGE ( .BOTH. , #2279 ) ;
#2281 =( LENGTH_UNIT ( ) NAMED_UNIT ( * ) SI_UNIT ( .MILLI., .METRE. ) );
#2282 =( NAMED_UNIT ( * ) PLANE_ANGLE_UNIT ( ) SI_UNIT ( $, .RADIAN. ) );
#2283 =( NAMED_UNIT ( * ) SI_UNIT ( $, .STERADIAN. ) SOLID_ANGLE_UNIT ( ) );
#2284 = DIRECTION ( 'NONE',  ( 0.0000000000000000000, 0.0000000000000000000, 1.000000000000000000 ) ) ;
#2285 = CARTESIAN_POINT ( 'NONE',  ( 0.0000000000000000000, 8.000000000000000000, 0.0000000000000000000 ) ) ;
#2286 = DIRECTION ( 'NONE',  ( -0.0000000000000000000, -1.000000000000000000, -0.0000000000000000000 ) ) ;
#2287 = CARTESIAN_POINT ( 'NONE',  ( 8.840018528723726700, 8.000000000000000000, -21.23332457275170200 ) ) ;
#2288 = PLANE ( 'NONE',  #1436 ) ;
#2289 = PLANE ( 'NONE',  #1434 ) ;
#2290 = CARTESIAN_POINT ( 'NONE',  ( -21.17847360783463600, 8.000000000000000000, 8.970632956611917000 ) ) ;
#2291 = DIRECTION ( 'NONE',  ( -0.9231880249022486100, 0.0000000000000000000, -0.3843486316836388100 ) ) ;
#2292 = DIRECTION ( 'NONE',  ( -0.3843486316836388100, 0.0000000000000000000, 0.9231880249022486100 ) ) ;
#2293 = DIRECTION ( 'NONE',  ( -0.0000000000000000000, -1.000000000000000000, -0.0000000000000000000 ) ) ;
#2294 = DIRECTION ( 'NONE',  ( 0.0000000000000000000, 0.0000000000000000000, -1.000000000000000000 ) ) ;
#2295 = DIRECTION ( 'NONE',  ( -0.3900275198526924600, 0.0000000000000000000, -0.9208032003406361200 ) ) ;
#2296 = DIRECTION ( 'NONE',  ( -0.9208032003406361200, 0.0000000000000000000, 0.3900275198526924600 ) ) ;
#2297 = CARTESIAN_POINT ( 'NONE',  ( 0.0000000000000000000, 8.000000000000000000, 0.0000000000000000000 ) ) ;
#2298 = CARTESIAN_POINT ( 'NONE',  ( -9.099610026312015900, 8.000000000000000000, 21.12337798196685100 ) ) ;
#2299 = CARTESIAN_POINT ( 'NONE',  ( 32.33242730194109500, 1.899999999999999900, -5.842618626119304700 ) ) ;
#2300 = PLANE ( 'NONE',  #1438 ) ;
#2301 = CARTESIAN_POINT ( 'NONE',  ( 32.33242730194109500, 1.899999999999999900, 5.842618626119306500 ) ) ;
#2302 = DIRECTION ( 'NONE',  ( 0.9184077383463848900, -0.0000000000000000000, 0.3956352185353045900 ) ) ;
#2303 = DIRECTION ( 'NONE',  ( 0.3956352185353045900, 0.0000000000000000000, -0.9184077383463848900 ) ) ;
#2304 = CARTESIAN_POINT ( 'NONE',  ( 13.29130566687916600, 1.899999999999999900, 21.61554576386138000 ) ) ;
#2305 = CARTESIAN_POINT ( 'NONE',  ( 31.69564068924963300, 1.899999999999999900, -9.218580240543969900 ) ) ;
#2306 = CARTESIAN_POINT ( 'NONE',  ( 31.69564068924963300, 1.899999999999999900, 9.218580240543975200 ) ) ;
#2307 = CARTESIAN_POINT ( 'NONE',  ( 21.80788052583588100, 1.899999999999999900, 13.13300644703310900 ) ) ;
#2308 = CARTESIAN_POINT ( 'NONE',  ( 22.88766113958034500, 1.899999999999999900, 12.44669741090694600 ) ) ;
#2309 = CARTESIAN_POINT ( 'NONE',  ( -22.69779888839667600, 1.899999999999999900, 9.614178364368873600 ) ) ;
#2310 = CARTESIAN_POINT ( 'NONE',  ( -21.39102142648025100, 1.899999999999999900, 13.64971894699165000 ) ) ;
#2311 = CARTESIAN_POINT ( 'NONE',  ( -22.88766113958035600, 1.899999999999999900, 12.44669741090693400 ) ) ;
#2312 = CARTESIAN_POINT ( 'NONE',  ( -31.69564068924962500, 1.899999999999999900, 9.218580240543968100 ) ) ;
#2313 = CARTESIAN_POINT ( 'NONE',  ( -32.33242730194108800, 1.899999999999999900, 5.842618626119301200 ) ) ;
#2314 = CARTESIAN_POINT ( 'NONE',  ( -32.33242730194109500, 1.899999999999999900, -5.842618626119304700 ) ) ;
#2315 = CARTESIAN_POINT ( 'NONE',  ( -31.69564068924963300, 1.899999999999999900, -9.218580240543973400 ) ) ;
#2316 = CARTESIAN_POINT ( 'NONE',  ( -9.752408136895267500, 1.899999999999999900, 22.63875075023838300 ) ) ;
#2317 = CARTESIAN_POINT ( 'NONE',  ( -31.69564068924962500, 0.0000000000000000000, 9.218580240543968100 ) ) ;
#2318 = CARTESIAN_POINT ( 'NONE',  ( -31.69564068924963300, 0.0000000000000000000, -9.218580240543973400 ) ) ;
#2319 = CARTESIAN_POINT ( 'NONE',  ( -32.33242730194108800, 0.0000000000000000000, 5.842618626119301200 ) ) ;
#2320 = CARTESIAN_POINT ( 'NONE',  ( 9.474193771001731400, 1.899999999999999900, -22.75658481384040900 ) ) ;
#2321 = CARTESIAN_POINT ( 'NONE',  ( -32.33242730194109500, 0.0000000000000000000, -5.842618626119304700 ) ) ;
#2322 = CARTESIAN_POINT ( 'NONE',  ( -13.86137889092071200, 0.0000000000000000000, -21.25447718111028500 ) ) ;
#2323 = CARTESIAN_POINT ( 'NONE',  ( -14.51833020944263600, 0.0000000000000000000, -19.04552169592148300 ) ) ;
#2324 = CARTESIAN_POINT ( 'NONE',  ( -20.07648534791025300, 0.0000000000000000000, -13.29166112611915900 ) ) ;
#2325 = CARTESIAN_POINT ( 'NONE',  ( -22.51603223533859900, 0.0000000000000000000, -12.61228121856309100 ) ) ;
#2326 = CARTESIAN_POINT ( 'NONE',  ( -22.88766113958036600, 0.0000000000000000000, -12.44669741090694100 ) ) ;
#2327 = CARTESIAN_POINT ( 'NONE',  ( -22.88766113958035600, 0.0000000000000000000, 12.44669741090693400 ) ) ;
#2328 = CARTESIAN_POINT ( 'NONE',  ( 31.69564068924963300, 0.0000000000000000000, 9.218580240543975200 ) ) ;
#2329 = CARTESIAN_POINT ( 'NONE',  ( 13.29130566687916600, 0.0000000000000000000, 21.61554576386138400 ) ) ;
#2330 = CARTESIAN_POINT ( 'NONE',  ( 32.33242730194109500, 0.0000000000000000000, 5.842618626119306500 ) ) ;
#2331 = CARTESIAN_POINT ( 'NONE',  ( 13.97817213358693200, 0.0000000000000000000, 19.60469900866259600 ) ) ;
#2332 = CARTESIAN_POINT ( 'NONE',  ( 31.69564068924963300, 0.0000000000000000000, -9.218580240543969900 ) ) ;
#2333 = CARTESIAN_POINT ( 'NONE',  ( 22.88766113958034500, 0.0000000000000000000, 12.44669741090694600 ) ) ;
#2334 = CARTESIAN_POINT ( 'NONE',  ( 22.88766113958035200, 0.0000000000000000000, -12.44669741090694400 ) ) ;
#2335 = CARTESIAN_POINT ( 'NONE',  ( 25.80542603254868400, 0.0000000000000000000, -16.17004317117282500 ) ) ;
#2336 = CARTESIAN_POINT ( 'NONE',  ( 24.90513250316086800, 0.0000000000000000000, 16.50000000000000000 ) ) ;
#2337 = CARTESIAN_POINT ( 'NONE',  ( 45.08600048897771000, 0.0000000000000000000, -9.103728688233633900 ) ) ;
#2338 = CARTESIAN_POINT ( 'NONE',  ( 24.47897404823038800, 0.0000000000000000000, 17.12587091350577100 ) ) ;
#2339 = CARTESIAN_POINT ( 'NONE',  ( 21.68179339627199600, 0.0000000000000000000, 15.22814563401873000 ) ) ;
#2340 = CARTESIAN_POINT ( 'NONE',  ( 47.02356160096839200, 0.0000000000000000000, 6.710786418888083900 ) ) ;
#2341 = CARTESIAN_POINT ( 'NONE',  ( 47.02356160096839200, 0.0000000000000000000, -6.710786418888083000 ) ) ;
#2342 = CARTESIAN_POINT ( 'NONE',  ( 24.38869963406277500, 0.0000000000000000000, -17.25418659802501900 ) ) ;
#2343 = CARTESIAN_POINT ( 'NONE',  ( 45.08600048897771700, 0.0000000000000000000, 9.103728688233633900 ) ) ;
#2344 = CARTESIAN_POINT ( 'NONE',  ( -15.95679535189321800, 0.0000000000000000000, -20.43506048053839000 ) ) ;
#2345 = CARTESIAN_POINT ( 'NONE',  ( 15.41663727603752000, 0.0000000000000000000, 20.99423779327949500 ) ) ;
#2346 = CARTESIAN_POINT ( 'NONE',  ( 23.72189940984636200, 0.0000000000000000000, 17.19886174449906900 ) ) ;
#2347 = CARTESIAN_POINT ( 'NONE',  ( 17.37237730582897300, 0.0000000000000000000, 23.57864287499718300 ) ) ;
#2348 = CARTESIAN_POINT ( 'NONE',  ( 20.97479241450512400, 0.0000000000000000000, 15.24037722347715400 ) ) ;
#2349 = CARTESIAN_POINT ( 'NONE',  ( -24.38869963406277100, 0.0000000000000000000, 17.25418659802502200 ) ) ;
#2350 = CARTESIAN_POINT ( 'NONE',  ( 15.42886886549593800, 0.0000000000000000000, 21.70123877504636700 ) ) ;
#2351 = CARTESIAN_POINT ( 'NONE',  ( -45.08600048897771700, 0.0000000000000000000, 9.103728688233633900 ) ) ;
#2352 = CARTESIAN_POINT ( 'NONE',  ( 17.31477971792452300, 0.0000000000000000000, 24.34571889100318700 ) ) ;
#2353 = CARTESIAN_POINT ( 'NONE',  ( -47.02356160096839200, 0.0000000000000000000, -6.710786418888083000 ) ) ;
#2354 = CARTESIAN_POINT ( 'NONE',  ( -25.80542603254868100, 0.0000000000000000000, 16.17004317117282900 ) ) ;
#2355 = CARTESIAN_POINT ( 'NONE',  ( -24.16691022358636300, 0.0000000000000000000, -16.54777340308011400 ) ) ;
#2356 = CARTESIAN_POINT ( 'NONE',  ( -47.02356160096839200, 0.0000000000000000000, 6.710786418888083900 ) ) ;
#2357 = CARTESIAN_POINT ( 'NONE',  ( -18.00913295492599900, 0.0000000000000000000, -23.11277757278560300 ) ) ;
#2358 = CARTESIAN_POINT ( 'NONE',  ( -45.08600048897771000, 0.0000000000000000000, -9.103728688233633900 ) ) ;
#2359 = CARTESIAN_POINT ( 'NONE',  ( -22.22195147212771000, 0.0000000000000000000, -14.66896832127764400 ) ) ;
#2360 = CARTESIAN_POINT ( 'NONE',  ( 24.47897404823038800, 1.899999999999999700, 17.12587091350577100 ) ) ;
#2361 = CARTESIAN_POINT ( 'NONE',  ( 20.97479241450512400, 1.899999999999999900, 15.24037722347715400 ) ) ;
#2362 = CARTESIAN_POINT ( 'NONE',  ( -15.96902694135163600, 0.0000000000000000000, -21.14206146230526100 ) ) ;
#2363 = CARTESIAN_POINT ( 'NONE',  ( 21.68179339627199600, 1.899999999999999900, 15.22814563401873000 ) ) ;
#2364 = CARTESIAN_POINT ( 'NONE',  ( -24.16691022358636300, 1.899999999999999900, -16.54777340308011400 ) ) ;
#2365 = CARTESIAN_POINT ( 'NONE',  ( 17.31477971792452300, 1.899999999999999700, 24.34571889100318700 ) ) ;
#2366 = CARTESIAN_POINT ( 'NONE',  ( 17.37237730582897300, 1.899999999999999900, 23.57864287499718300 ) ) ;
#2367 = CARTESIAN_POINT ( 'NONE',  ( 23.72189940984636200, 1.899999999999999900, 17.19886174449906900 ) ) ;
#2368 = CARTESIAN_POINT ( 'NONE',  ( 15.42886886549593600, 1.899999999999999900, 21.70123877504637000 ) ) ;
#2369 = CARTESIAN_POINT ( 'NONE',  ( -18.00913295492599900, 1.899999999999999900, -23.11277757278560300 ) ) ;
#2370 = CARTESIAN_POINT ( 'NONE',  ( -27.62749999999999400, 16.00000000000000000, -5.897774474325066400 ) ) ;
#2371 = CARTESIAN_POINT ( 'NONE',  ( 15.41663727603752000, 1.899999999999999900, 20.99423779327949500 ) ) ;
#2372 = CARTESIAN_POINT ( 'NONE',  ( -22.22195147212771000, 1.899999999999999900, -14.66896832127764400 ) ) ;
#2373 = CARTESIAN_POINT ( 'NONE',  ( -15.95679535189321800, 1.899999999999999900, -20.43506048053839000 ) ) ;
#2374 = CARTESIAN_POINT ( 'NONE',  ( -15.96902694135163600, 1.899999999999999900, -21.14206146230526100 ) ) ;
#2375 = CARTESIAN_POINT ( 'NONE',  ( -21.17847360783463600, 8.000000000000000000, 8.970632956611917000 ) ) ;
#2376 = CARTESIAN_POINT ( 'NONE',  ( -9.099610026312015900, 8.000000000000000000, 21.12337798196685100 ) ) ;
#2377 = CARTESIAN_POINT ( 'NONE',  ( 9.474193771001727900, 8.000000000000000000, -22.75658481384040900 ) ) ;
#2378 = CARTESIAN_POINT ( 'NONE',  ( 22.57825345819926400, 8.000000000000000000, -9.891661679278824300 ) ) ;
#2379 = CARTESIAN_POINT ( 'NONE',  ( -22.69779888839667600, 8.000000000000000000, 9.614178364368873600 ) ) ;
#2380 = CARTESIAN_POINT ( 'NONE',  ( -9.752408136895267500, 8.000000000000000000, 22.63875075023838300 ) ) ;
#2381 = CARTESIAN_POINT ( 'NONE',  ( 27.62750000000001200, 16.00000000000000000, 5.897774474325069100 ) ) ;
#2382 = CARTESIAN_POINT ( 'NONE',  ( 28.15749999999999500, 15.50000000000000200, -5.806693874314361500 ) ) ;
#2383 = CARTESIAN_POINT ( 'NONE',  ( 27.62750000000001200, 16.00000000000000000, -5.897774474325066400 ) ) ;
#2384 = CARTESIAN_POINT ( 'NONE',  ( -14.51833020944263600, 1.899999999999999900, -19.04552169592148300 ) ) ;
#2385 = CARTESIAN_POINT ( 'NONE',  ( 0.0000000000000000000, 15.50000000000000000, 24.80000000000000100 ) ) ;
#2386 = CARTESIAN_POINT ( 'NONE',  ( 3.037124061885435900E-015, 15.50000000000000000, -24.80000000000000100 ) ) ;
#2387 = CARTESIAN_POINT ( 'NONE',  ( 2.571758278209441300E-015, 1.600000000000000100, -20.99999999999999600 ) ) ;
#2388 = CARTESIAN_POINT ( 'NONE',  ( 0.0000000000000000000, 1.899999999999999900, 16.00000000000000000 ) ) ;
#2389 = CARTESIAN_POINT ( 'NONE',  ( 2.804441170047439400E-015, 14.69999999999999900, 22.80000000000001500 ) ) ;
#2390 = CARTESIAN_POINT ( 'NONE',  ( 0.0000000000000000000, 0.9999999999999865700, 16.00000000000000000 ) ) ;
#2391 = CARTESIAN_POINT ( 'NONE',  ( 0.0000000000000000000, 23.50000000000003600, -16.05000000000000100 ) ) ;
#2392 = CARTESIAN_POINT ( 'NONE',  ( 1.530808498934191500E-015, 23.49999999999998600, 12.50000000000000000 ) ) ;
#2393 = CARTESIAN_POINT ( 'NONE',  ( 2.816687638038912400E-015, 14.50000000000001100, 23.00000000000000000 ) ) ;
#2394 = CARTESIAN_POINT ( 'NONE',  ( -28.15749999999999500, 8.200000000000001100, -5.806693874314361500 ) ) ;
#2395 = CARTESIAN_POINT ( 'NONE',  ( 0.0000000000000000000, 16.00000000000000000, 25.30000000000000100 ) ) ;
#2396 = CARTESIAN_POINT ( 'NONE',  ( 0.0000000000000000000, 14.00000000000000000, -23.00000000000000000 ) ) ;
#2397 = CARTESIAN_POINT ( 'NONE',  ( 3.098356401842803500E-015, 16.00000000000000000, -25.30000000000000100 ) ) ;
#2398 = CARTESIAN_POINT ( 'NONE',  ( -28.15749999999999500, 15.50000000000000200, -5.806693874314361500 ) ) ;
#2399 = CARTESIAN_POINT ( 'NONE',  ( 1.928818708657083300E-015, 0.5000000000000000000, -15.50000000000002800 ) ) ;
#2400 = CARTESIAN_POINT ( 'NONE',  ( 2.571758278209441300E-015, 1.899999999999999900, -20.99999999999999600 ) ) ;
#2401 = CARTESIAN_POINT ( 'NONE',  ( 1.959434878635765100E-015, 0.9999999999999865700, -16.00000000000000000 ) ) ;
#2402 = CARTESIAN_POINT ( 'NONE',  ( 0.0000000000000000000, 24.00000000000000000, -15.55000000000003600 ) ) ;
#2403 = CARTESIAN_POINT ( 'NONE',  ( 2.596251214192384800E-015, 14.69999999999999900, -21.19999999999996700 ) ) ;
#2404 = CARTESIAN_POINT ( 'NONE',  ( 0.0000000000000000000, 14.69999999999999900, -22.80000000000001500 ) ) ;
#2405 = CARTESIAN_POINT ( 'NONE',  ( 0.0000000000000000000, 14.69999999999999900, 21.19999999999996700 ) ) ;
#2406 = CARTESIAN_POINT ( 'NONE',  ( 3.037124061885435900E-015, 14.00000000000000000, -24.80000000000000100 ) ) ;
#2407 = CARTESIAN_POINT ( 'NONE',  ( 21.06693020440499400, 8.000000000000000000, -9.229542337663810200 ) ) ;
#2408 = CARTESIAN_POINT ( 'NONE',  ( 0.0000000000000000000, 24.00000000000000000, 13.00000000000002300 ) ) ;
#2409 = CARTESIAN_POINT ( 'NONE',  ( 0.0000000000000000000, 1.600000000000000100, 23.00000000000000000 ) ) ;
#2410 = CARTESIAN_POINT ( 'NONE',  ( 21.33440870011777000, 0.0000000000000000000, 13.08776191963137800 ) ) ;
#2411 = CARTESIAN_POINT ( 'NONE',  ( 2.816687638038912400E-015, 1.600000000000000100, -23.00000000000000000 ) ) ;
#2412 = CARTESIAN_POINT ( 'NONE',  ( 0.0000000000000000000, 16.00000000000000000, 28.25000000000000000 ) ) ;
#2413 = CARTESIAN_POINT ( 'NONE',  ( 0.0000000000000000000, 8.000000000000000000, -28.94999999999999900 ) ) ;
#2414 = CARTESIAN_POINT ( 'NONE',  ( 28.15749999999999500, 8.200000000000001100, -5.806693874314361500 ) ) ;
#2415 = CARTESIAN_POINT ( 'NONE',  ( -28.15749999999999500, 15.50000000000000200, 5.806693874314361500 ) ) ;
#2416 = CARTESIAN_POINT ( 'NONE',  ( 2.571758278209441700E-015, 14.50000000000003200, 21.00000000000000000 ) ) ;
#2417 = CARTESIAN_POINT ( 'NONE',  ( 0.0000000000000000000, 1.000000000000026900, -12.50000000000000000 ) ) ;
#2418 = CARTESIAN_POINT ( 'NONE',  ( 1.934941942652820400E-015, 24.00000000000000000, 15.55000000000003600 ) ) ;
#2419 = CARTESIAN_POINT ( 'NONE',  ( 19.53632727205454200, 0.0000000000000000000, 13.85083843886024700 ) ) ;
#2420 = CARTESIAN_POINT ( 'NONE',  ( 0.0000000000000000000, 14.50000000000003200, -21.00000000000000000 ) ) ;
#2421 = CARTESIAN_POINT ( 'NONE',  ( 0.0000000000000000000, 8.200000000000001100, -28.75000000000000000 ) ) ;
#2422 = CARTESIAN_POINT ( 'NONE',  ( 1.965558112631502200E-015, 14.00000000000000000, 16.05000000000000100 ) ) ;
#2423 = CARTESIAN_POINT ( 'NONE',  ( 0.0000000000000000000, 15.50000000000000000, -28.75000000000000000 ) ) ;
#2424 = CARTESIAN_POINT ( 'NONE',  ( 21.33440870011777000, 1.899999999999999900, 13.08776191963137800 ) ) ;
#2425 = CARTESIAN_POINT ( 'NONE',  ( 0.0000000000000000000, 14.50000000000001100, -23.00000000000000000 ) ) ;
#2426 = CARTESIAN_POINT ( 'NONE',  ( 0.0000000000000000000, 1.600000000000000100, 20.99999999999999600 ) ) ;
#2427 = CARTESIAN_POINT ( 'NONE',  ( 8.840018528723726700, 8.000000000000000000, -21.23332457275170200 ) ) ;
#2428 = CARTESIAN_POINT ( 'NONE',  ( 1.965558112631502200E-015, 23.50000000000003600, 16.05000000000000100 ) ) ;
#2429 = CARTESIAN_POINT ( 'NONE',  ( 1.592040838891562400E-015, 0.5000000000000000000, 13.00000000000002500 ) ) ;
#2430 = CARTESIAN_POINT ( 'NONE',  ( 1.959434878635765100E-015, 1.899999999999999900, -16.00000000000000000 ) ) ;
#2431 = CARTESIAN_POINT ( 'NONE',  ( 19.53632727205454200, 1.899999999999999900, 13.85083843886024700 ) ) ;
#2432 = CARTESIAN_POINT ( 'NONE',  ( -27.62750000000001200, 16.00000000000000000, 5.897774474325064600 ) ) ;
#2433 = CARTESIAN_POINT ( 'NONE',  ( 2.571758278209441700E-015, 14.00000000000000000, 21.00000000000000000 ) ) ;
#2434 = CARTESIAN_POINT ( 'NONE',  ( 1.592040838891562100E-015, 24.00000000000000000, -13.00000000000002300 ) ) ;
#2435 = CARTESIAN_POINT ( 'NONE',  ( 0.0000000000000000000, 14.00000000000000000, -21.00000000000000000 ) ) ;
#2436 = CARTESIAN_POINT ( 'NONE',  ( 0.0000000000000000000, 0.5000000000000000000, 15.50000000000002800 ) ) ;
#2437 = CARTESIAN_POINT ( 'NONE',  ( 0.0000000000000000000, 23.49999999999998600, -12.50000000000000000 ) ) ;
#2438 = CARTESIAN_POINT ( 'NONE',  ( 1.530808498934191500E-015, 1.000000000000026900, 12.50000000000000000 ) ) ;
#2439 = CARTESIAN_POINT ( 'NONE',  ( 0.0000000000000000000, 15.50000000000000000, 28.75000000000000000 ) ) ;
#2440 = CARTESIAN_POINT ( 'NONE',  ( 0.0000000000000000000, 14.00000000000000000, 24.80000000000000100 ) ) ;
#2441 = CARTESIAN_POINT ( 'NONE',  ( 0.0000000000000000000, 14.00000000000000000, -16.05000000000000100 ) ) ;
#2442 = CARTESIAN_POINT ( 'NONE',  ( 0.0000000000000000000, 0.5000000000000000000, -13.00000000000002500 ) ) ;
#2443 = CARTESIAN_POINT ( 'NONE',  ( 2.816687638038912400E-015, 14.00000000000000000, 23.00000000000000000 ) ) ;
#2444 = CARTESIAN_POINT ( 'NONE',  ( -13.86137889092072200, 1.899999999999999900, -21.25447718111027500 ) ) ;
#2445 = CARTESIAN_POINT ( 'NONE',  ( 0.0000000000000000000, 1.899999999999999900, 20.99999999999999600 ) ) ;
#2446 = CARTESIAN_POINT ( 'NONE',  ( 28.36949999999999900, 8.000000000000000000, -5.768359363805277700 ) ) ;
#2447 = DIRECTION ( 'NONE',  ( 8.659560562354932900E-017, -0.7071067811865474600, 0.7071067811865474600 ) ) ;
#2448 = CARTESIAN_POINT ( 'NONE',  ( 0.0000000000000000000, 16.00000000000000000, 0.0000000000000000000 ) ) ;
#2449 = DIRECTION ( 'NONE',  ( 0.0000000000000000000, 1.000000000000000000, 0.0000000000000000000 ) ) ;
#2450 = DIRECTION ( 'NONE',  ( 0.0000000000000000000, 0.0000000000000000000, 1.000000000000000000 ) ) ;
#2451 = CARTESIAN_POINT ( 'NONE',  ( 0.0000000000000000000, 16.00000000000000000, 0.0000000000000000000 ) ) ;
#2452 = DIRECTION ( 'NONE',  ( -0.0000000000000000000, -1.000000000000000000, -0.0000000000000000000 ) ) ;
#2453 = DIRECTION ( 'NONE',  ( 0.0000000000000000000, 0.0000000000000000000, 1.000000000000000000 ) ) ;
#2454 = CARTESIAN_POINT ( 'NONE',  ( 0.0000000000000000000, 15.50000000000000000, 28.25000000000000000 ) ) ;
#2455 = DIRECTION ( 'NONE',  ( -1.000000000000000000, 0.0000000000000000000, 0.0000000000000000000 ) ) ;
#2456 = DIRECTION ( 'NONE',  ( 0.0000000000000000000, 0.0000000000000000000, 1.000000000000000000 ) ) ;
#2457 = CARTESIAN_POINT ( 'NONE',  ( 1.904325772674138600E-015, 24.00000000000000000, 15.55000000000003600 ) ) ;
#2458 = CARTESIAN_POINT ( 'NONE',  ( 0.0000000000000000000, 24.00000000000000000, 0.0000000000000000000 ) ) ;
#2459 = DIRECTION ( 'NONE',  ( 0.0000000000000000000, 1.000000000000000000, 0.0000000000000000000 ) ) ;
#2460 = DIRECTION ( 'NONE',  ( 0.0000000000000000000, 0.0000000000000000000, 1.000000000000000000 ) ) ;
#2461 = DIRECTION ( 'NONE',  ( 0.0000000000000000000, -0.7071067811865474600, -0.7071067811865474600 ) ) ;
#2462 = CARTESIAN_POINT ( 'NONE',  ( 0.0000000000000000000, 24.00000000000000000, -15.55000000000003600 ) ) ;
#2463 = CARTESIAN_POINT ( 'NONE',  ( 0.0000000000000000000, 23.50000000000003600, 0.0000000000000000000 ) ) ;
#2464 = DIRECTION ( 'NONE',  ( 0.0000000000000000000, -1.000000000000000000, 0.0000000000000000000 ) ) ;
#2465 = DIRECTION ( 'NONE',  ( 0.0000000000000000000, 0.0000000000000000000, 1.000000000000000000 ) ) ;
#2466 = DIRECTION ( 'NONE',  ( 8.659560562355009300E-017, 0.7071067811865414700, -0.7071067811865536800 ) ) ;
#2467 = CARTESIAN_POINT ( 'NONE',  ( 1.530808498934191500E-015, 23.49999999999998600, -12.50000000000000000 ) ) ;
#2468 = CARTESIAN_POINT ( 'NONE',  ( 0.0000000000000000000, 23.49999999999998600, 0.0000000000000000000 ) ) ;
#2469 = DIRECTION ( 'NONE',  ( 0.0000000000000000000, 1.000000000000000000, 0.0000000000000000000 ) ) ;
#2470 = DIRECTION ( 'NONE',  ( 0.0000000000000000000, 0.0000000000000000000, 1.000000000000000000 ) ) ;
#2471 = DIRECTION ( 'NONE',  ( 0.0000000000000000000, 0.7071067811865414700, 0.7071067811865536800 ) ) ;
#2472 = DIRECTION ( 'NONE',  ( -0.0000000000000000000, -1.000000000000000000, -0.0000000000000000000 ) ) ;
#2473 = CARTESIAN_POINT ( 'NONE',  ( 1.965558112631502200E-015, 24.00000000000000000, 16.05000000000000100 ) ) ;
#2474 = CARTESIAN_POINT ( 'NONE',  ( 0.0000000000000000000, 23.49999999999998600, 12.50000000000000000 ) ) ;
#2475 = CARTESIAN_POINT ( 'NONE',  ( 0.0000000000000000000, 24.00000000000000000, 0.0000000000000000000 ) ) ;
#2476 = DIRECTION ( 'NONE',  ( -0.0000000000000000000, -1.000000000000000000, -0.0000000000000000000 ) ) ;
#2477 = DIRECTION ( 'NONE',  ( 0.0000000000000000000, 0.0000000000000000000, 1.000000000000000000 ) ) ;
#2478 = CARTESIAN_POINT ( 'NONE',  ( 0.0000000000000000000, 24.00000000000000000, -16.05000000000000100 ) ) ;
#2479 = DIRECTION ( 'NONE',  ( -0.0000000000000000000, -1.000000000000000000, -0.0000000000000000000 ) ) ;
#2480 = DIRECTION ( 'NONE',  ( -0.0000000000000000000, -1.000000000000000000, -0.0000000000000000000 ) ) ;
#2481 = CARTESIAN_POINT ( 'NONE',  ( 2.571758278209441700E-015, 14.69999999999999900, 21.00000000000000000 ) ) ;
#2482 = CARTESIAN_POINT ( 'NONE',  ( 0.0000000000000000000, 14.00000000000000000, 0.0000000000000000000 ) ) ;
#2483 = DIRECTION ( 'NONE',  ( 0.0000000000000000000, 1.000000000000000000, 0.0000000000000000000 ) ) ;
#2484 = DIRECTION ( 'NONE',  ( 0.0000000000000000000, 0.0000000000000000000, 1.000000000000000000 ) ) ;
#2485 = CARTESIAN_POINT ( 'NONE',  ( 0.0000000000000000000, 14.69999999999999900, -21.00000000000000000 ) ) ;
#2486 = DIRECTION ( 'NONE',  ( -0.0000000000000000000, -1.000000000000000000, -0.0000000000000000000 ) ) ;
#2487 = DIRECTION ( 'NONE',  ( -0.0000000000000000000, -1.000000000000000000, -0.0000000000000000000 ) ) ;
#2488 = CARTESIAN_POINT ( 'NONE',  ( 2.816687638038912400E-015, 14.69999999999999900, 23.00000000000000000 ) ) ;
#2489 = CARTESIAN_POINT ( 'NONE',  ( 0.0000000000000000000, 14.00000000000000000, 0.0000000000000000000 ) ) ;
#2490 = DIRECTION ( 'NONE',  ( -0.0000000000000000000, -1.000000000000000000, -0.0000000000000000000 ) ) ;
#2491 = DIRECTION ( 'NONE',  ( 0.0000000000000000000, 0.0000000000000000000, 1.000000000000000000 ) ) ;
#2492 = CARTESIAN_POINT ( 'NONE',  ( 0.0000000000000000000, 14.69999999999999900, -23.00000000000000000 ) ) ;
#2493 = DIRECTION ( 'NONE',  ( -0.0000000000000000000, -1.000000000000000000, -0.0000000000000000000 ) ) ;
#2494 = CARTESIAN_POINT ( 'NONE',  ( 0.0000000000000000000, 14.00000000000000000, 0.0000000000000000000 ) ) ;
#2495 = DIRECTION ( 'NONE',  ( 0.0000000000000000000, 1.000000000000000000, 0.0000000000000000000 ) ) ;
#2496 = DIRECTION ( 'NONE',  ( 0.0000000000000000000, 0.0000000000000000000, 1.000000000000000000 ) ) ;
#2497 = DIRECTION ( 'NONE',  ( -0.0000000000000000000, 1.000000000000000000, -0.0000000000000000000 ) ) ;
#2498 = DIRECTION ( 'NONE',  ( -0.0000000000000000000, 1.000000000000000000, -0.0000000000000000000 ) ) ;
#2499 = CARTESIAN_POINT ( 'NONE',  ( 3.037124061885435900E-015, 14.00000000000000000, -24.80000000000000100 ) ) ;
#2500 = CARTESIAN_POINT ( 'NONE',  ( 0.0000000000000000000, 14.00000000000000000, 0.0000000000000000000 ) ) ;
#2501 = DIRECTION ( 'NONE',  ( 0.0000000000000000000, 1.000000000000000000, 0.0000000000000000000 ) ) ;
#2502 = DIRECTION ( 'NONE',  ( 0.0000000000000000000, 0.0000000000000000000, 1.000000000000000000 ) ) ;
#2503 = CARTESIAN_POINT ( 'NONE',  ( 0.0000000000000000000, 14.00000000000000000, 24.80000000000000100 ) ) ;
#2504 = DIRECTION ( 'NONE',  ( -0.0000000000000000000, -1.000000000000000000, -0.0000000000000000000 ) ) ;
#2505 = CARTESIAN_POINT ( 'NONE',  ( 0.0000000000000000000, 15.50000000000000000, 0.0000000000000000000 ) ) ;
#2506 = DIRECTION ( 'NONE',  ( 0.0000000000000000000, 1.000000000000000000, 0.0000000000000000000 ) ) ;
#2507 = DIRECTION ( 'NONE',  ( 0.0000000000000000000, 0.0000000000000000000, 1.000000000000000000 ) ) ;
#2508 = DIRECTION ( 'NONE',  ( -0.0000000000000000000, 1.000000000000000000, -0.0000000000000000000 ) ) ;
#2509 = CARTESIAN_POINT ( 'NONE',  ( -28.15749999999999500, 12.00000000000000400, -5.806693874314361500 ) ) ;
#2510 = CARTESIAN_POINT ( 'NONE',  ( 0.0000000000000000000, 16.00000000000000000, -28.75000000000000000 ) ) ;
#2511 = CARTESIAN_POINT ( 'NONE',  ( 0.0000000000000000000, 15.50000000000000000, 0.0000000000000000000 ) ) ;
#2512 = DIRECTION ( 'NONE',  ( -0.0000000000000000000, -1.000000000000000000, -0.0000000000000000000 ) ) ;
#2513 = DIRECTION ( 'NONE',  ( 8.881784197001252300E-016, 0.0000000000000000000, 1.000000000000000000 ) ) ;
#2514 = DIRECTION ( 'NONE',  ( 0.0000000000000000000, -1.000000000000000000, 0.0000000000000000000 ) ) ;
#2515 = CARTESIAN_POINT ( 'NONE',  ( 0.0000000000000000000, 8.200000000000001100, 0.0000000000000000000 ) ) ;
#2516 = DIRECTION ( 'NONE',  ( -0.0000000000000000000, 1.000000000000000000, -0.0000000000000000000 ) ) ;
#2517 = DIRECTION ( 'NONE',  ( 0.0000000000000000000, 0.0000000000000000000, -1.000000000000000000 ) ) ;
#2518 = CARTESIAN_POINT ( 'NONE',  ( 21.33440870011777000, 2.000000000000000000, 13.08776191963137800 ) ) ;
#2519 = CARTESIAN_POINT ( 'NONE',  ( 21.33440870011777000, 1.899999999999999900, 15.58776191963137800 ) ) ;
#2520 = DIRECTION ( 'NONE',  ( 0.0000000000000000000, 1.000000000000000000, 0.0000000000000000000 ) ) ;
#2521 = DIRECTION ( 'NONE',  ( 0.0000000000000000000, 0.0000000000000000000, 1.000000000000000000 ) ) ;
#2522 = DIRECTION ( 'NONE',  ( 0.0000000000000000000, -1.000000000000000000, 0.0000000000000000000 ) ) ;
#2523 = CARTESIAN_POINT ( 'NONE',  ( 19.53632727205454200, 2.000000000000000000, 13.85083843886024700 ) ) ;
#2524 = CARTESIAN_POINT ( 'NONE',  ( 21.33440870011777000, 0.0000000000000000000, 15.58776191963137800 ) ) ;
#2525 = DIRECTION ( 'NONE',  ( 0.0000000000000000000, -1.000000000000000000, 0.0000000000000000000 ) ) ;
#2526 = DIRECTION ( 'NONE',  ( 0.0000000000000000000, 0.0000000000000000000, -1.000000000000000000 ) ) ;
#2527 = DIRECTION ( 'NONE',  ( 8.659560562354814500E-017, 0.7071067811865573400, -0.7071067811865378000 ) ) ;
#2528 = CARTESIAN_POINT ( 'NONE',  ( 1.898202538678401100E-015, 0.5000000000000000000, -15.50000000000002800 ) ) ;
#2529 = CARTESIAN_POINT ( 'NONE',  ( 0.0000000000000000000, 0.5000000000000000000, 0.0000000000000000000 ) ) ;
#2530 = DIRECTION ( 'NONE',  ( 0.0000000000000000000, -1.000000000000000000, 0.0000000000000000000 ) ) ;
#2531 = DIRECTION ( 'NONE',  ( 0.0000000000000000000, 0.0000000000000000000, -1.000000000000000000 ) ) ;
#2532 = DIRECTION ( 'NONE',  ( 0.0000000000000000000, 0.7071067811865573400, 0.7071067811865378000 ) ) ;
#2533 = DIRECTION ( 'NONE',  ( 8.659560562354915600E-017, -0.7071067811865489100, 0.7071067811865462400 ) ) ;
#2534 = CARTESIAN_POINT ( 'NONE',  ( 0.0000000000000000000, 0.5000000000000000000, 15.50000000000002800 ) ) ;
#2535 = CARTESIAN_POINT ( 'NONE',  ( 0.0000000000000000000, 0.9999999999999865700, 0.0000000000000000000 ) ) ;
#2536 = DIRECTION ( 'NONE',  ( 0.0000000000000000000, 1.000000000000000000, 0.0000000000000000000 ) ) ;
#2537 = DIRECTION ( 'NONE',  ( 0.0000000000000000000, 0.0000000000000000000, -1.000000000000000000 ) ) ;
#2538 = CARTESIAN_POINT ( 'NONE',  ( 1.530808498934191500E-015, 1.000000000000026900, 12.50000000000000000 ) ) ;
#2539 = CARTESIAN_POINT ( 'NONE',  ( 0.0000000000000000000, 1.000000000000026900, 0.0000000000000000000 ) ) ;
#2540 = DIRECTION ( 'NONE',  ( 0.0000000000000000000, -1.000000000000000000, 0.0000000000000000000 ) ) ;
#2541 = DIRECTION ( 'NONE',  ( 0.0000000000000000000, 0.0000000000000000000, -1.000000000000000000 ) ) ;
#2542 = DIRECTION ( 'NONE',  ( 0.0000000000000000000, -0.7071067811865489100, -0.7071067811865462400 ) ) ;
#2543 = DIRECTION ( 'NONE',  ( -0.0000000000000000000, 1.000000000000000000, -0.0000000000000000000 ) ) ;
#2544 = CARTESIAN_POINT ( 'NONE',  ( 1.959434878635765100E-015, 0.5000000000000000000, -16.00000000000000000 ) ) ;
#2545 = CARTESIAN_POINT ( 'NONE',  ( 0.0000000000000000000, 1.000000000000026900, -12.50000000000000000 ) ) ;
#2546 = CARTESIAN_POINT ( 'NONE',  ( 0.0000000000000000000, 0.5000000000000000000, 0.0000000000000000000 ) ) ;
#2547 = DIRECTION ( 'NONE',  ( -0.0000000000000000000, 1.000000000000000000, -0.0000000000000000000 ) ) ;
#2548 = DIRECTION ( 'NONE',  ( 0.0000000000000000000, 0.0000000000000000000, -1.000000000000000000 ) ) ;
#2549 = CARTESIAN_POINT ( 'NONE',  ( 0.0000000000000000000, 0.5000000000000000000, 16.00000000000000000 ) ) ;
#2550 = DIRECTION ( 'NONE',  ( -0.0000000000000000000, 1.000000000000000000, -0.0000000000000000000 ) ) ;
#2551 = CARTESIAN_POINT ( 'NONE',  ( 0.0000000000000000000, 1.899999999999999900, 0.0000000000000000000 ) ) ;
#2552 = DIRECTION ( 'NONE',  ( -0.0000000000000000000, -1.000000000000000000, -0.0000000000000000000 ) ) ;
#2553 = DIRECTION ( 'NONE',  ( 0.0000000000000000000, 0.0000000000000000000, 1.000000000000000000 ) ) ;
#2554 = DIRECTION ( 'NONE',  ( -0.0000000000000000000, 1.000000000000000000, -0.0000000000000000000 ) ) ;
#2555 = DIRECTION ( 'NONE',  ( -0.0000000000000000000, 1.000000000000000000, -0.0000000000000000000 ) ) ;
#2556 = CARTESIAN_POINT ( 'NONE',  ( 2.571758278209441300E-015, 1.600000000000000100, -20.99999999999999600 ) ) ;
#2557 = CARTESIAN_POINT ( 'NONE',  ( 0.0000000000000000000, 1.600000000000000100, 0.0000000000000000000 ) ) ;
#2558 = DIRECTION ( 'NONE',  ( 0.0000000000000000000, -1.000000000000000000, 0.0000000000000000000 ) ) ;
#2559 = DIRECTION ( 'NONE',  ( 0.0000000000000000000, 0.0000000000000000000, -1.000000000000000000 ) ) ;
#2560 = CARTESIAN_POINT ( 'NONE',  ( 0.0000000000000000000, 1.600000000000000100, 20.99999999999999600 ) ) ;
#2561 = CARTESIAN_POINT ( 'NONE',  ( 0.0000000000000000000, 1.899999999999999900, 0.0000000000000000000 ) ) ;
#2562 = DIRECTION ( 'NONE',  ( 0.0000000000000000000, -1.000000000000000000, 0.0000000000000000000 ) ) ;
#2563 = DIRECTION ( 'NONE',  ( 0.0000000000000000000, 0.0000000000000000000, -1.000000000000000000 ) ) ;
#2564 = DIRECTION ( 'NONE',  ( -0.0000000000000000000, 1.000000000000000000, -0.0000000000000000000 ) ) ;
#2565 = DIRECTION ( 'NONE',  ( -0.0000000000000000000, -1.000000000000000000, -0.0000000000000000000 ) ) ;
#2566 = CARTESIAN_POINT ( 'NONE',  ( 2.816687638038912400E-015, 1.600000000000000100, -23.00000000000000000 ) ) ;
#2567 = CARTESIAN_POINT ( 'NONE',  ( 0.0000000000000000000, 1.600000000000000100, 0.0000000000000000000 ) ) ;
#2568 = DIRECTION ( 'NONE',  ( 0.0000000000000000000, -1.000000000000000000, 0.0000000000000000000 ) ) ;
#2569 = DIRECTION ( 'NONE',  ( 0.0000000000000000000, 0.0000000000000000000, -1.000000000000000000 ) ) ;
#2570 = CARTESIAN_POINT ( 'NONE',  ( 8.840018528723726700, 8.000000000000000000, -21.23332457275170200 ) ) ;
#2571 = CARTESIAN_POINT ( 'NONE',  ( 0.0000000000000000000, 1.899999999999999900, 0.0000000000000000000 ) ) ;
#2572 = DIRECTION ( 'NONE',  ( -0.0000000000000000000, -1.000000000000000000, -0.0000000000000000000 ) ) ;
#2573 = DIRECTION ( 'NONE',  ( 0.0000000000000000000, 0.0000000000000000000, 1.000000000000000000 ) ) ;
#2574 = DIRECTION ( 'NONE',  ( -0.0000000000000000000, -1.000000000000000000, -0.0000000000000000000 ) ) ;
#2575 = CARTESIAN_POINT ( 'NONE',  ( 0.0000000000000000000, 1.600000000000000100, 23.00000000000000000 ) ) ;
#2576 = DIRECTION ( 'NONE',  ( -0.0000000000000000000, 1.000000000000000000, -0.0000000000000000000 ) ) ;
#2577 = CARTESIAN_POINT ( 'NONE',  ( 21.06693020440499400, 8.000000000000000000, -9.229542337663810200 ) ) ;
#2578 = CARTESIAN_POINT ( 'NONE',  ( 0.0000000000000000000, 8.000000000000000000, 0.0000000000000000000 ) ) ;
#2579 = DIRECTION ( 'NONE',  ( 0.0000000000000000000, 1.000000000000000000, 0.0000000000000000000 ) ) ;
#2580 = DIRECTION ( 'NONE',  ( 0.0000000000000000000, 0.0000000000000000000, 1.000000000000000000 ) ) ;
#2581 = CARTESIAN_POINT ( 'NONE',  ( 0.0000000000000000000, 1.899999999999999900, 0.0000000000000000000 ) ) ;
#2582 = DIRECTION ( 'NONE',  ( -0.0000000000000000000, -1.000000000000000000, -0.0000000000000000000 ) ) ;
#2583 = DIRECTION ( 'NONE',  ( -1.776356839400250500E-015, 0.0000000000000000000, 1.000000000000000000 ) ) ;
#2584 = CIRCLE ( 'NONE', #1443, 12.50000000000000000 ) ;
#2585 = LINE ( 'NONE', #2474, #2591 ) ;
#2586 = LINE ( 'NONE', #2467, #2587 ) ;
#2587 = VECTOR ( 'NONE', #2466, 1000.000000000000000 ) ;
#2588 = LINE ( 'NONE', #2473, #2593 ) ;
#2589 = CIRCLE ( 'NONE', #1444, 13.00000000000002300 ) ;
#2590 = LINE ( 'NONE', #2481, #2598 ) ;
#2591 = VECTOR ( 'NONE', #2471, 1000.000000000000000 ) ;
#2592 = CIRCLE ( 'NONE', #1445, 16.05000000000000100 ) ;
#2593 = VECTOR ( 'NONE', #2479, 1000.000000000000000 ) ;
#2594 = LINE ( 'NONE', #2478, #2596 ) ;
#2595 = LINE ( 'NONE', #2488, #2603 ) ;
#2596 = VECTOR ( 'NONE', #2472, 1000.000000000000000 ) ;
#2597 = CIRCLE ( 'NONE', #1446, 21.00000000000000000 ) ;
#2598 = VECTOR ( 'NONE', #2486, 1000.000000000000000 ) ;
#2599 = LINE ( 'NONE', #2485, #2601 ) ;
#2600 = CIRCLE ( 'NONE', #1448, 24.80000000000000100 ) ;
#2601 = VECTOR ( 'NONE', #2480, 1000.000000000000000 ) ;
#2602 = CIRCLE ( 'NONE', #1447, 23.00000000000000000 ) ;
#2603 = VECTOR ( 'NONE', #2493, 1000.000000000000000 ) ;
#2604 = LINE ( 'NONE', #2492, #2606 ) ;
#2605 = LINE ( 'NONE', #2499, #2609 ) ;
#2606 = VECTOR ( 'NONE', #2487, 1000.000000000000000 ) ;
#2607 = CIRCLE ( 'NONE', #1449, 24.80000000000000100 ) ;
#2608 = LINE ( 'NONE', #2510, #2615 ) ;
#2609 = VECTOR ( 'NONE', #2497, 1000.000000000000000 ) ;
#2610 = LINE ( 'NONE', #2503, #2612 ) ;
#2611 = CIRCLE ( 'NONE', #1450, 28.75000000000000000 ) ;
#2612 = VECTOR ( 'NONE', #2498, 1000.000000000000000 ) ;
#2613 = LINE ( 'NONE', #2518, #2621 ) ;
#2614 = CIRCLE ( 'NONE', #1451, 28.75000000000000000 ) ;
#2615 = VECTOR ( 'NONE', #2504, 1000.000000000000000 ) ;
#2616 = LINE ( 'NONE', #2509, #2618 ) ;
#2617 = CIRCLE ( 'NONE', #1452, 2.500000000000000400 ) ;
#2618 = VECTOR ( 'NONE', #2508, 1000.000000000000000 ) ;
#2619 = CIRCLE ( 'NONE', #1453, 2.500000000000000400 ) ;
#2620 = LINE ( 'NONE', #2523, #2624 ) ;
#2621 = VECTOR ( 'NONE', #2514, 1000.000000000000000 ) ;
#2622 = CIRCLE ( 'NONE', #1454, 15.50000000000002800 ) ;
#2623 = LINE ( 'NONE', #2528, #2627 ) ;
#2624 = VECTOR ( 'NONE', #2522, 1000.000000000000000 ) ;
#2625 = CIRCLE ( 'NONE', #1455, 16.00000000000000000 ) ;
#2626 = LINE ( 'NONE', #2534, #2630 ) ;
#2627 = VECTOR ( 'NONE', #2527, 1000.000000000000000 ) ;
#2628 = CIRCLE ( 'NONE', #1456, 12.50000000000000000 ) ;
#2629 = CIRCLE ( 'NONE', #1457, 13.00000000000002500 ) ;
#2630 = VECTOR ( 'NONE', #2532, 1000.000000000000000 ) ;
#2631 = LINE ( 'NONE', #2538, #2633 ) ;
#2632 = LINE ( 'NONE', #2545, #2636 ) ;
#2633 = VECTOR ( 'NONE', #2533, 999.9999999999998900 ) ;
#2634 = LINE ( 'NONE', #2544, #2638 ) ;
#2635 = CIRCLE ( 'NONE', #1459, 20.99999999999999600 ) ;
#2636 = VECTOR ( 'NONE', #2542, 999.9999999999998900 ) ;
#2637 = CIRCLE ( 'NONE', #1458, 16.00000000000000000 ) ;
#2638 = VECTOR ( 'NONE', #2550, 1000.000000000000000 ) ;
#2639 = LINE ( 'NONE', #2549, #2641 ) ;
#2640 = LINE ( 'NONE', #2556, #2644 ) ;
#2641 = VECTOR ( 'NONE', #2543, 1000.000000000000000 ) ;
#2642 = LINE ( 'NONE', #2560, #2647 ) ;
#2643 = CIRCLE ( 'NONE', #1460, 20.99999999999999600 ) ;
#2644 = VECTOR ( 'NONE', #2554, 1000.000000000000000 ) ;
#2645 = CIRCLE ( 'NONE', #1461, 23.00000000000000000 ) ;
#2646 = LINE ( 'NONE', #2566, #2650 ) ;
#2647 = VECTOR ( 'NONE', #2555, 1000.000000000000000 ) ;
#2648 = CIRCLE ( 'NONE', #1462, 23.00000000000000000 ) ;
#2649 = CIRCLE ( 'NONE', #1463, 23.00000000000000000 ) ;
#2650 = VECTOR ( 'NONE', #2564, 1000.000000000000000 ) ;
#2651 = LINE ( 'NONE', #2570, #2653 ) ;
#2652 = LINE ( 'NONE', #2577, #2656 ) ;
#2653 = VECTOR ( 'NONE', #2565, 1000.000000000000000 ) ;
#2654 = CIRCLE ( 'NONE', #1465, 0.5000000000000004400 ) ;
#2655 = CIRCLE ( 'NONE', #1464, 23.00000000000000000 ) ;
#2656 = VECTOR ( 'NONE', #2574, 1000.000000000000000 ) ;
#2657 = LINE ( 'NONE', #2575, #2659 ) ;
#2658 = LINE ( 'NONE', #2877, #2662 ) ;
#2659 = VECTOR ( 'NONE', #2576, 1000.000000000000000 ) ;
#2660 = CIRCLE ( 'NONE', #1466, 0.5000000000000004400 ) ;
#2661 = LINE ( 'NONE', #2876, #2665 ) ;
#2662 = VECTOR ( 'NONE', #2882, 1000.000000000000000 ) ;
#2663 = CIRCLE ( 'NONE', #1467, 0.5000000000000004400 ) ;
#2664 = CIRCLE ( 'NONE', #1468, 0.5000000000000004400 ) ;
#2665 = VECTOR ( 'NONE', #2881, 1000.000000000000000 ) ;
#2666 = LINE ( 'NONE', #2887, #2668 ) ;
#2667 = CIRCLE ( 'NONE', #1469, 25.37500000000000000 ) ;
#2668 = VECTOR ( 'NONE', #2883, 1000.000000000000000 ) ;
#2669 = LINE ( 'NONE', #2892, #2671 ) ;
#2670 = CIRCLE ( 'NONE', #1470, 25.37500000000000000 ) ;
#2671 = VECTOR ( 'NONE', #2888, 1000.000000000000000 ) ;
#2672 = LINE ( 'NONE', #2897, #2674 ) ;
#2673 = CIRCLE ( 'NONE', #1472, 1.000000000000000000 ) ;
#2674 = VECTOR ( 'NONE', #2893, 1000.000000000000000 ) ;
#2675 = LINE ( 'NONE', #2902, #2677 ) ;
#2676 = CIRCLE ( 'NONE', #1471, 5.050000000000000700 ) ;
#2677 = VECTOR ( 'NONE', #2898, 1000.000000000000000 ) ;
#2678 = CIRCLE ( 'NONE', #1473, 6.050000000000000700 ) ;
#2679 = CIRCLE ( 'NONE', #1474, 1.000000000000000000 ) ;
#2680 = CIRCLE ( 'NONE', #1475, 6.050000000000000700 ) ;
#2681 = CIRCLE ( 'NONE', #1476, 1.000000000000000000 ) ;
#2682 = CIRCLE ( 'NONE', #1477, 5.050000000000000700 ) ;
#2683 = CIRCLE ( 'NONE', #1479, 5.050000000000000700 ) ;
#2684 = CIRCLE ( 'NONE', #1478, 1.000000000000000000 ) ;
#2685 = CIRCLE ( 'NONE', #1480, 1.000000000000000000 ) ;
#2686 = CIRCLE ( 'NONE', #1481, 6.050000000000000700 ) ;
#2687 = CIRCLE ( 'NONE', #1482, 1.000000000000000000 ) ;
#2688 = CIRCLE ( 'NONE', #1483, 6.050000000000000700 ) ;
#2689 = CIRCLE ( 'NONE', #1484, 1.000000000000000000 ) ;
#2690 = CIRCLE ( 'NONE', #1485, 5.050000000000000700 ) ;
#2691 = CIRCLE ( 'NONE', #1487, 5.050000000000000700 ) ;
#2692 = CIRCLE ( 'NONE', #1486, 1.000000000000000000 ) ;
#2693 = LINE ( 'NONE', #2957, #2696 ) ;
#2694 = LINE ( 'NONE', #2967, #2702 ) ;
#2695 = CIRCLE ( 'NONE', #1488, 5.050000000000000700 ) ;
#2696 = VECTOR ( 'NONE', #2945, 1000.000000000000000 ) ;
#2697 = LINE ( 'NONE', #2949, #2699 ) ;
#2698 = CIRCLE ( 'NONE', #1489, 5.050000000000000700 ) ;
#2699 = VECTOR ( 'NONE', #2956, 1000.000000000000000 ) ;
#2700 = LINE ( 'NONE', #2976, #2708 ) ;
#2701 = CIRCLE ( 'NONE', #1490, 5.050000000000000700 ) ;
#2702 = VECTOR ( 'NONE', #2961, 1000.000000000000000 ) ;
#2703 = LINE ( 'NONE', #2966, #2705 ) ;
#2704 = CIRCLE ( 'NONE', #1491, 29.87500000000000000 ) ;
#2705 = VECTOR ( 'NONE', #2965, 1000.000000000000000 ) ;
#2706 = CIRCLE ( 'NONE', #1492, 29.87500000000000000 ) ;
#2707 = LINE ( 'NONE', #2986, #2720 ) ;
#2708 = VECTOR ( 'NONE', #2971, 1000.000000000000000 ) ;
#2709 = LINE ( 'NONE', #2980, #2711 ) ;
#2710 = CIRCLE ( 'NONE', #1493, 29.87500000000000000 ) ;
#2711 = VECTOR ( 'NONE', #2975, 1000.000000000000000 ) ;
#2712 = LINE ( 'NONE', #2981, #2714 ) ;
#2713 = LINE ( 'NONE', #2990, #2716 ) ;
#2714 = VECTOR ( 'NONE', #2982, 1000.000000000000000 ) ;
#2715 = LINE ( 'NONE', #2992, #2718 ) ;
#2716 = VECTOR ( 'NONE', #2991, 1000.000000000000000 ) ;
#2717 = CIRCLE ( 'NONE', #1494, 28.75000000000000000 ) ;
#2718 = VECTOR ( 'NONE', #2994, 1000.000000000000000 ) ;
#2719 = CIRCLE ( 'NONE', #1503, 10.79999999999999900 ) ;
#2720 = VECTOR ( 'NONE', #2995, 1000.000000000000000 ) ;
#2721 = LINE ( 'NONE', #2996, #2723 ) ;
#2722 = CIRCLE ( 'NONE', #1495, 28.75000000000000000 ) ;
#2723 = VECTOR ( 'NONE', #2993, 1000.000000000000000 ) ;
#2724 = CIRCLE ( 'NONE', #1496, 21.00000000000000000 ) ;
#2725 = CIRCLE ( 'NONE', #1497, 16.05000000000000100 ) ;
#2726 = CIRCLE ( 'NONE', #1498, 24.80000000000000100 ) ;
#2727 = CIRCLE ( 'NONE', #1499, 23.00000000000000000 ) ;
#2728 = CIRCLE ( 'NONE', #1500, 12.50000000000000000 ) ;
#2729 = CIRCLE ( 'NONE', #1501, 12.50000000000000000 ) ;
#2730 = CIRCLE ( 'NONE', #1502, 28.94999999999999900 ) ;
#2731 = CIRCLE ( 'NONE', #1535, 21.00000000000000000 ) ;
#2732 = CIRCLE ( 'NONE', #1504, 28.94999999999999900 ) ;
#2733 = CIRCLE ( 'NONE', #1505, 10.79999999999999900 ) ;
#2734 = CIRCLE ( 'NONE', #1506, 47.50000000000002100 ) ;
#2735 = CIRCLE ( 'NONE', #1507, 2.999999999999999100 ) ;
#2736 = LINE ( 'NONE', #3033, #2738 ) ;
#2737 = CIRCLE ( 'NONE', #1508, 2.999999999999999100 ) ;
#2738 = VECTOR ( 'NONE', #3034, 1000.000000000000100 ) ;
#2739 = CIRCLE ( 'NONE', #1509, 29.87500000000000000 ) ;
#2740 = LINE ( 'NONE', #3041, #2742 ) ;
#2741 = CIRCLE ( 'NONE', #1510, 2.999999999999999100 ) ;
#2742 = VECTOR ( 'NONE', #3042, 1000.000000000000100 ) ;
#2743 = CIRCLE ( 'NONE', #1511, 47.50000000000002100 ) ;
#2744 = CIRCLE ( 'NONE', #1512, 3.000000000000000000 ) ;
#2745 = LINE ( 'NONE', #3052, #2747 ) ;
#2746 = CIRCLE ( 'NONE', #1513, 2.999999999999999100 ) ;
#2747 = VECTOR ( 'NONE', #3053, 1000.000000000000000 ) ;
#2748 = CIRCLE ( 'NONE', #1514, 29.87500000000000000 ) ;
#2749 = LINE ( 'NONE', #3060, #2751 ) ;
#2750 = CIRCLE ( 'NONE', #1515, 3.000000000000000000 ) ;
#2751 = VECTOR ( 'NONE', #3061, 1000.000000000000000 ) ;
#2752 = CIRCLE ( 'NONE', #1516, 6.050000000000000700 ) ;
#2753 = CIRCLE ( 'NONE', #1517, 6.050000000000000700 ) ;
#2754 = CIRCLE ( 'NONE', #1518, 2.999999999999999100 ) ;
#2755 = CIRCLE ( 'NONE', #1519, 2.499999999999998700 ) ;
#2756 = LINE ( 'NONE', #3077, #2758 ) ;
#2757 = CIRCLE ( 'NONE', #1520, 2.499999999999998700 ) ;
#2758 = VECTOR ( 'NONE', #3078, 1000.000000000000000 ) ;
#2759 = CIRCLE ( 'NONE', #1521, 25.37500000000000000 ) ;
#2760 = CIRCLE ( 'NONE', #1522, 3.000000000000000900 ) ;
#2761 = LINE ( 'NONE', #16, #2763 ) ;
#2762 = CIRCLE ( 'NONE', #1523, 2.000000000000000000 ) ;
#2763 = VECTOR ( 'NONE', #17, 1000.000000000000200 ) ;
#2764 = CIRCLE ( 'NONE', #1524, 7.800000000000001600 ) ;
#2765 = CIRCLE ( 'NONE', #1525, 2.000000000000001800 ) ;
#2766 = LINE ( 'NONE', #27, #2768 ) ;
#2767 = CIRCLE ( 'NONE', #1526, 2.999999999999999100 ) ;
#2768 = VECTOR ( 'NONE', #28, 1000.000000000000100 ) ;
#2769 = CIRCLE ( 'NONE', #1527, 2.500000000000000400 ) ;
#2770 = LINE ( 'NONE', #35, #2772 ) ;
#2771 = CIRCLE ( 'NONE', #1528, 2.499999999999998700 ) ;
#2772 = VECTOR ( 'NONE', #36, 1000.000000000000000 ) ;
#2773 = CIRCLE ( 'NONE', #1529, 25.37500000000000000 ) ;
#2774 = CIRCLE ( 'NONE', #1530, 2.999999999999999100 ) ;
#2775 = LINE ( 'NONE', #46, #2777 ) ;
#2776 = CIRCLE ( 'NONE', #1531, 2.000000000000000000 ) ;
#2777 = VECTOR ( 'NONE', #47, 1000.000000000000000 ) ;
#2778 = CIRCLE ( 'NONE', #1532, 7.800000000000001600 ) ;
#2779 = CIRCLE ( 'NONE', #1533, 2.000000000000001800 ) ;
#2780 = LINE ( 'NONE', #57, #2782 ) ;
#2781 = CIRCLE ( 'NONE', #1534, 28.25000000000000000 ) ;
#2782 = VECTOR ( 'NONE', #58, 1000.000000000000100 ) ;
#2783 = LINE ( 'NONE', #62, #2785 ) ;
#2784 = CIRCLE ( 'NONE', #1537, 22.80000000000001500 ) ;
#2785 = VECTOR ( 'NONE', #63, 1000.000000000000000 ) ;
#2786 = CIRCLE ( 'NONE', #1536, 23.00000000000000000 ) ;
#2787 = CIRCLE ( 'NONE', #1540, 11.00000000000000000 ) ;
#2788 = CIRCLE ( 'NONE', #1538, 20.99999999999999600 ) ;
#2789 = CIRCLE ( 'NONE', #1539, 11.50000000000000000 ) ;
#2790 = LINE ( 'NONE', #85, #2792 ) ;
#2791 = CIRCLE ( 'NONE', #1541, 13.00000000000002300 ) ;
#2792 = VECTOR ( 'NONE', #86, 1000.000000000000000 ) ;
#2793 = CIRCLE ( 'NONE', #1543, 11.00000000000000000 ) ;
#2794 = CIRCLE ( 'NONE', #1542, 11.00000000000000000 ) ;
#2795 = CIRCLE ( 'NONE', #1547, 21.19999999999996700 ) ;
#2796 = CIRCLE ( 'NONE', #1544, 11.00000000000000000 ) ;
#2797 = CIRCLE ( 'NONE', #1545, 15.55000000000003600 ) ;
#2798 = CIRCLE ( 'NONE', #1546, 16.05000000000000100 ) ;
#2799 = LINE ( 'NONE', #108, #2802 ) ;
#2800 = CIRCLE ( 'NONE', #1548, 28.75000000000000000 ) ;
#2801 = LINE ( 'NONE', #137, #2810 ) ;
#2802 = VECTOR ( 'NONE', #109, 1000.000000000000000 ) ;
#2803 = CIRCLE ( 'NONE', #1549, 28.25000000000000000 ) ;
#2804 = CIRCLE ( 'NONE', #1550, 11.50000000000000000 ) ;
#2805 = CIRCLE ( 'NONE', #1551, 25.30000000000000100 ) ;
#2806 = LINE ( 'NONE', #131, #2808 ) ;
#2807 = LINE ( 'NONE', #136, #2812 ) ;
#2808 = VECTOR ( 'NONE', #132, 1000.000000000000000 ) ;
#2809 = LINE ( 'NONE', #141, #2814 ) ;
#2810 = VECTOR ( 'NONE', #142, 1000.000000000000000 ) ;
#2811 = LINE ( 'NONE', #143, #2816 ) ;
#2812 = VECTOR ( 'NONE', #144, 1000.000000000000000 ) ;
#2813 = CIRCLE ( 'NONE', #1552, 24.64999999999999900 ) ;
#2814 = VECTOR ( 'NONE', #145, 1000.000000000000200 ) ;
#2815 = LINE ( 'NONE', #149, #2821 ) ;
#2816 = VECTOR ( 'NONE', #147, 1000.000000000000000 ) ;
#2817 = LINE ( 'NONE', #148, #2819 ) ;
#2818 = CIRCLE ( 'NONE', #1553, 24.64999999999999900 ) ;
#2819 = VECTOR ( 'NONE', #146, 1000.000000000000000 ) ;
#2820 = LINE ( 'NONE', #155, #2823 ) ;
#2821 = VECTOR ( 'NONE', #154, 999.9999999999998900 ) ;
#2822 = LINE ( 'NONE', #157, #2825 ) ;
#2823 = VECTOR ( 'NONE', #156, 1000.000000000000100 ) ;
#2824 = LINE ( 'NONE', #161, #2830 ) ;
#2825 = VECTOR ( 'NONE', #159, 1000.000000000000000 ) ;
#2826 = LINE ( 'NONE', #158, #2828 ) ;
#2827 = LINE ( 'NONE', #160, #2834 ) ;
#2828 = VECTOR ( 'NONE', #153, 1000.000000000000000 ) ;
#2829 = LINE ( 'NONE', #166, #2832 ) ;
#2830 = VECTOR ( 'NONE', #165, 999.9999999999998900 ) ;
#2831 = CIRCLE ( 'NONE', #1554, 16.00000000000000000 ) ;
#2832 = VECTOR ( 'NONE', #167, 1000.000000000000000 ) ;
#2833 = LINE ( 'NONE', #175, #2840 ) ;
#2834 = VECTOR ( 'NONE', #168, 1000.000000000000000 ) ;
#2835 = CIRCLE ( 'NONE', #1555, 15.50000000000002800 ) ;
#2836 = LINE ( 'NONE', #169, #2838 ) ;
#2837 = CIRCLE ( 'NONE', #3097, 0.5000000000000004400 ) ;
#2838 = VECTOR ( 'NONE', #170, 1000.000000000000000 ) ;
#2839 = CIRCLE ( 'NONE', #3096, 23.00000000000000400 ) ;
#2840 = VECTOR ( 'NONE', #180, 1000.000000000000000 ) ;
#2841 = LINE ( 'NONE', #179, #2843 ) ;
#2842 = LINE ( 'NONE', #206, #2857 ) ;
#2843 = VECTOR ( 'NONE', #174, 1000.000000000000100 ) ;
#2844 = CIRCLE ( 'NONE', #3098, 23.00000000000000000 ) ;
#2845 = LINE ( 'NONE', #184, #2847 ) ;
#2846 = CIRCLE ( 'NONE', #3099, 0.5000000000000004400 ) ;
#2847 = VECTOR ( 'NONE', #185, 1000.000000000000000 ) ;
#2848 = CIRCLE ( 'NONE', #3100, 0.5000000000000004400 ) ;
#2849 = CIRCLE ( 'NONE', #3101, 0.5000000000000004400 ) ;
#2850 = LINE ( 'NONE', #195, #2852 ) ;
#2851 = CIRCLE ( 'NONE', #3102, 0.5000000000000004400 ) ;
#2852 = VECTOR ( 'NONE', #196, 1000.000000000000000 ) ;
#2853 = LINE ( 'NONE', #200, #2855 ) ;
#2854 = LINE ( 'NONE', #205, #2863 ) ;
#2855 = VECTOR ( 'NONE', #201, 1000.000000000000000 ) ;
#2856 = LINE ( 'NONE', #212, #2859 ) ;
#2857 = VECTOR ( 'NONE', #211, 1000.000000000000000 ) ;
#2858 = LINE ( 'NONE', #214, #2861 ) ;
#2859 = VECTOR ( 'NONE', #213, 1000.000000000000100 ) ;
#2860 = LINE ( 'NONE', #210, #2869 ) ;
#2861 = VECTOR ( 'NONE', #215, 1000.000000000000000 ) ;
#2862 = LINE ( 'NONE', #217, #2865 ) ;
#2863 = VECTOR ( 'NONE', #216, 1000.000000000000100 ) ;
#2864 = LINE ( 'NONE', #219, #2867 ) ;
#2865 = VECTOR ( 'NONE', #218, 1000.000000000000000 ) ;
#2866 = CIRCLE ( 'NONE', #3104, 0.5000000000000004400 ) ;
#2867 = VECTOR ( 'NONE', #220, 1000.000000000000000 ) ;
#2868 = CIRCLE ( 'NONE', #3103, 0.5000000000000004400 ) ;
#2869 = VECTOR ( 'NONE', #221, 1000.000000000000000 ) ;
#2870 = FACE_OUTER_BOUND ( 'NONE', #1687, .T. ) ;
#2871 = CIRCLE ( 'NONE', #3105, 0.5000000000000004400 ) ;
#2872 = CIRCLE ( 'NONE', #3106, 0.5000000000000004400 ) ;
#2873 = LINE ( 'NONE', #228, #2875 ) ;
#2874 = VECTOR ( 'NONE', #240, 1000.000000000000000 ) ;
#2875 = VECTOR ( 'NONE', #229, 1000.000000000000000 ) ;
#2876 = CARTESIAN_POINT ( 'NONE',  ( -21.51495049036083500, 1.899999999999999900, -14.68119991073606400 ) ) ;
#2877 = CARTESIAN_POINT ( 'NONE',  ( -21.87456677597348100, 1.899999999999999900, -14.52858460689029000 ) ) ;
#2878 = CARTESIAN_POINT ( 'NONE',  ( -21.87456677597348100, 0.0000000000000000000, -15.02858460689029000 ) ) ;
#2879 = DIRECTION ( 'NONE',  ( -0.0000000000000000000, 1.000000000000000000, -0.0000000000000000000 ) ) ;
#2880 = DIRECTION ( 'NONE',  ( 0.0000000000000000000, 0.0000000000000000000, -1.000000000000000000 ) ) ;
#2881 = DIRECTION ( 'NONE',  ( -0.0000000000000000000, 1.000000000000000000, -0.0000000000000000000 ) ) ;
#2882 = DIRECTION ( 'NONE',  ( 0.0000000000000000000, 1.000000000000000000, 0.0000000000000000000 ) ) ;
#2883 = DIRECTION ( 'NONE',  ( -0.0000000000000000000, -1.000000000000000000, -0.0000000000000000000 ) ) ;
#2884 = CARTESIAN_POINT ( 'NONE',  ( -21.87456677597348100, 1.899999999999999900, -15.02858460689029000 ) ) ;
#2885 = DIRECTION ( 'NONE',  ( -0.0000000000000000000, -1.000000000000000000, 0.0000000000000000000 ) ) ;
#2886 = DIRECTION ( 'NONE',  ( 0.0000000000000000000, 0.0000000000000000000, 1.000000000000000000 ) ) ;
#2887 = CARTESIAN_POINT ( 'NONE',  ( -24.51429491974059300, 8.000000000000000000, -16.68815711746746900 ) ) ;
#2888 = DIRECTION ( 'NONE',  ( -0.0000000000000000000, -1.000000000000000000, -0.0000000000000000000 ) ) ;
#2889 = CARTESIAN_POINT ( 'NONE',  ( -24.51429491974059300, 1.899999999999999700, -16.18815711746746900 ) ) ;
#2890 = DIRECTION ( 'NONE',  ( 0.0000000000000000000, 1.000000000000000000, -0.0000000000000000000 ) ) ;
#2891 = DIRECTION ( 'NONE',  ( 0.0000000000000000000, 0.0000000000000000000, 1.000000000000000000 ) ) ;
#2892 = CARTESIAN_POINT ( 'NONE',  ( -24.90513250316086800, 8.000000000000000000, -16.50000000000000000 ) ) ;
#2893 = DIRECTION ( 'NONE',  ( -0.0000000000000000000, -1.000000000000000000, -0.0000000000000000000 ) ) ;
#2894 = CARTESIAN_POINT ( 'NONE',  ( -24.51429491974059300, 0.0000000000000000000, -16.18815711746746900 ) ) ;
#2895 = DIRECTION ( 'NONE',  ( 0.0000000000000000000, -1.000000000000000000, 0.0000000000000000000 ) ) ;
#2896 = DIRECTION ( 'NONE',  ( 0.0000000000000000000, 0.0000000000000000000, -1.000000000000000000 ) ) ;
#2897 = CARTESIAN_POINT ( 'NONE',  ( 0.0000000000000000000, 1.899999999999999900, -25.37500000000000000 ) ) ;
#2898 = DIRECTION ( 'NONE',  ( 0.0000000000000000000, 1.000000000000000000, 0.0000000000000000000 ) ) ;
#2899 = CARTESIAN_POINT ( 'NONE',  ( 0.0000000000000000000, 1.899999999999999900, 0.0000000000000000000 ) ) ;
#2900 = DIRECTION ( 'NONE',  ( 0.0000000000000000000, -1.000000000000000000, 0.0000000000000000000 ) ) ;
#2901 = DIRECTION ( 'NONE',  ( 0.0000000000000000000, 0.0000000000000000000, -1.000000000000000000 ) ) ;
#2902 = CARTESIAN_POINT ( 'NONE',  ( 21.39102142648024300, 1.899999999999999900, -13.64971894699165100 ) ) ;
#2903 = CARTESIAN_POINT ( 'NONE',  ( 0.0000000000000000000, 0.0000000000000000000, 0.0000000000000000000 ) ) ;
#2904 = DIRECTION ( 'NONE',  ( 0.0000000000000000000, -1.000000000000000000, 0.0000000000000000000 ) ) ;
#2905 = DIRECTION ( 'NONE',  ( 0.0000000000000000000, 0.0000000000000000000, -1.000000000000000000 ) ) ;
#2906 = CARTESIAN_POINT ( 'NONE',  ( -37.50000000000000000, 7.000000000000000000, 0.0000000000000000000 ) ) ;
#2907 = DIRECTION ( 'NONE',  ( -0.0000000000000000000, 1.000000000000000000, -0.0000000000000000000 ) ) ;
#2908 = DIRECTION ( 'NONE',  ( 0.0000000000000000000, 0.0000000000000000000, -1.000000000000000000 ) ) ;
#2909 = CARTESIAN_POINT ( 'NONE',  ( -37.50000000000000000, 7.000000000000000000, 6.050000000000000700 ) ) ;
#2910 = DIRECTION ( 'NONE',  ( 1.000000000000000000, 0.0000000000000000000, -1.224646799147353200E-016 ) ) ;
#2911 = DIRECTION ( 'NONE',  ( 0.0000000000000000000, 0.0000000000000000000, -1.000000000000000000 ) ) ;
#2912 = CARTESIAN_POINT ( 'NONE',  ( -37.50000000000000000, 8.000000000000000000, 0.0000000000000000000 ) ) ;
#2913 = DIRECTION ( 'NONE',  ( 0.0000000000000000000, -1.000000000000000000, 0.0000000000000000000 ) ) ;
#2914 = DIRECTION ( 'NONE',  ( 0.0000000000000000000, 0.0000000000000000000, -1.000000000000000000 ) ) ;
#2915 = CARTESIAN_POINT ( 'NONE',  ( -37.50000000000000000, 7.000000000000000000, -6.050000000000000700 ) ) ;
#2916 = DIRECTION ( 'NONE',  ( -1.000000000000000000, -0.0000000000000000000, -0.0000000000000000000 ) ) ;
#2917 = DIRECTION ( 'NONE',  ( 0.0000000000000000000, 0.0000000000000000000, 1.000000000000000000 ) ) ;
#2918 = CARTESIAN_POINT ( 'NONE',  ( -37.50000000000000000, 0.0000000000000000000, 0.0000000000000000000 ) ) ;
#2919 = DIRECTION ( 'NONE',  ( -0.0000000000000000000, 1.000000000000000000, -0.0000000000000000000 ) ) ;
#2920 = DIRECTION ( 'NONE',  ( 0.0000000000000000000, 0.0000000000000000000, -1.000000000000000000 ) ) ;
#2921 = CARTESIAN_POINT ( 'NONE',  ( -37.50000000000000000, 1.000000000000000000, 6.050000000000000700 ) ) ;
#2922 = DIRECTION ( 'NONE',  ( 1.000000000000000000, 0.0000000000000000000, -1.224646799147353200E-016 ) ) ;
#2923 = DIRECTION ( 'NONE',  ( 0.0000000000000000000, 0.0000000000000000000, -1.000000000000000000 ) ) ;
#2924 = CARTESIAN_POINT ( 'NONE',  ( -37.50000000000000000, 1.000000000000000000, 0.0000000000000000000 ) ) ;
#2925 = DIRECTION ( 'NONE',  ( 0.0000000000000000000, -1.000000000000000000, 0.0000000000000000000 ) ) ;
#2926 = DIRECTION ( 'NONE',  ( 0.0000000000000000000, 0.0000000000000000000, -1.000000000000000000 ) ) ;
#2927 = CARTESIAN_POINT ( 'NONE',  ( -37.50000000000000000, 1.000000000000000000, -6.050000000000000700 ) ) ;
#2928 = DIRECTION ( 'NONE',  ( -1.000000000000000000, -0.0000000000000000000, -0.0000000000000000000 ) ) ;
#2929 = DIRECTION ( 'NONE',  ( 0.0000000000000000000, 0.0000000000000000000, 1.000000000000000000 ) ) ;
#2930 = CARTESIAN_POINT ( 'NONE',  ( 37.50000000000000000, 7.000000000000000000, 0.0000000000000000000 ) ) ;
#2931 = DIRECTION ( 'NONE',  ( -0.0000000000000000000, 1.000000000000000000, -0.0000000000000000000 ) ) ;
#2932 = DIRECTION ( 'NONE',  ( 0.0000000000000000000, 0.0000000000000000000, -1.000000000000000000 ) ) ;
#2933 = CARTESIAN_POINT ( 'NONE',  ( 37.50000000000000000, 7.000000000000000000, 6.050000000000000700 ) ) ;
#2934 = DIRECTION ( 'NONE',  ( 1.000000000000000000, 0.0000000000000000000, -1.224646799147353200E-016 ) ) ;
#2935 = DIRECTION ( 'NONE',  ( 0.0000000000000000000, 0.0000000000000000000, -1.000000000000000000 ) ) ;
#2936 = CARTESIAN_POINT ( 'NONE',  ( 37.50000000000000000, 8.000000000000000000, 0.0000000000000000000 ) ) ;
#2937 = DIRECTION ( 'NONE',  ( 0.0000000000000000000, -1.000000000000000000, 0.0000000000000000000 ) ) ;
#2938 = DIRECTION ( 'NONE',  ( 0.0000000000000000000, 0.0000000000000000000, -1.000000000000000000 ) ) ;
#2939 = CARTESIAN_POINT ( 'NONE',  ( 37.50000000000000000, 7.000000000000000000, -6.050000000000000700 ) ) ;
#2940 = DIRECTION ( 'NONE',  ( -1.000000000000000000, -0.0000000000000000000, -0.0000000000000000000 ) ) ;
#2941 = DIRECTION ( 'NONE',  ( 0.0000000000000000000, 0.0000000000000000000, 1.000000000000000000 ) ) ;
#2942 = CARTESIAN_POINT ( 'NONE',  ( 37.50000000000000000, 0.0000000000000000000, 0.0000000000000000000 ) ) ;
#2943 = DIRECTION ( 'NONE',  ( -0.0000000000000000000, 1.000000000000000000, -0.0000000000000000000 ) ) ;
#2944 = DIRECTION ( 'NONE',  ( 0.0000000000000000000, 0.0000000000000000000, -1.000000000000000000 ) ) ;
#2945 = DIRECTION ( 'NONE',  ( -0.0000000000000000000, -1.000000000000000000, -0.0000000000000000000 ) ) ;
#2946 = CARTESIAN_POINT ( 'NONE',  ( 37.50000000000000000, 1.000000000000000000, 6.050000000000000700 ) ) ;
#2947 = DIRECTION ( 'NONE',  ( 1.000000000000000000, 0.0000000000000000000, -1.224646799147353200E-016 ) ) ;
#2948 = DIRECTION ( 'NONE',  ( 0.0000000000000000000, 0.0000000000000000000, -1.000000000000000000 ) ) ;
#2949 = CARTESIAN_POINT ( 'NONE',  ( 37.50000000000000000, 8.000000000000000000, -5.050000000000000700 ) ) ;
#2950 = CARTESIAN_POINT ( 'NONE',  ( 37.50000000000000000, 1.000000000000000000, 0.0000000000000000000 ) ) ;
#2951 = DIRECTION ( 'NONE',  ( 0.0000000000000000000, -1.000000000000000000, 0.0000000000000000000 ) ) ;
#2952 = DIRECTION ( 'NONE',  ( 0.0000000000000000000, 0.0000000000000000000, -1.000000000000000000 ) ) ;
#2953 = CARTESIAN_POINT ( 'NONE',  ( 37.50000000000000000, 1.000000000000000000, -6.050000000000000700 ) ) ;
#2954 = DIRECTION ( 'NONE',  ( -1.000000000000000000, -0.0000000000000000000, -0.0000000000000000000 ) ) ;
#2955 = DIRECTION ( 'NONE',  ( 0.0000000000000000000, 0.0000000000000000000, 1.000000000000000000 ) ) ;
#2956 = DIRECTION ( 'NONE',  ( -0.0000000000000000000, -1.000000000000000000, -0.0000000000000000000 ) ) ;
#2957 = CARTESIAN_POINT ( 'NONE',  ( 37.50000000000000000, 8.000000000000000000, 5.050000000000000700 ) ) ;
#2958 = CARTESIAN_POINT ( 'NONE',  ( 37.50000000000000000, 7.000000000000000000, 0.0000000000000000000 ) ) ;
#2959 = DIRECTION ( 'NONE',  ( -0.0000000000000000000, 1.000000000000000000, -0.0000000000000000000 ) ) ;
#2960 = DIRECTION ( 'NONE',  ( 0.0000000000000000000, 0.0000000000000000000, -1.000000000000000000 ) ) ;
#2961 = DIRECTION ( 'NONE',  ( -0.0000000000000000000, -1.000000000000000000, -0.0000000000000000000 ) ) ;
#2962 = CARTESIAN_POINT ( 'NONE',  ( 37.50000000000000000, 1.000000000000000000, 0.0000000000000000000 ) ) ;
#2963 = DIRECTION ( 'NONE',  ( 0.0000000000000000000, -1.000000000000000000, 0.0000000000000000000 ) ) ;
#2964 = DIRECTION ( 'NONE',  ( 0.0000000000000000000, 0.0000000000000000000, -1.000000000000000000 ) ) ;
#2965 = DIRECTION ( 'NONE',  ( -0.0000000000000000000, -1.000000000000000000, -0.0000000000000000000 ) ) ;
#2966 = CARTESIAN_POINT ( 'NONE',  ( -37.50000000000000000, 8.000000000000000000, -5.050000000000000700 ) ) ;
#2967 = CARTESIAN_POINT ( 'NONE',  ( -37.50000000000000000, 8.000000000000000000, 5.050000000000000700 ) ) ;
#2968 = CARTESIAN_POINT ( 'NONE',  ( -37.50000000000000000, 7.000000000000000000, 0.0000000000000000000 ) ) ;
#2969 = DIRECTION ( 'NONE',  ( -0.0000000000000000000, 1.000000000000000000, -0.0000000000000000000 ) ) ;
#2970 = DIRECTION ( 'NONE',  ( 0.0000000000000000000, 0.0000000000000000000, -1.000000000000000000 ) ) ;
#2971 = DIRECTION ( 'NONE',  ( -0.0000000000000000000, -1.000000000000000000, -0.0000000000000000000 ) ) ;
#2972 = CARTESIAN_POINT ( 'NONE',  ( -37.50000000000000000, 1.000000000000000000, 0.0000000000000000000 ) ) ;
#2973 = DIRECTION ( 'NONE',  ( 0.0000000000000000000, -1.000000000000000000, 0.0000000000000000000 ) ) ;
#2974 = DIRECTION ( 'NONE',  ( 0.0000000000000000000, 0.0000000000000000000, -1.000000000000000000 ) ) ;
#2975 = DIRECTION ( 'NONE',  ( 0.0000000000000000000, 1.000000000000000000, 0.0000000000000000000 ) ) ;
#2976 = CARTESIAN_POINT ( 'NONE',  ( 0.0000000000000000000, 8.000000000000000000, -29.87500000000000000 ) ) ;
#2977 = CARTESIAN_POINT ( 'NONE',  ( 0.0000000000000000000, 8.000000000000000000, 0.0000000000000000000 ) ) ;
#2978 = DIRECTION ( 'NONE',  ( 0.0000000000000000000, 1.000000000000000000, 0.0000000000000000000 ) ) ;
#2979 = DIRECTION ( 'NONE',  ( 0.0000000000000000000, 0.0000000000000000000, 1.000000000000000000 ) ) ;
#2980 = CARTESIAN_POINT ( 'NONE',  ( -17.96237376104874500, 8.000000000000000000, -23.87192396662630900 ) ) ;
#2981 = CARTESIAN_POINT ( 'NONE',  ( -24.90513250316086800, 8.000000000000000000, -16.50000000000000000 ) ) ;
#2982 = DIRECTION ( 'NONE',  ( -0.0000000000000000000, -1.000000000000000000, -0.0000000000000000000 ) ) ;
#2983 = CARTESIAN_POINT ( 'NONE',  ( 0.0000000000000000000, 0.0000000000000000000, 0.0000000000000000000 ) ) ;
#2984 = DIRECTION ( 'NONE',  ( 0.0000000000000000000, 1.000000000000000000, 0.0000000000000000000 ) ) ;
#2985 = DIRECTION ( 'NONE',  ( 0.0000000000000000000, 0.0000000000000000000, 1.000000000000000000 ) ) ;
#2986 = CARTESIAN_POINT ( 'NONE',  ( -28.15749999999999500, 12.00000000000000400, 5.806693874314361500 ) ) ;
#2987 = CARTESIAN_POINT ( 'NONE',  ( 0.0000000000000000000, 1.899999999999999700, 0.0000000000000000000 ) ) ;
#2988 = DIRECTION ( 'NONE',  ( 0.0000000000000000000, 1.000000000000000000, -0.0000000000000000000 ) ) ;
#2989 = DIRECTION ( 'NONE',  ( 0.0000000000000000000, 0.0000000000000000000, 1.000000000000000000 ) ) ;
#2990 = CARTESIAN_POINT ( 'NONE',  ( 1.530808498934191500E-015, 8.000000000000000000, 12.50000000000000000 ) ) ;
#2991 = DIRECTION ( 'NONE',  ( -0.0000000000000000000, -1.000000000000000000, -0.0000000000000000000 ) ) ;
#2992 = CARTESIAN_POINT ( 'NONE',  ( 0.0000000000000000000, 8.000000000000000000, -12.50000000000000000 ) ) ;
#2993 = DIRECTION ( 'NONE',  ( -0.0000000000000000000, 1.000000000000000000, -0.0000000000000000000 ) ) ;
#2994 = DIRECTION ( 'NONE',  ( -0.0000000000000000000, -1.000000000000000000, -0.0000000000000000000 ) ) ;
#2995 = DIRECTION ( 'NONE',  ( 0.0000000000000000000, -1.000000000000000000, 0.0000000000000000000 ) ) ;
#2996 = CARTESIAN_POINT ( 'NONE',  ( 28.15749999999999500, 12.00000000000000400, 5.806693874314361500 ) ) ;
#2997 = CARTESIAN_POINT ( 'NONE',  ( 0.0000000000000000000, 8.200000000000001100, 0.0000000000000000000 ) ) ;
#2998 = DIRECTION ( 'NONE',  ( -0.0000000000000000000, 1.000000000000000000, -0.0000000000000000000 ) ) ;
#2999 = DIRECTION ( 'NONE',  ( 0.0000000000000000000, 0.0000000000000000000, -1.000000000000000000 ) ) ;
#3000 = CARTESIAN_POINT ( 'NONE',  ( 0.0000000000000000000, 15.50000000000000000, 0.0000000000000000000 ) ) ;
#3001 = DIRECTION ( 'NONE',  ( -0.0000000000000000000, -1.000000000000000000, -0.0000000000000000000 ) ) ;
#3002 = DIRECTION ( 'NONE',  ( 8.881784197001252300E-016, 0.0000000000000000000, 1.000000000000000000 ) ) ;
#3003 = CARTESIAN_POINT ( 'NONE',  ( 0.0000000000000000000, 14.00000000000000000, 0.0000000000000000000 ) ) ;
#3004 = DIRECTION ( 'NONE',  ( -0.0000000000000000000, -1.000000000000000000, -0.0000000000000000000 ) ) ;
#3005 = DIRECTION ( 'NONE',  ( 0.0000000000000000000, 0.0000000000000000000, 1.000000000000000000 ) ) ;
#3006 = CARTESIAN_POINT ( 'NONE',  ( 0.0000000000000000000, 14.00000000000000000, 0.0000000000000000000 ) ) ;
#3007 = DIRECTION ( 'NONE',  ( 0.0000000000000000000, 1.000000000000000000, 0.0000000000000000000 ) ) ;
#3008 = DIRECTION ( 'NONE',  ( 0.0000000000000000000, 0.0000000000000000000, 1.000000000000000000 ) ) ;
#3009 = CARTESIAN_POINT ( 'NONE',  ( 0.0000000000000000000, 14.00000000000000000, 0.0000000000000000000 ) ) ;
#3010 = DIRECTION ( 'NONE',  ( 0.0000000000000000000, 1.000000000000000000, 0.0000000000000000000 ) ) ;
#3011 = DIRECTION ( 'NONE',  ( 0.0000000000000000000, 0.0000000000000000000, 1.000000000000000000 ) ) ;
#3012 = CARTESIAN_POINT ( 'NONE',  ( 0.0000000000000000000, 14.00000000000000000, 0.0000000000000000000 ) ) ;
#3013 = DIRECTION ( 'NONE',  ( 0.0000000000000000000, 1.000000000000000000, 0.0000000000000000000 ) ) ;
#3014 = DIRECTION ( 'NONE',  ( 0.0000000000000000000, 0.0000000000000000000, 1.000000000000000000 ) ) ;
#3015 = CARTESIAN_POINT ( 'NONE',  ( 0.0000000000000000000, 23.49999999999998600, 0.0000000000000000000 ) ) ;
#3016 = DIRECTION ( 'NONE',  ( 0.0000000000000000000, 1.000000000000000000, 0.0000000000000000000 ) ) ;
#3017 = DIRECTION ( 'NONE',  ( 0.0000000000000000000, 0.0000000000000000000, 1.000000000000000000 ) ) ;
#3018 = CARTESIAN_POINT ( 'NONE',  ( 0.0000000000000000000, 1.000000000000026900, 0.0000000000000000000 ) ) ;
#3019 = DIRECTION ( 'NONE',  ( 0.0000000000000000000, -1.000000000000000000, 0.0000000000000000000 ) ) ;
#3020 = DIRECTION ( 'NONE',  ( 0.0000000000000000000, 0.0000000000000000000, -1.000000000000000000 ) ) ;
#3021 = CARTESIAN_POINT ( 'NONE',  ( 0.0000000000000000000, 8.000000000000000000, 0.0000000000000000000 ) ) ;
#3022 = DIRECTION ( 'NONE',  ( 0.0000000000000000000, -1.000000000000000000, 0.0000000000000000000 ) ) ;
#3023 = DIRECTION ( 'NONE',  ( 0.0000000000000000000, 0.0000000000000000000, -1.000000000000000000 ) ) ;
#3024 = CARTESIAN_POINT ( 'NONE',  ( -37.50000000000000000, 8.000000000000000000, 0.0000000000000000000 ) ) ;
#3025 = DIRECTION ( 'NONE',  ( -0.0000000000000000000, 1.000000000000000000, -0.0000000000000000000 ) ) ;
#3026 = DIRECTION ( 'NONE',  ( 1.927470528863119300E-015, 0.0000000000000000000, -1.000000000000000000 ) ) ;
#3027 = CARTESIAN_POINT ( 'NONE',  ( 0.0000000000000000000, 8.000000000000000000, 0.0000000000000000000 ) ) ;
#3028 = DIRECTION ( 'NONE',  ( 0.0000000000000000000, -1.000000000000000000, 0.0000000000000000000 ) ) ;
#3029 = DIRECTION ( 'NONE',  ( 0.0000000000000000000, 0.0000000000000000000, -1.000000000000000000 ) ) ;
#3030 = CARTESIAN_POINT ( 'NONE',  ( 37.50000000000000000, 8.000000000000000000, 0.0000000000000000000 ) ) ;
#3031 = DIRECTION ( 'NONE',  ( -0.0000000000000000000, 1.000000000000000000, -0.0000000000000000000 ) ) ;
#3032 = DIRECTION ( 'NONE',  ( 0.0000000000000000000, 0.0000000000000000000, -1.000000000000000000 ) ) ;
#3033 = CARTESIAN_POINT ( 'NONE',  ( 46.73328578219171400, 8.000000000000000000, -8.499999999999998200 ) ) ;
#3034 = DIRECTION ( 'NONE',  ( -0.9389271371970384600, 0.0000000000000000000, -0.3441160139182332700 ) ) ;
#3035 = CARTESIAN_POINT ( 'NONE',  ( 0.0000000000000000000, 8.000000000000000000, 0.0000000000000000000 ) ) ;
#3036 = DIRECTION ( 'NONE',  ( -0.0000000000000000000, 1.000000000000000000, -0.0000000000000000000 ) ) ;
#3037 = DIRECTION ( 'NONE',  ( 0.0000000000000000000, 0.0000000000000000000, -1.000000000000000000 ) ) ;
#3038 = CARTESIAN_POINT ( 'NONE',  ( 44.05365244722301600, 8.000000000000000000, -6.286947276642519200 ) ) ;
#3039 = DIRECTION ( 'NONE',  ( -0.0000000000000000000, 1.000000000000000000, -0.0000000000000000000 ) ) ;
#3040 = DIRECTION ( 'NONE',  ( -2.312964634635743400E-015, 0.0000000000000000000, -1.000000000000000000 ) ) ;
#3041 = CARTESIAN_POINT ( 'NONE',  ( -46.73328578219171400, 8.000000000000000000, -8.499999999999998200 ) ) ;
#3042 = DIRECTION ( 'NONE',  ( -0.9389271371970384600, -0.0000000000000000000, 0.3441160139182332700 ) ) ;
#3043 = CARTESIAN_POINT ( 'NONE',  ( 26.83777407430339000, 8.000000000000000000, -18.98682458276393700 ) ) ;
#3044 = DIRECTION ( 'NONE',  ( 0.0000000000000000000, -1.000000000000000000, 0.0000000000000000000 ) ) ;
#3045 = DIRECTION ( 'NONE',  ( 0.0000000000000000000, 0.0000000000000000000, -1.000000000000000000 ) ) ;
#3046 = CARTESIAN_POINT ( 'NONE',  ( 0.0000000000000000000, 8.000000000000000000, 0.0000000000000000000 ) ) ;
#3047 = DIRECTION ( 'NONE',  ( 0.0000000000000000000, 1.000000000000000000, 0.0000000000000000000 ) ) ;
#3048 = DIRECTION ( 'NONE',  ( 0.0000000000000000000, 0.0000000000000000000, 1.000000000000000000 ) ) ;
#3049 = CARTESIAN_POINT ( 'NONE',  ( -44.05365244722301600, 8.000000000000000000, -6.286947276642519200 ) ) ;
#3050 = DIRECTION ( 'NONE',  ( -0.0000000000000000000, 1.000000000000000000, -0.0000000000000000000 ) ) ;
#3051 = DIRECTION ( 'NONE',  ( 0.0000000000000000000, 0.0000000000000000000, -1.000000000000000000 ) ) ;
#3052 = CARTESIAN_POINT ( 'NONE',  ( -46.73328578219171400, 8.000000000000000000, 8.500000000000001800 ) ) ;
#3053 = DIRECTION ( 'NONE',  ( 0.9389271371970384600, 0.0000000000000000000, 0.3441160139182332100 ) ) ;
#3054 = CARTESIAN_POINT ( 'NONE',  ( 0.0000000000000000000, 8.000000000000000000, 0.0000000000000000000 ) ) ;
#3055 = DIRECTION ( 'NONE',  ( 0.0000000000000000000, 1.000000000000000000, 0.0000000000000000000 ) ) ;
#3056 = DIRECTION ( 'NONE',  ( 0.0000000000000000000, 0.0000000000000000000, 1.000000000000000000 ) ) ;
#3057 = CARTESIAN_POINT ( 'NONE',  ( -44.05365244722302300, 8.000000000000000000, 6.286947276642521000 ) ) ;
#3058 = DIRECTION ( 'NONE',  ( -0.0000000000000000000, 1.000000000000000000, -0.0000000000000000000 ) ) ;
#3059 = DIRECTION ( 'NONE',  ( 0.0000000000000000000, 0.0000000000000000000, -1.000000000000000000 ) ) ;
#3060 = CARTESIAN_POINT ( 'NONE',  ( 46.73328578219171400, 8.000000000000000000, 8.500000000000001800 ) ) ;
#3061 = DIRECTION ( 'NONE',  ( 0.9389271371970384600, -0.0000000000000000000, -0.3441160139182332100 ) ) ;
#3062 = CARTESIAN_POINT ( 'NONE',  ( -26.83777407430338600, 8.000000000000000000, 18.98682458276394100 ) ) ;
#3063 = DIRECTION ( 'NONE',  ( 0.0000000000000000000, -1.000000000000000000, 0.0000000000000000000 ) ) ;
#3064 = DIRECTION ( 'NONE',  ( 0.0000000000000000000, 0.0000000000000000000, -1.000000000000000000 ) ) ;
#3065 = CARTESIAN_POINT ( 'NONE',  ( 0.0000000000000000000, 8.000000000000000000, 0.0000000000000000000 ) ) ;
#3066 = DIRECTION ( 'NONE',  ( 0.0000000000000000000, 1.000000000000000000, 0.0000000000000000000 ) ) ;
#3067 = DIRECTION ( 'NONE',  ( 0.0000000000000000000, 0.0000000000000000000, 1.000000000000000000 ) ) ;
#3068 = CARTESIAN_POINT ( 'NONE',  ( 44.05365244722302300, 8.000000000000000000, 6.286947276642521000 ) ) ;
#3069 = DIRECTION ( 'NONE',  ( -0.0000000000000000000, 1.000000000000000000, -0.0000000000000000000 ) ) ;
#3070 = DIRECTION ( 'NONE',  ( -2.312964634635742700E-015, 0.0000000000000000000, -1.000000000000000000 ) ) ;
#3071 = CARTESIAN_POINT ( 'NONE',  ( -37.50000000000000000, 8.000000000000000000, 0.0000000000000000000 ) ) ;
#3072 = DIRECTION ( 'NONE',  ( 0.0000000000000000000, -1.000000000000000000, 0.0000000000000000000 ) ) ;
#3073 = DIRECTION ( 'NONE',  ( 0.0000000000000000000, 0.0000000000000000000, -1.000000000000000000 ) ) ;
#3074 = CARTESIAN_POINT ( 'NONE',  ( 37.50000000000000000, 8.000000000000000000, 0.0000000000000000000 ) ) ;
#3075 = DIRECTION ( 'NONE',  ( 0.0000000000000000000, -1.000000000000000000, 0.0000000000000000000 ) ) ;
#3076 = DIRECTION ( 'NONE',  ( 0.0000000000000000000, 0.0000000000000000000, -1.000000000000000000 ) ) ;
#3077 = CARTESIAN_POINT ( 'NONE',  ( 1.608253681574189900, 1.899999999999999900, -35.73993069755889700 ) ) ;
#3078 = DIRECTION ( 'NONE',  ( 0.6947693923084526900, 0.0000000000000000000, -0.7192325712252910500 ) ) ;
#3079 = CARTESIAN_POINT ( 'NONE',  ( -23.92000918133505700, 1.899999999999999900, -15.26347882249804900 ) ) ;
#3080 = DIRECTION ( 'NONE',  ( 0.0000000000000000000, 1.000000000000000000, 0.0000000000000000000 ) ) ;
#3081 = DIRECTION ( 'NONE',  ( 0.0000000000000000000, 0.0000000000000000000, 1.000000000000000000 ) ) ;
#3082 = CARTESIAN_POINT ( 'NONE',  ( 0.0000000000000000000, 8.000000000000000000, 0.0000000000000000000 ) ) ;
#3083 = CARTESIAN_POINT ( 'NONE',  ( -21.87456677597348100, 1.899999999999999900, -15.02858460689029000 ) ) ;
#3084 = DIRECTION ( 'NONE',  ( 0.0000000000000000000, 1.000000000000000000, 0.0000000000000000000 ) ) ;
#3085 = DIRECTION ( 'NONE',  ( 0.0000000000000000000, 0.0000000000000000000, 1.000000000000000000 ) ) ;
#3086 = EDGE_CURVE ( 'NONE', #938, #921, #4598, .T. ) ;
#3087 = PRODUCT ( 'FL005', 'FL005', '', ( #4473 ) ) ;
#3088 = ORIENTED_EDGE ( 'NONE', *, *, #1134, .F. ) ;
#3089 = ORIENTED_EDGE ( 'NONE', *, *, #1131, .T. ) ;
#3090 = ORIENTED_EDGE ( 'NONE', *, *, #1132, .F. ) ;
#3091 = ORIENTED_EDGE ( 'NONE', *, *, #1177, .F. ) ;
#3092 = ORIENTED_EDGE ( 'NONE', *, *, #1303, .F. ) ;
#3093 = ORIENTED_EDGE ( 'NONE', *, *, #1121, .F. ) ;
#3094 = ORIENTED_EDGE ( 'NONE', *, *, #1125, .F. ) ;
#3095 = ORIENTED_EDGE ( 'NONE', *, *, #1127, .T. ) ;
#3096 = AXIS2_PLACEMENT_3D ( 'NONE', #181, #182, #183 ) ;
#3097 = AXIS2_PLACEMENT_3D ( 'NONE', #186, #187, #188 ) ;
#3098 = AXIS2_PLACEMENT_3D ( 'NONE', #189, #190, #191 ) ;
#3099 = AXIS2_PLACEMENT_3D ( 'NONE', #192, #193, #194 ) ;
#3100 = AXIS2_PLACEMENT_3D ( 'NONE', #197, #198, #199 ) ;
#3101 = AXIS2_PLACEMENT_3D ( 'NONE', #202, #203, #204 ) ;
#3102 = AXIS2_PLACEMENT_3D ( 'NONE', #207, #208, #209 ) ;
#3103 = AXIS2_PLACEMENT_3D ( 'NONE', #222, #223, #224 ) ;
#3104 = AXIS2_PLACEMENT_3D ( 'NONE', #225, #226, #227 ) ;
#3105 = AXIS2_PLACEMENT_3D ( 'NONE', #230, #231, #232 ) ;
#3106 = AXIS2_PLACEMENT_3D ( 'NONE', #235, #236, #237 ) ;
#3107 = AXIS2_PLACEMENT_3D ( 'NONE', #277, #278, #279 ) ;
#3108 = AXIS2_PLACEMENT_3D ( 'NONE', #289, #290, #291 ) ;
#3109 = AXIS2_PLACEMENT_3D ( 'NONE', #312, #313, #314 ) ;
#3110 = AXIS2_PLACEMENT_3D ( 'NONE', #315, #316, #317 ) ;
#3111 = AXIS2_PLACEMENT_3D ( 'NONE', #318, #319, #320 ) ;
#3112 = AXIS2_PLACEMENT_3D ( 'NONE', #323, #324, #325 ) ;
#3113 = AXIS2_PLACEMENT_3D ( 'NONE', #328, #329, #330 ) ;
#3114 = AXIS2_PLACEMENT_3D ( 'NONE', #333, #334, #335 ) ;
#3115 = AXIS2_PLACEMENT_3D ( 'NONE', #338, #339, #340 ) ;
#3116 = AXIS2_PLACEMENT_3D ( 'NONE', #341, #342, #343 ) ;
#3117 = AXIS2_PLACEMENT_3D ( 'NONE', #344, #345, #346 ) ;
#3118 = AXIS2_PLACEMENT_3D ( 'NONE', #349, #350, #351 ) ;
#3119 = AXIS2_PLACEMENT_3D ( 'NONE', #352, #353, #354 ) ;
#3120 = AXIS2_PLACEMENT_3D ( 'NONE', #355, #356, #357 ) ;
#3121 = AXIS2_PLACEMENT_3D ( 'NONE', #360, #361, #362 ) ;
#3122 = AXIS2_PLACEMENT_3D ( 'NONE', #365, #366, #367 ) ;
#3123 = AXIS2_PLACEMENT_3D ( 'NONE', #368, #369, #370 ) ;
#3124 = AXIS2_PLACEMENT_3D ( 'NONE', #371, #372, #373 ) ;
#3125 = AXIS2_PLACEMENT_3D ( 'NONE', #374, #375, #376 ) ;
#3126 = AXIS2_PLACEMENT_3D ( 'NONE', #379, #380, #381 ) ;
#3127 = AXIS2_PLACEMENT_3D ( 'NONE', #382, #383, #384 ) ;
#3128 = AXIS2_PLACEMENT_3D ( 'NONE', #385, #386, #387 ) ;
#3129 = AXIS2_PLACEMENT_3D ( 'NONE', #390, #391, #392 ) ;
#3130 = AXIS2_PLACEMENT_3D ( 'NONE', #395, #396, #397 ) ;
#3131 = AXIS2_PLACEMENT_3D ( 'NONE', #398, #399, #400 ) ;
#3132 = AXIS2_PLACEMENT_3D ( 'NONE', #401, #402, #403 ) ;
#3133 = AXIS2_PLACEMENT_3D ( 'NONE', #406, #407, #408 ) ;
#3134 = AXIS2_PLACEMENT_3D ( 'NONE', #409, #410, #411 ) ;
#3135 = AXIS2_PLACEMENT_3D ( 'NONE', #414, #415, #416 ) ;
#3136 = AXIS2_PLACEMENT_3D ( 'NONE', #417, #418, #419 ) ;
#3137 = AXIS2_PLACEMENT_3D ( 'NONE', #420, #421, #422 ) ;
#3138 = AXIS2_PLACEMENT_3D ( 'NONE', #425, #426, #427 ) ;
#3139 = AXIS2_PLACEMENT_3D ( 'NONE', #428, #429, #430 ) ;
#3140 = AXIS2_PLACEMENT_3D ( 'NONE', #431, #432, #433 ) ;
#3141 = AXIS2_PLACEMENT_3D ( 'NONE', #436, #437, #438 ) ;
#3142 = AXIS2_PLACEMENT_3D ( 'NONE', #439, #440, #441 ) ;
#3143 = AXIS2_PLACEMENT_3D ( 'NONE', #3699, #3700, #3701 ) ;
#3144 = AXIS2_PLACEMENT_3D ( 'NONE', #3702, #3703, #3704 ) ;
#3145 = AXIS2_PLACEMENT_3D ( 'NONE', #3705, #3706, #3707 ) ;
#3146 = AXIS2_PLACEMENT_3D ( 'NONE', #3708, #3709, #3710 ) ;
#3147 = AXIS2_PLACEMENT_3D ( 'NONE', #3713, #3714, #3715 ) ;
#3148 = AXIS2_PLACEMENT_3D ( 'NONE', #3718, #3719, #3720 ) ;
#3149 = AXIS2_PLACEMENT_3D ( 'NONE', #3723, #3724, #3725 ) ;
#3150 = AXIS2_PLACEMENT_3D ( 'NONE', #3728, #3729, #3730 ) ;
#3151 = AXIS2_PLACEMENT_3D ( 'NONE', #3773, #3775, #3776 ) ;
#3152 = AXIS2_PLACEMENT_3D ( 'NONE', #3777, #3774, #3772 ) ;
#3153 = AXIS2_PLACEMENT_3D ( 'NONE', #3779, #3780, #3778 ) ;
#3154 = AXIS2_PLACEMENT_3D ( 'NONE', #3781, #3785, #3786 ) ;
#3155 = AXIS2_PLACEMENT_3D ( 'NONE', #3787, #3782, #3784 ) ;
#3156 = AXIS2_PLACEMENT_3D ( 'NONE', #3789, #3790, #3788 ) ;
#3157 = AXIS2_PLACEMENT_3D ( 'NONE', #3792, #3793, #3791 ) ;
#3158 = AXIS2_PLACEMENT_3D ( 'NONE', #3795, #3796, #3794 ) ;
#3159 = AXIS2_PLACEMENT_3D ( 'NONE', #3798, #3799, #3797 ) ;
#3160 = AXIS2_PLACEMENT_3D ( 'NONE', #3801, #3802, #3800 ) ;
#3161 = AXIS2_PLACEMENT_3D ( 'NONE', #3803, #3807, #3808 ) ;
#3162 = AXIS2_PLACEMENT_3D ( 'NONE', #3806, #3810, #3811 ) ;
#3163 = STYLED_ITEM ( 'NONE', ( #3490 ), #1863 ) ;
#3164 = AXIS2_PLACEMENT_3D ( 'NONE', #3812, #3809, #3816 ) ;
#3165 = PRESENTATION_LAYER_ASSIGNMENT (  '', '', ( #3163 ) ) ;
#3166 = AXIS2_PLACEMENT_3D ( 'NONE', #3817, #3813, #3815 ) ;
#3167 = AXIS2_PLACEMENT_3D ( 'NONE', #3819, #3820, #3818 ) ;
#3168 = MECHANICAL_DESIGN_GEOMETRIC_PRESENTATION_REPRESENTATION (  '', ( #3163 ), #3169 ) ;
#3169 =( GEOMETRIC_REPRESENTATION_CONTEXT ( 3 ) GLOBAL_UNCERTAINTY_ASSIGNED_CONTEXT ( ( #4515 ) ) GLOBAL_UNIT_ASSIGNED_CONTEXT ( ( #3828, #3829, #3830 ) ) REPRESENTATION_CONTEXT ( 'NONE', 'WORKASPACE' ) );
#3170 = STYLED_ITEM ( 'NONE', ( #3502 ), #1864 ) ;
#3171 = AXIS2_PLACEMENT_3D ( 'NONE', #3831, #3832, #3833 ) ;
#3172 = PRESENTATION_LAYER_ASSIGNMENT (  '', '', ( #3170 ) ) ;
#3173 = MECHANICAL_DESIGN_GEOMETRIC_PRESENTATION_REPRESENTATION (  '', ( #3170 ), #3174 ) ;
#3174 =( GEOMETRIC_REPRESENTATION_CONTEXT ( 3 ) GLOBAL_UNCERTAINTY_ASSIGNED_CONTEXT ( ( #4511 ) ) GLOBAL_UNIT_ASSIGNED_CONTEXT ( ( #3839, #3840, #3841 ) ) REPRESENTATION_CONTEXT ( 'NONE', 'WORKASPACE' ) );
#3175 = PRESENTATION_LAYER_ASSIGNMENT (  '', '', ( #3176 ) ) ;
#3176 = STYLED_ITEM ( 'NONE', ( #3507 ), #1865 ) ;
#3177 = AXIS2_PLACEMENT_3D ( 'NONE', #3834, #3823, #3842 ) ;
#3178 = MECHANICAL_DESIGN_GEOMETRIC_PRESENTATION_REPRESENTATION (  '', ( #3176 ), #3179 ) ;
#3179 =( GEOMETRIC_REPRESENTATION_CONTEXT ( 3 ) GLOBAL_UNCERTAINTY_ASSIGNED_CONTEXT ( ( #4512 ) ) GLOBAL_UNIT_ASSIGNED_CONTEXT ( ( #3849, #3850, #3851 ) ) REPRESENTATION_CONTEXT ( 'NONE', 'WORKASPACE' ) );
#3180 = PRESENTATION_LAYER_ASSIGNMENT (  '', '', ( #3181 ) ) ;
#3181 = STYLED_ITEM ( 'NONE', ( #3512 ), #1866 ) ;
#3182 = AXIS2_PLACEMENT_3D ( 'NONE', #3843, #3844, #3852 ) ;
#3183 = MECHANICAL_DESIGN_GEOMETRIC_PRESENTATION_REPRESENTATION (  '', ( #3181 ), #3184 ) ;
#3184 =( GEOMETRIC_REPRESENTATION_CONTEXT ( 3 ) GLOBAL_UNCERTAINTY_ASSIGNED_CONTEXT ( ( #4519 ) ) GLOBAL_UNIT_ASSIGNED_CONTEXT ( ( #3859, #3860, #3861 ) ) REPRESENTATION_CONTEXT ( 'NONE', 'WORKASPACE' ) );
#3185 = STYLED_ITEM ( 'NONE', ( #3517 ), #1867 ) ;
#3186 = AXIS2_PLACEMENT_3D ( 'NONE', #3862, #3863, #3864 ) ;
#3187 = PRESENTATION_LAYER_ASSIGNMENT (  '', '', ( #3185 ) ) ;
#3188 = MECHANICAL_DESIGN_GEOMETRIC_PRESENTATION_REPRESENTATION (  '', ( #3185 ), #3189 ) ;
#3189 =( GEOMETRIC_REPRESENTATION_CONTEXT ( 3 ) GLOBAL_UNCERTAINTY_ASSIGNED_CONTEXT ( ( #4513 ) ) GLOBAL_UNIT_ASSIGNED_CONTEXT ( ( #3871, #3872, #3873 ) ) REPRESENTATION_CONTEXT ( 'NONE', 'WORKASPACE' ) );
#3190 = PRESENTATION_LAYER_ASSIGNMENT (  '', '', ( #3191 ) ) ;
#3191 = STYLED_ITEM ( 'NONE', ( #3522 ), #1868 ) ;
#3192 = AXIS2_PLACEMENT_3D ( 'NONE', #3865, #3854, #3874 ) ;
#3193 = MECHANICAL_DESIGN_GEOMETRIC_PRESENTATION_REPRESENTATION (  '', ( #3191 ), #3194 ) ;
#3194 =( GEOMETRIC_REPRESENTATION_CONTEXT ( 3 ) GLOBAL_UNCERTAINTY_ASSIGNED_CONTEXT ( ( #4514 ) ) GLOBAL_UNIT_ASSIGNED_CONTEXT ( ( #3881, #3882, #3883 ) ) REPRESENTATION_CONTEXT ( 'NONE', 'WORKASPACE' ) );
#3195 = AXIS2_PLACEMENT_3D ( 'NONE', #3875, #3876, #3884 ) ;
#3196 = STYLED_ITEM ( 'NONE', ( #3527 ), #1869 ) ;
#3197 = PRESENTATION_LAYER_ASSIGNMENT (  '', '', ( #3196 ) ) ;
#3198 = MECHANICAL_DESIGN_GEOMETRIC_PRESENTATION_REPRESENTATION (  '', ( #3196 ), #3199 ) ;
#3199 =( GEOMETRIC_REPRESENTATION_CONTEXT ( 3 ) GLOBAL_UNCERTAINTY_ASSIGNED_CONTEXT ( ( #4518 ) ) GLOBAL_UNIT_ASSIGNED_CONTEXT ( ( #3891, #3892, #3893 ) ) REPRESENTATION_CONTEXT ( 'NONE', 'WORKASPACE' ) );
#3200 = AXIS2_PLACEMENT_3D ( 'NONE', #3885, #3886, #3894 ) ;
#3201 = STYLED_ITEM ( 'NONE', ( #3532 ), #1870 ) ;
#3202 = PRESENTATION_LAYER_ASSIGNMENT (  '', '', ( #3201 ) ) ;
#3203 = MECHANICAL_DESIGN_GEOMETRIC_PRESENTATION_REPRESENTATION (  '', ( #3201 ), #3204 ) ;
#3204 =( GEOMETRIC_REPRESENTATION_CONTEXT ( 3 ) GLOBAL_UNCERTAINTY_ASSIGNED_CONTEXT ( ( #4517 ) ) GLOBAL_UNIT_ASSIGNED_CONTEXT ( ( #3901, #3902, #3903 ) ) REPRESENTATION_CONTEXT ( 'NONE', 'WORKASPACE' ) );
#3205 = AXIS2_PLACEMENT_3D ( 'NONE', #3895, #3896, #3904 ) ;
#3206 = STYLED_ITEM ( 'NONE', ( #3537 ), #1871 ) ;
#3207 = PRESENTATION_LAYER_ASSIGNMENT (  '', '', ( #3206 ) ) ;
#3208 = MECHANICAL_DESIGN_GEOMETRIC_PRESENTATION_REPRESENTATION (  '', ( #3206 ), #3209 ) ;
#3209 =( GEOMETRIC_REPRESENTATION_CONTEXT ( 3 ) GLOBAL_UNCERTAINTY_ASSIGNED_CONTEXT ( ( #4530 ) ) GLOBAL_UNIT_ASSIGNED_CONTEXT ( ( #3911, #3912, #3913 ) ) REPRESENTATION_CONTEXT ( 'NONE', 'WORKASPACE' ) );
#3210 = AXIS2_PLACEMENT_3D ( 'NONE', #3905, #3906, #3914 ) ;
#3211 = AXIS2_PLACEMENT_3D ( 'NONE', #3957, #3956, #3959 ) ;
#3212 = AXIS2_PLACEMENT_3D ( 'NONE', #3921, #3920, #3923 ) ;
#3213 = AXIS2_PLACEMENT_3D ( 'NONE', #3915, #3916, #3907 ) ;
#3214 = AXIS2_PLACEMENT_3D ( 'NONE', #3918, #3919, #3917 ) ;
#3215 = AXIS2_PLACEMENT_3D ( 'NONE', #3924, #3922, #3926 ) ;
#3216 = AXIS2_PLACEMENT_3D ( 'NONE', #3927, #3925, #3929 ) ;
#3217 = AXIS2_PLACEMENT_3D ( 'NONE', #3930, #3928, #3932 ) ;
#3218 = AXIS2_PLACEMENT_3D ( 'NONE', #3933, #3931, #3935 ) ;
#3219 = AXIS2_PLACEMENT_3D ( 'NONE', #3936, #3934, #3938 ) ;
#3220 = AXIS2_PLACEMENT_3D ( 'NONE', #3939, #3937, #3941 ) ;
#3221 = AXIS2_PLACEMENT_3D ( 'NONE', #3942, #3940, #3944 ) ;
#3222 = AXIS2_PLACEMENT_3D ( 'NONE', #3945, #3943, #3947 ) ;
#3223 = AXIS2_PLACEMENT_3D ( 'NONE', #3966, #3965, #3968 ) ;
#3224 = AXIS2_PLACEMENT_3D ( 'NONE', #3948, #3949, #3946 ) ;
#3225 = AXIS2_PLACEMENT_3D ( 'NONE', #3951, #3952, #3950 ) ;
#3226 = AXIS2_PLACEMENT_3D ( 'NONE', #3954, #3955, #3953 ) ;
#3227 = AXIS2_PLACEMENT_3D ( 'NONE', #3960, #3958, #3962 ) ;
#3228 = AXIS2_PLACEMENT_3D ( 'NONE', #3975, #3974, #3977 ) ;
#3229 = AXIS2_PLACEMENT_3D ( 'NONE', #3963, #3964, #3961 ) ;
#3230 = AXIS2_PLACEMENT_3D ( 'NONE', #3969, #3967, #3971 ) ;
#3231 = PRESENTATION_LAYER_ASSIGNMENT (  '', '', ( #3233 ) ) ;
#3232 = AXIS2_PLACEMENT_3D ( 'NONE', #3972, #3973, #3970 ) ;
#3233 = STYLED_ITEM ( 'NONE', ( #3583 ), #1894 ) ;
#3234 = AXIS2_PLACEMENT_3D ( 'NONE', #3978, #3979, #3976 ) ;
#3235 = MECHANICAL_DESIGN_GEOMETRIC_PRESENTATION_REPRESENTATION (  '', ( #3233 ), #3236 ) ;
#3236 =( GEOMETRIC_REPRESENTATION_CONTEXT ( 3 ) GLOBAL_UNCERTAINTY_ASSIGNED_CONTEXT ( ( #4527 ) ) GLOBAL_UNIT_ASSIGNED_CONTEXT ( ( #3987, #3988, #3989 ) ) REPRESENTATION_CONTEXT ( 'NONE', 'WORKASPACE' ) );
#3237 = AXIS2_PLACEMENT_3D ( 'NONE', #3991, #3983, #3993 ) ;
#3238 = AXIS2_PLACEMENT_3D ( 'NONE', #3981, #3982, #3990 ) ;
#3239 = AXIS2_PLACEMENT_3D ( 'NONE', #3994, #3992, #3996 ) ;
#3240 = STYLED_ITEM ( 'NONE', ( #3606 ), #1908 ) ;
#3241 = AXIS2_PLACEMENT_3D ( 'NONE', #3997, #3998, #3995 ) ;
#3242 = AXIS2_PLACEMENT_3D ( 'NONE', #4000, #4001, #3999 ) ;
#3243 = AXIS2_PLACEMENT_3D ( 'NONE', #4002, #4006, #4007 ) ;
#3244 = AXIS2_PLACEMENT_3D ( 'NONE', #4008, #4003, #4005 ) ;
#3245 = AXIS2_PLACEMENT_3D ( 'NONE', #4009, #4013, #4014 ) ;
#3246 = AXIS2_PLACEMENT_3D ( 'NONE', #4015, #4010, #4012 ) ;
#3247 = AXIS2_PLACEMENT_3D ( 'NONE', #4016, #4020, #4021 ) ;
#3248 = PRESENTATION_LAYER_ASSIGNMENT (  '', '', ( #3240 ) ) ;
#3249 = AXIS2_PLACEMENT_3D ( 'NONE', #4022, #4017, #4019 ) ;
#3250 = AXIS2_PLACEMENT_3D ( 'NONE', #4024, #4025, #4023 ) ;
#3251 = AXIS2_PLACEMENT_3D ( 'NONE', #4027, #4028, #4026 ) ;
#3252 = AXIS2_PLACEMENT_3D ( 'NONE', #4030, #4031, #4029 ) ;
#3253 = MECHANICAL_DESIGN_GEOMETRIC_PRESENTATION_REPRESENTATION (  '', ( #3240 ), #3254 ) ;
#3254 =( GEOMETRIC_REPRESENTATION_CONTEXT ( 3 ) GLOBAL_UNCERTAINTY_ASSIGNED_CONTEXT ( ( #4534 ) ) GLOBAL_UNIT_ASSIGNED_CONTEXT ( ( #4039, #4040, #4041 ) ) REPRESENTATION_CONTEXT ( 'NONE', 'WORKASPACE' ) );
#3255 = AXIS2_PLACEMENT_3D ( 'NONE', #4042, #4043, #4044 ) ;
#3256 = AXIS2_PLACEMENT_3D ( 'NONE', #4045, #4034, #4036 ) ;
#3257 = AXIS2_PLACEMENT_3D ( 'NONE', #4047, #4048, #4046 ) ;
#3258 = AXIS2_PLACEMENT_3D ( 'NONE', #4050, #4051, #4049 ) ;
#3259 = AXIS2_PLACEMENT_3D ( 'NONE', #4053, #4054, #4052 ) ;
#3260 = AXIS2_PLACEMENT_3D ( 'NONE', #4055, #4059, #4060 ) ;
#3261 = STYLED_ITEM ( 'NONE', ( #3636 ), #1919 ) ;
#3262 = AXIS2_PLACEMENT_3D ( 'NONE', #4061, #4056, #4058 ) ;
#3263 = AXIS2_PLACEMENT_3D ( 'NONE', #4063, #4064, #4062 ) ;
#3264 = AXIS2_PLACEMENT_3D ( 'NONE', #4065, #4069, #4070 ) ;
#3265 = AXIS2_PLACEMENT_3D ( 'NONE', #4071, #4066, #4068 ) ;
#3266 = AXIS2_PLACEMENT_3D ( 'NONE', #4073, #4072, #4077 ) ;
#3267 = PRESENTATION_LAYER_ASSIGNMENT (  '', '', ( #3261 ) ) ;
#3268 = MECHANICAL_DESIGN_GEOMETRIC_PRESENTATION_REPRESENTATION (  '', ( #3261 ), #3269 ) ;
#3269 =( GEOMETRIC_REPRESENTATION_CONTEXT ( 3 ) GLOBAL_UNCERTAINTY_ASSIGNED_CONTEXT ( ( #4533 ) ) GLOBAL_UNIT_ASSIGNED_CONTEXT ( ( #4083, #4084, #4085 ) ) REPRESENTATION_CONTEXT ( 'NONE', 'WORKASPACE' ) );
#3270 = STYLED_ITEM ( 'NONE', ( #3652 ), #1923 ) ;
#3271 = AXIS2_PLACEMENT_3D ( 'NONE', #4078, #4074, #4086 ) ;
#3272 = AXIS2_PLACEMENT_3D ( 'NONE', #4089, #4079, #4091 ) ;
#3273 = AXIS2_PLACEMENT_3D ( 'NONE', #4092, #4090, #4088 ) ;
#3274 = AXIS2_PLACEMENT_3D ( 'NONE', #4096, #4093, #4097 ) ;
#3275 = PRESENTATION_LAYER_ASSIGNMENT (  '', '', ( #3270 ) ) ;
#3276 = MECHANICAL_DESIGN_GEOMETRIC_PRESENTATION_REPRESENTATION (  '', ( #3270 ), #3277 ) ;
#3277 =( GEOMETRIC_REPRESENTATION_CONTEXT ( 3 ) GLOBAL_UNCERTAINTY_ASSIGNED_CONTEXT ( ( #4535 ) ) GLOBAL_UNIT_ASSIGNED_CONTEXT ( ( #4104, #4105, #4106 ) ) REPRESENTATION_CONTEXT ( 'NONE', 'WORKASPACE' ) );
#3278 = AXIS2_PLACEMENT_3D ( 'NONE', #4107, #4108, #4109 ) ;
#3279 = STYLED_ITEM ( 'NONE', ( #3658 ), #1925 ) ;
#3280 = AXIS2_PLACEMENT_3D ( 'NONE', #4101, #4112, #4113 ) ;
#3281 = PRESENTATION_LAYER_ASSIGNMENT (  '', '', ( #3279 ) ) ;
#3282 = MECHANICAL_DESIGN_GEOMETRIC_PRESENTATION_REPRESENTATION (  '', ( #3279 ), #3283 ) ;
#3283 =( GEOMETRIC_REPRESENTATION_CONTEXT ( 3 ) GLOBAL_UNCERTAINTY_ASSIGNED_CONTEXT ( ( #4528 ) ) GLOBAL_UNIT_ASSIGNED_CONTEXT ( ( #4119, #4120, #4121 ) ) REPRESENTATION_CONTEXT ( 'NONE', 'WORKASPACE' ) );
#3284 = PRESENTATION_LAYER_ASSIGNMENT (  '', '', ( #3285 ) ) ;
#3285 = STYLED_ITEM ( 'NONE', ( #3663 ), #1926 ) ;
#3286 = AXIS2_PLACEMENT_3D ( 'NONE', #4114, #4110, #4122 ) ;
#3287 = MECHANICAL_DESIGN_GEOMETRIC_PRESENTATION_REPRESENTATION (  '', ( #3285 ), #3288 ) ;
#3288 =( GEOMETRIC_REPRESENTATION_CONTEXT ( 3 ) GLOBAL_UNCERTAINTY_ASSIGNED_CONTEXT ( ( #4531 ) ) GLOBAL_UNIT_ASSIGNED_CONTEXT ( ( #4129, #4130, #4131 ) ) REPRESENTATION_CONTEXT ( 'NONE', 'WORKASPACE' ) );
#3289 = PRESENTATION_LAYER_ASSIGNMENT (  '', '', ( #3290 ) ) ;
#3290 = STYLED_ITEM ( 'NONE', ( #3668 ), #1927 ) ;
#3291 = AXIS2_PLACEMENT_3D ( 'NONE', #4123, #4124, #4132 ) ;
#3292 = MECHANICAL_DESIGN_GEOMETRIC_PRESENTATION_REPRESENTATION (  '', ( #3290 ), #3293 ) ;
#3293 =( GEOMETRIC_REPRESENTATION_CONTEXT ( 3 ) GLOBAL_UNCERTAINTY_ASSIGNED_CONTEXT ( ( #4529 ) ) GLOBAL_UNIT_ASSIGNED_CONTEXT ( ( #4139, #4140, #4141 ) ) REPRESENTATION_CONTEXT ( 'NONE', 'WORKASPACE' ) );
#3294 = AXIS2_PLACEMENT_3D ( 'NONE', #4142, #4143, #4144 ) ;
#3295 = AXIS2_PLACEMENT_3D ( 'NONE', #4145, #4134, #4136 ) ;
#3296 = AXIS2_PLACEMENT_3D ( 'NONE', #4146, #4150, #4151 ) ;
#3297 = AXIS2_PLACEMENT_3D ( 'NONE', #4149, #4154, #4155 ) ;
#3298 = STYLED_ITEM ( 'NONE', ( #3676 ), #1932 ) ;
#3299 = AXIS2_PLACEMENT_3D ( 'NONE', #4153, #4158, #4159 ) ;
#3300 = PRESENTATION_LAYER_ASSIGNMENT (  '', '', ( #3298 ) ) ;
#3301 = MECHANICAL_DESIGN_GEOMETRIC_PRESENTATION_REPRESENTATION (  '', ( #3298 ), #3302 ) ;
#3302 =( GEOMETRIC_REPRESENTATION_CONTEXT ( 3 ) GLOBAL_UNCERTAINTY_ASSIGNED_CONTEXT ( ( #4532 ) ) GLOBAL_UNIT_ASSIGNED_CONTEXT ( ( #4165, #4166, #4167 ) ) REPRESENTATION_CONTEXT ( 'NONE', 'WORKASPACE' ) );
#3303 = AXIS2_PLACEMENT_3D ( 'NONE', #4160, #4156, #4168 ) ;
#3304 = STYLED_ITEM ( 'NONE', ( #3683 ), #1933 ) ;
#3305 = PRESENTATION_LAYER_ASSIGNMENT (  '', '', ( #3304 ) ) ;
#3306 = MECHANICAL_DESIGN_GEOMETRIC_PRESENTATION_REPRESENTATION (  '', ( #3304 ), #3307 ) ;
#3307 =( GEOMETRIC_REPRESENTATION_CONTEXT ( 3 ) GLOBAL_UNCERTAINTY_ASSIGNED_CONTEXT ( ( #10 ) ) GLOBAL_UNIT_ASSIGNED_CONTEXT ( ( #4175, #4176, #4177 ) ) REPRESENTATION_CONTEXT ( 'NONE', 'WORKASPACE' ) );
#3308 = AXIS2_PLACEMENT_3D ( 'NONE', #4169, #4170, #4178 ) ;
#3309 = STYLED_ITEM ( 'NONE', ( #3688 ), #1934 ) ;
#3310 = PRESENTATION_LAYER_ASSIGNMENT (  '', '', ( #3309 ) ) ;
#3311 = MECHANICAL_DESIGN_GEOMETRIC_PRESENTATION_REPRESENTATION (  '', ( #3309 ), #3312 ) ;
#3312 =( GEOMETRIC_REPRESENTATION_CONTEXT ( 3 ) GLOBAL_UNCERTAINTY_ASSIGNED_CONTEXT ( ( #12 ) ) GLOBAL_UNIT_ASSIGNED_CONTEXT ( ( #4185, #4186, #4187 ) ) REPRESENTATION_CONTEXT ( 'NONE', 'WORKASPACE' ) );
#3313 = AXIS2_PLACEMENT_3D ( 'NONE', #4179, #4180, #4188 ) ;
#3314 = AXIS2_PLACEMENT_3D ( 'NONE', #4181, #4192, #4193 ) ;
#3315 = AXIS2_PLACEMENT_3D ( 'NONE', #4191, #4196, #4197 ) ;
#3316 = AXIS2_PLACEMENT_3D ( 'NONE', #4195, #4200, #4201 ) ;
#3317 = AXIS2_PLACEMENT_3D ( 'NONE', #4199, #4204, #4205 ) ;
#3318 = AXIS2_PLACEMENT_3D ( 'NONE', #4203, #4208, #4209 ) ;
#3319 = AXIS2_PLACEMENT_3D ( 'NONE', #4210, #4206, #4207 ) ;
#3320 = AXIS2_PLACEMENT_3D ( 'NONE', #4212, #4213, #4211 ) ;
#3321 = AXIS2_PLACEMENT_3D ( 'NONE', #4215, #4216, #4214 ) ;
#3322 = LINE ( 'NONE', #234, #3323 ) ;
#3323 = VECTOR ( 'NONE', #241, 1000.000000000000000 ) ;
#3324 = LINE ( 'NONE', #244, #3328 ) ;
#3325 = LINE ( 'NONE', #242, #3326 ) ;
#3326 = VECTOR ( 'NONE', #243, 1000.000000000000100 ) ;
#3327 = LINE ( 'NONE', #246, #3330 ) ;
#3328 = VECTOR ( 'NONE', #245, 1000.000000000000000 ) ;
#3329 = LINE ( 'NONE', #248, #3332 ) ;
#3330 = VECTOR ( 'NONE', #247, 1000.000000000000100 ) ;
#3331 = LINE ( 'NONE', #250, #3334 ) ;
#3332 = VECTOR ( 'NONE', #249, 1000.000000000000000 ) ;
#3333 = LINE ( 'NONE', #239, #3339 ) ;
#3334 = VECTOR ( 'NONE', #252, 1000.000000000000000 ) ;
#3335 = LINE ( 'NONE', #251, #3343 ) ;
#3336 = LINE ( 'NONE', #233, #3337 ) ;
#3337 = VECTOR ( 'NONE', #253, 1000.000000000000000 ) ;
#3338 = LINE ( 'NONE', #256, #3341 ) ;
#3339 = VECTOR ( 'NONE', #255, 1000.000000000000000 ) ;
#3340 = LINE ( 'NONE', #254, #3347 ) ;
#3341 = VECTOR ( 'NONE', #258, 1000.000000000000000 ) ;
#3342 = LINE ( 'NONE', #260, #3345 ) ;
#3343 = VECTOR ( 'NONE', #259, 1000.000000000000000 ) ;
#3344 = LINE ( 'NONE', #257, #3349 ) ;
#3345 = VECTOR ( 'NONE', #262, 1000.000000000000000 ) ;
#3346 = LINE ( 'NONE', #261, #3351 ) ;
#3347 = VECTOR ( 'NONE', #263, 1000.000000000000000 ) ;
#3348 = LINE ( 'NONE', #264, #3353 ) ;
#3349 = VECTOR ( 'NONE', #265, 1000.000000000000000 ) ;
#3350 = LINE ( 'NONE', #266, #3357 ) ;
#3351 = VECTOR ( 'NONE', #267, 1000.000000000000000 ) ;
#3352 = LINE ( 'NONE', #270, #3355 ) ;
#3353 = VECTOR ( 'NONE', #269, 1000.000000000000000 ) ;
#3354 = LINE ( 'NONE', #268, #3359 ) ;
#3355 = VECTOR ( 'NONE', #271, 1000.000000000000000 ) ;
#3356 = CIRCLE ( 'NONE', #3107, 24.64999999999999900 ) ;
#3357 = VECTOR ( 'NONE', #272, 1000.000000000000000 ) ;
#3358 = LINE ( 'NONE', #276, #3366 ) ;
#3359 = VECTOR ( 'NONE', #274, 1000.000000000000000 ) ;
#3360 = LINE ( 'NONE', #275, #3362 ) ;
#3361 = LINE ( 'NONE', #280, #3364 ) ;
#3362 = VECTOR ( 'NONE', #273, 999.9999999999998900 ) ;
#3363 = CIRCLE ( 'NONE', #3108, 29.87500000000000000 ) ;
#3364 = VECTOR ( 'NONE', #282, 1000.000000000000000 ) ;
#3365 = LINE ( 'NONE', #284, #3368 ) ;
#3366 = VECTOR ( 'NONE', #283, 1000.000000000000000 ) ;
#3367 = LINE ( 'NONE', #288, #3377 ) ;
#3368 = VECTOR ( 'NONE', #286, 1000.000000000000000 ) ;
#3369 = LINE ( 'NONE', #285, #3371 ) ;
#3370 = LINE ( 'NONE', #292, #3373 ) ;
#3371 = VECTOR ( 'NONE', #281, 1000.000000000000000 ) ;
#3372 = LINE ( 'NONE', #294, #3375 ) ;
#3373 = VECTOR ( 'NONE', #293, 1000.000000000000000 ) ;
#3374 = LINE ( 'NONE', #287, #3381 ) ;
#3375 = VECTOR ( 'NONE', #296, 1000.000000000000000 ) ;
#3376 = LINE ( 'NONE', #298, #3379 ) ;
#3377 = VECTOR ( 'NONE', #297, 1000.000000000000000 ) ;
#3378 = LINE ( 'NONE', #295, #3387 ) ;
#3379 = VECTOR ( 'NONE', #300, 1000.000000000000000 ) ;
#3380 = LINE ( 'NONE', #302, #3383 ) ;
#3381 = VECTOR ( 'NONE', #301, 1000.000000000000000 ) ;
#3382 = LINE ( 'NONE', #304, #3385 ) ;
#3383 = VECTOR ( 'NONE', #303, 1000.000000000000000 ) ;
#3384 = LINE ( 'NONE', #299, #3389 ) ;
#3385 = VECTOR ( 'NONE', #306, 1000.000000000000000 ) ;
#3386 = LINE ( 'NONE', #305, #3393 ) ;
#3387 = VECTOR ( 'NONE', #307, 1000.000000000000000 ) ;
#3388 = LINE ( 'NONE', #309, #3391 ) ;
#3389 = VECTOR ( 'NONE', #308, 1000.000000000000000 ) ;
#3390 = FACE_OUTER_BOUND ( 'NONE', #1719, .T. ) ;
#3391 = VECTOR ( 'NONE', #310, 1000.000000000000000 ) ;
#3392 = CIRCLE ( 'NONE', #3109, 6.050000000000000700 ) ;
#3393 = VECTOR ( 'NONE', #311, 1000.000000000000000 ) ;
#3394 = CIRCLE ( 'NONE', #3110, 6.050000000000000700 ) ;
#3395 = CIRCLE ( 'NONE', #3111, 2.999999999999999100 ) ;
#3396 = CIRCLE ( 'NONE', #3112, 29.87500000000000000 ) ;
#3397 = CIRCLE ( 'NONE', #3113, 0.5000000000000004400 ) ;
#3398 = LINE ( 'NONE', #321, #3400 ) ;
#3399 = CIRCLE ( 'NONE', #3114, 0.5000000000000004400 ) ;
#3400 = VECTOR ( 'NONE', #322, 1000.000000000000100 ) ;
#3401 = LINE ( 'NONE', #326, #3403 ) ;
#3402 = CIRCLE ( 'NONE', #3115, 0.5000000000000004400 ) ;
#3403 = VECTOR ( 'NONE', #327, 1000.000000000000000 ) ;
#3404 = LINE ( 'NONE', #331, #3406 ) ;
#3405 = CIRCLE ( 'NONE', #3116, 0.5000000000000004400 ) ;
#3406 = VECTOR ( 'NONE', #332, 1000.000000000000100 ) ;
#3407 = LINE ( 'NONE', #336, #3409 ) ;
#3408 = CIRCLE ( 'NONE', #3117, 2.999999999999999100 ) ;
#3409 = VECTOR ( 'NONE', #337, 1000.000000000000100 ) ;
#3410 = CIRCLE ( 'NONE', #3118, 47.50000000000002100 ) ;
#3411 = CIRCLE ( 'NONE', #3119, 3.000000000000000000 ) ;
#3412 = LINE ( 'NONE', #347, #3414 ) ;
#3413 = CIRCLE ( 'NONE', #3120, 2.999999999999999100 ) ;
#3414 = VECTOR ( 'NONE', #348, 1000.000000000000000 ) ;
#3415 = CIRCLE ( 'NONE', #3121, 29.87500000000000000 ) ;
#3416 = CIRCLE ( 'NONE', #3122, 0.5000000000000004400 ) ;
#3417 = LINE ( 'NONE', #358, #3419 ) ;
#3418 = CIRCLE ( 'NONE', #3123, 13.00000000000002500 ) ;
#3419 = VECTOR ( 'NONE', #359, 1000.000000000000100 ) ;
#3420 = LINE ( 'NONE', #363, #3422 ) ;
#3421 = CIRCLE ( 'NONE', #3124, 0.5000000000000004400 ) ;
#3422 = VECTOR ( 'NONE', #364, 1000.000000000000000 ) ;
#3423 = CIRCLE ( 'NONE', #3125, 23.00000000000000000 ) ;
#3424 = CIRCLE ( 'NONE', #3126, 0.5000000000000004400 ) ;
#3425 = CIRCLE ( 'NONE', #3127, 29.87500000000000000 ) ;
#3426 = LINE ( 'NONE', #377, #3428 ) ;
#3427 = CIRCLE ( 'NONE', #3128, 3.000000000000000000 ) ;
#3428 = VECTOR ( 'NONE', #378, 1000.000000000000000 ) ;
#3429 = CIRCLE ( 'NONE', #3129, 47.50000000000002100 ) ;
#3430 = CIRCLE ( 'NONE', #3130, 2.999999999999999100 ) ;
#3431 = LINE ( 'NONE', #388, #3433 ) ;
#3432 = CIRCLE ( 'NONE', #3131, 3.000000000000000900 ) ;
#3433 = VECTOR ( 'NONE', #389, 1000.000000000000100 ) ;
#3434 = LINE ( 'NONE', #393, #3436 ) ;
#3435 = CIRCLE ( 'NONE', #3132, 2.000000000000000000 ) ;
#3436 = VECTOR ( 'NONE', #394, 1000.000000000000200 ) ;
#3437 = CIRCLE ( 'NONE', #3133, 7.800000000000001600 ) ;
#3438 = CIRCLE ( 'NONE', #3134, 2.000000000000001800 ) ;
#3439 = LINE ( 'NONE', #404, #3441 ) ;
#3440 = CIRCLE ( 'NONE', #3135, 2.999999999999999100 ) ;
#3441 = VECTOR ( 'NONE', #405, 1000.000000000000100 ) ;
#3442 = CIRCLE ( 'NONE', #3136, 2.500000000000000400 ) ;
#3443 = LINE ( 'NONE', #412, #3445 ) ;
#3444 = CIRCLE ( 'NONE', #3137, 2.499999999999998700 ) ;
#3445 = VECTOR ( 'NONE', #413, 1000.000000000000000 ) ;
#3446 = CIRCLE ( 'NONE', #3138, 25.37500000000000000 ) ;
#3447 = CIRCLE ( 'NONE', #3139, 2.999999999999999100 ) ;
#3448 = LINE ( 'NONE', #423, #3450 ) ;
#3449 = CIRCLE ( 'NONE', #3140, 2.000000000000000000 ) ;
#3450 = VECTOR ( 'NONE', #424, 1000.000000000000000 ) ;
#3451 = CIRCLE ( 'NONE', #3141, 7.800000000000001600 ) ;
#3452 = CIRCLE ( 'NONE', #3142, 2.000000000000001800 ) ;
#3453 = LINE ( 'NONE', #434, #3455 ) ;
#3454 = CIRCLE ( 'NONE', #3143, 2.999999999999999100 ) ;
#3455 = VECTOR ( 'NONE', #435, 1000.000000000000100 ) ;
#3456 = CIRCLE ( 'NONE', #3144, 2.499999999999998700 ) ;
#3457 = LINE ( 'NONE', #3697, #3459 ) ;
#3458 = CIRCLE ( 'NONE', #3145, 2.499999999999998700 ) ;
#3459 = VECTOR ( 'NONE', #3698, 1000.000000000000000 ) ;
#3460 = CIRCLE ( 'NONE', #3146, 25.37500000000000000 ) ;
#3461 = CIRCLE ( 'NONE', #3147, 16.00000000000000000 ) ;
#3462 = CIRCLE ( 'NONE', #3148, 20.99999999999999600 ) ;
#3463 = LINE ( 'NONE', #3711, #3465 ) ;
#3464 = CIRCLE ( 'NONE', #3149, 24.64999999999999900 ) ;
#3465 = VECTOR ( 'NONE', #3712, 1000.000000000000100 ) ;
#3466 = LINE ( 'NONE', #3716, #3468 ) ;
#3467 = CIRCLE ( 'NONE', #3150, 23.00000000000000000 ) ;
#3468 = VECTOR ( 'NONE', #3717, 999.9999999999998900 ) ;
#3469 = LINE ( 'NONE', #3721, #3471 ) ;
#3470 = FACE_OUTER_BOUND ( 'NONE', #1723, .T. ) ;
#3471 = VECTOR ( 'NONE', #3722, 1000.000000000000200 ) ;
#3472 = FACE_OUTER_BOUND ( 'NONE', #1725, .T. ) ;
#3473 = FACE_OUTER_BOUND ( 'NONE', #1724, .T. ) ;
#3474 = FACE_OUTER_BOUND ( 'NONE', #1731, .T. ) ;
#3475 = CYLINDRICAL_SURFACE ( 'NONE', #3153, 2.500000000000000400 ) ;
#3476 = FACE_OUTER_BOUND ( 'NONE', #1734, .T. ) ;
#3477 = CYLINDRICAL_SURFACE ( 'NONE', #3152, 2.499999999999998700 ) ;
#3478 = FACE_OUTER_BOUND ( 'NONE', #1717, .T. ) ;
#3479 = FACE_OUTER_BOUND ( 'NONE', #1726, .T. ) ;
#3480 = FACE_OUTER_BOUND ( 'NONE', #1691, .T. ) ;
#3481 = CYLINDRICAL_SURFACE ( 'NONE', #3155, 2.499999999999998700 ) ;
#3482 = FACE_OUTER_BOUND ( 'NONE', #1713, .T. ) ;
#3483 = CYLINDRICAL_SURFACE ( 'NONE', #3156, 2.499999999999998700 ) ;
#3484 = FACE_OUTER_BOUND ( 'NONE', #1728, .T. ) ;
#3485 = CYLINDRICAL_SURFACE ( 'NONE', #3157, 2.999999999999999100 ) ;
#3486 = FACE_OUTER_BOUND ( 'NONE', #1729, .T. ) ;
#3487 = CYLINDRICAL_SURFACE ( 'NONE', #3158, 3.000000000000000000 ) ;
#3488 = FACE_OUTER_BOUND ( 'NONE', #1730, .T. ) ;
#3489 = CYLINDRICAL_SURFACE ( 'NONE', #3159, 2.999999999999999100 ) ;
#3490 = PRESENTATION_STYLE_ASSIGNMENT (( #3827 ) ) ;
#3491 = CYLINDRICAL_SURFACE ( 'NONE', #3160, 3.000000000000000000 ) ;
#3492 = FACE_BOUND ( 'NONE', #1732, .T. ) ;
#3493 = FACE_OUTER_BOUND ( 'NONE', #1736, .T. ) ;
#3494 = FACE_OUTER_BOUND ( 'NONE', #1735, .T. ) ;
#3495 = COLOUR_RGB ( '',0.8980392156862745400, 0.8980392156862745400, 0.8980392156862745400 ) ;
#3496 = FACE_BOUND ( 'NONE', #1737, .T. ) ;
#3497 = CYLINDRICAL_SURFACE ( 'NONE', #3166, 28.75000000000000000 ) ;
#3498 = SURFACE_STYLE_FILL_AREA ( #3821 ) ;
#3499 = CYLINDRICAL_SURFACE ( 'NONE', #3167, 24.80000000000000100 ) ;
#3500 = FACE_OUTER_BOUND ( 'NONE', #1733, .T. ) ;
#3501 = FACE_OUTER_BOUND ( 'NONE', #1740, .T. ) ;
#3502 = PRESENTATION_STYLE_ASSIGNMENT (( #3838 ) ) ;
#3503 = SURFACE_STYLE_FILL_AREA ( #3836 ) ;
#3504 = COLOUR_RGB ( '',0.8980392156862745400, 0.8980392156862745400, 0.8980392156862745400 ) ;
#3505 = COLOUR_RGB ( '',0.8980392156862745400, 0.8980392156862745400, 0.8980392156862745400 ) ;
#3506 = FACE_OUTER_BOUND ( 'NONE', #1741, .T. ) ;
#3507 = PRESENTATION_STYLE_ASSIGNMENT (( #3848 ) ) ;
#3508 = SURFACE_STYLE_FILL_AREA ( #3846 ) ;
#3509 = CYLINDRICAL_SURFACE ( 'NONE', #3177, 23.00000000000000000 ) ;
#3510 = COLOUR_RGB ( '',0.8980392156862745400, 0.8980392156862745400, 0.8980392156862745400 ) ;
#3511 = FACE_BOUND ( 'NONE', #1742, .T. ) ;
#3512 = PRESENTATION_STYLE_ASSIGNMENT (( #3858 ) ) ;
#3513 = SURFACE_STYLE_FILL_AREA ( #3845 ) ;
#3514 = CYLINDRICAL_SURFACE ( 'NONE', #3182, 21.00000000000000000 ) ;
#3515 = FACE_OUTER_BOUND ( 'NONE', #1739, .T. ) ;
#3516 = FACE_OUTER_BOUND ( 'NONE', #1744, .T. ) ;
#3517 = PRESENTATION_STYLE_ASSIGNMENT (( #3870 ) ) ;
#3518 = SURFACE_STYLE_FILL_AREA ( #3868 ) ;
#3519 = COLOUR_RGB ( '',0.8980392156862745400, 0.8980392156862745400, 0.8980392156862745400 ) ;
#3520 = COLOUR_RGB ( '',0.8980392156862745400, 0.8980392156862745400, 0.8980392156862745400 ) ;
#3521 = FACE_OUTER_BOUND ( 'NONE', #1745, .T. ) ;
#3522 = PRESENTATION_STYLE_ASSIGNMENT (( #3880 ) ) ;
#3523 = SURFACE_STYLE_FILL_AREA ( #3878 ) ;
#3524 = CYLINDRICAL_SURFACE ( 'NONE', #3192, 16.05000000000000100 ) ;
#3525 = COLOUR_RGB ( '',0.8980392156862745400, 0.8980392156862745400, 0.8980392156862745400 ) ;
#3526 = FACE_OUTER_BOUND ( 'NONE', #1727, .T. ) ;
#3527 = PRESENTATION_STYLE_ASSIGNMENT (( #3890 ) ) ;
#3528 = SURFACE_STYLE_FILL_AREA ( #3888 ) ;
#3529 = CONICAL_SURFACE ( 'NONE', #3195, 12.50000000000000000, 0.7853981633974569400 ) ;
#3530 = COLOUR_RGB ( '',0.8980392156862745400, 0.8980392156862745400, 0.8980392156862745400 ) ;
#3531 = FACE_OUTER_BOUND ( 'NONE', #1738, .T. ) ;
#3532 = PRESENTATION_STYLE_ASSIGNMENT (( #3900 ) ) ;
#3533 = SURFACE_STYLE_FILL_AREA ( #3898 ) ;
#3534 = CONICAL_SURFACE ( 'NONE', #3200, 15.55000000000003600, 0.7853981633974482800 ) ;
#3535 = COLOUR_RGB ( '',0.8980392156862745400, 0.8980392156862745400, 0.8980392156862745400 ) ;
#3536 = FACE_OUTER_BOUND ( 'NONE', #1743, .T. ) ;
#3537 = PRESENTATION_STYLE_ASSIGNMENT (( #3910 ) ) ;
#3538 = SURFACE_STYLE_FILL_AREA ( #3908 ) ;
#3539 = CONICAL_SURFACE ( 'NONE', #3205, 21.00000000000000000, 0.7853981633974482800 ) ;
#3540 = TOROIDAL_SURFACE ( 'NONE', #3212, 25.30000000000000100, 0.5000000000000000000 ) ;
#3541 = FACE_OUTER_BOUND ( 'NONE', #1747, .T. ) ;
#3542 = CYLINDRICAL_SURFACE ( 'NONE', #3213, 11.00000000000000000 ) ;
#3543 = FACE_OUTER_BOUND ( 'NONE', #1722, .T. ) ;
#3544 = FACE_OUTER_BOUND ( 'NONE', #1694, .T. ) ;
#3545 = FACE_OUTER_BOUND ( 'NONE', #1748, .T. ) ;
#3546 = CONICAL_SURFACE ( 'NONE', #3210, 22.80000000000001500, 0.7853981633974396200 ) ;
#3547 = FACE_OUTER_BOUND ( 'NONE', #1840, .T. ) ;
#3548 = CYLINDRICAL_SURFACE ( 'NONE', #3214, 11.00000000000000000 ) ;
#3549 = TOROIDAL_SURFACE ( 'NONE', #3215, 28.25000000000000000, 0.5000000000000000000 ) ;
#3550 = FACE_OUTER_BOUND ( 'NONE', #1746, .T. ) ;
#3551 = TOROIDAL_SURFACE ( 'NONE', #3216, 11.50000000000000000, 0.5000000000000000000 ) ;
#3552 = FACE_OUTER_BOUND ( 'NONE', #1749, .T. ) ;
#3553 = TOROIDAL_SURFACE ( 'NONE', #3217, 11.50000000000000000, 0.5000000000000000000 ) ;
#3554 = FACE_OUTER_BOUND ( 'NONE', #1750, .T. ) ;
#3555 = TOROIDAL_SURFACE ( 'NONE', #3218, 28.25000000000000000, 0.5000000000000000000 ) ;
#3556 = FACE_OUTER_BOUND ( 'NONE', #1752, .T. ) ;
#3557 = TOROIDAL_SURFACE ( 'NONE', #3219, 10.79999999999999900, 0.2000000000000000100 ) ;
#3558 = FACE_OUTER_BOUND ( 'NONE', #1751, .T. ) ;
#3559 = TOROIDAL_SURFACE ( 'NONE', #3220, 28.94999999999999900, 0.2000000000000000100 ) ;
#3560 = FACE_OUTER_BOUND ( 'NONE', #1753, .T. ) ;
#3561 = TOROIDAL_SURFACE ( 'NONE', #3221, 28.94999999999999900, 0.2000000000000000100 ) ;
#3562 = FACE_OUTER_BOUND ( 'NONE', #1754, .T. ) ;
#3563 = TOROIDAL_SURFACE ( 'NONE', #3222, 10.79999999999999900, 0.2000000000000000100 ) ;
#3564 = FACE_OUTER_BOUND ( 'NONE', #1755, .T. ) ;
#3565 = TOROIDAL_SURFACE ( 'NONE', #3211, 6.050000000000000700, 1.000000000000000000 ) ;
#3566 = FACE_OUTER_BOUND ( 'NONE', #1709, .T. ) ;
#3567 = FACE_OUTER_BOUND ( 'NONE', #1712, .T. ) ;
#3568 = CYLINDRICAL_SURFACE ( 'NONE', #3224, 2.999999999999999100 ) ;
#3569 = FACE_OUTER_BOUND ( 'NONE', #1667, .T. ) ;
#3570 = CYLINDRICAL_SURFACE ( 'NONE', #3225, 2.999999999999999100 ) ;
#3571 = FACE_OUTER_BOUND ( 'NONE', #1668, .T. ) ;
#3572 = CYLINDRICAL_SURFACE ( 'NONE', #3226, 3.000000000000000900 ) ;
#3573 = TOROIDAL_SURFACE ( 'NONE', #3227, 6.050000000000000700, 1.000000000000000000 ) ;
#3574 = FACE_OUTER_BOUND ( 'NONE', #1666, .T. ) ;
#3575 = TOROIDAL_SURFACE ( 'NONE', #3223, 6.050000000000000700, 1.000000000000000000 ) ;
#3576 = FACE_OUTER_BOUND ( 'NONE', #1671, .T. ) ;
#3577 = FACE_OUTER_BOUND ( 'NONE', #1820, .T. ) ;
#3578 = CYLINDRICAL_SURFACE ( 'NONE', #3229, 2.000000000000000000 ) ;
#3579 = TOROIDAL_SURFACE ( 'NONE', #3230, 6.050000000000000700, 1.000000000000000000 ) ;
#3580 = FACE_OUTER_BOUND ( 'NONE', #1670, .T. ) ;
#3581 = TOROIDAL_SURFACE ( 'NONE', #3228, 6.050000000000000700, 1.000000000000000000 ) ;
#3582 = FACE_OUTER_BOUND ( 'NONE', #1775, .T. ) ;
#3583 = PRESENTATION_STYLE_ASSIGNMENT (( #3986 ) ) ;
#3584 = CYLINDRICAL_SURFACE ( 'NONE', #3232, 5.050000000000000700 ) ;
#3585 = COLOUR_RGB ( '',0.8980392156862745400, 0.8980392156862745400, 0.8980392156862745400 ) ;
#3586 = FACE_OUTER_BOUND ( 'NONE', #1838, .T. ) ;
#3587 = SURFACE_STYLE_FILL_AREA ( #3984 ) ;
#3588 = CYLINDRICAL_SURFACE ( 'NONE', #3234, 0.5000000000000004400 ) ;
#3589 = TOROIDAL_SURFACE ( 'NONE', #3237, 6.050000000000000700, 1.000000000000000000 ) ;
#3590 = FACE_OUTER_BOUND ( 'NONE', #1836, .T. ) ;
#3591 = FACE_OUTER_BOUND ( 'NONE', #1681, .T. ) ;
#3592 = FACE_OUTER_BOUND ( 'NONE', #1831, .T. ) ;
#3593 = CYLINDRICAL_SURFACE ( 'NONE', #3238, 23.00000000000000000 ) ;
#3594 = TOROIDAL_SURFACE ( 'NONE', #3239, 6.050000000000000700, 1.000000000000000000 ) ;
#3595 = FACE_OUTER_BOUND ( 'NONE', #1846, .T. ) ;
#3596 = FACE_OUTER_BOUND ( 'NONE', #1710, .T. ) ;
#3597 = FACE_OUTER_BOUND ( 'NONE', #1828, .T. ) ;
#3598 = FACE_OUTER_BOUND ( 'NONE', #1714, .T. ) ;
#3599 = CYLINDRICAL_SURFACE ( 'NONE', #3241, 0.5000000000000004400 ) ;
#3600 = FACE_OUTER_BOUND ( 'NONE', #1669, .T. ) ;
#3601 = CYLINDRICAL_SURFACE ( 'NONE', #3242, 25.37500000000000000 ) ;
#3602 = FACE_OUTER_BOUND ( 'NONE', #1676, .T. ) ;
#3603 = FACE_OUTER_BOUND ( 'NONE', #1685, .T. ) ;
#3604 = CYLINDRICAL_SURFACE ( 'NONE', #3244, 2.999999999999999100 ) ;
#3605 = FACE_OUTER_BOUND ( 'NONE', #1673, .T. ) ;
#3606 = PRESENTATION_STYLE_ASSIGNMENT (( #4038 ) ) ;
#3607 = CYLINDRICAL_SURFACE ( 'NONE', #3246, 25.37500000000000000 ) ;
#3608 = COLOUR_RGB ( '',0.8980392156862745400, 0.8980392156862745400, 0.8980392156862745400 ) ;
#3609 = FACE_OUTER_BOUND ( 'NONE', #1711, .T. ) ;
#3610 = CYLINDRICAL_SURFACE ( 'NONE', #3249, 2.000000000000001800 ) ;
#3611 = FACE_OUTER_BOUND ( 'NONE', #1703, .T. ) ;
#3612 = CYLINDRICAL_SURFACE ( 'NONE', #3250, 7.800000000000001600 ) ;
#3613 = FACE_OUTER_BOUND ( 'NONE', #1699, .T. ) ;
#3614 = CYLINDRICAL_SURFACE ( 'NONE', #3251, 2.999999999999999100 ) ;
#3615 = SURFACE_STYLE_FILL_AREA ( #4032 ) ;
#3616 = CYLINDRICAL_SURFACE ( 'NONE', #3252, 2.999999999999999100 ) ;
#3617 = FACE_BOUND ( 'NONE', #1702, .T. ) ;
#3618 = FACE_OUTER_BOUND ( 'NONE', #1697, .T. ) ;
#3619 = FACE_OUTER_BOUND ( 'NONE', #1680, .T. ) ;
#3620 = FACE_OUTER_BOUND ( 'NONE', #1698, .T. ) ;
#3621 = FACE_OUTER_BOUND ( 'NONE', #1675, .T. ) ;
#3622 = FACE_OUTER_BOUND ( 'NONE', #1696, .T. ) ;
#3623 = CYLINDRICAL_SURFACE ( 'NONE', #3256, 0.5000000000000004400 ) ;
#3624 = FACE_OUTER_BOUND ( 'NONE', #1679, .T. ) ;
#3625 = CYLINDRICAL_SURFACE ( 'NONE', #3257, 0.5000000000000004400 ) ;
#3626 = FACE_OUTER_BOUND ( 'NONE', #1674, .T. ) ;
#3627 = CYLINDRICAL_SURFACE ( 'NONE', #3258, 0.5000000000000004400 ) ;
#3628 = FACE_OUTER_BOUND ( 'NONE', #1788, .T. ) ;
#3629 = CYLINDRICAL_SURFACE ( 'NONE', #3259, 7.800000000000001600 ) ;
#3630 = FACE_OUTER_BOUND ( 'NONE', #1672, .T. ) ;
#3631 = FACE_OUTER_BOUND ( 'NONE', #1677, .T. ) ;
#3632 = CYLINDRICAL_SURFACE ( 'NONE', #3262, 25.37500000000000000 ) ;
#3633 = SURFACE_STYLE_FILL_AREA ( #4080 ) ;
#3634 = CYLINDRICAL_SURFACE ( 'NONE', #3263, 2.000000000000000000 ) ;
#3635 = FACE_OUTER_BOUND ( 'NONE', #1793, .T. ) ;
#3636 = PRESENTATION_STYLE_ASSIGNMENT (( #4082 ) ) ;
#3637 = CYLINDRICAL_SURFACE ( 'NONE', #3265, 2.000000000000001800 ) ;
#3638 = FACE_BOUND ( 'NONE', #1792, .T. ) ;
#3639 = COLOUR_RGB ( '',0.8980392156862745400, 0.8980392156862745400, 0.8980392156862745400 ) ;
#3640 = FACE_BOUND ( 'NONE', #1783, .T. ) ;
#3641 = FACE_BOUND ( 'NONE', #1791, .T. ) ;
#3642 = FACE_BOUND ( 'NONE', #1784, .T. ) ;
#3643 = FACE_OUTER_BOUND ( 'NONE', #1817, .T. ) ;
#3644 = CYLINDRICAL_SURFACE ( 'NONE', #3271, 12.50000000000000000 ) ;
#3645 = FACE_OUTER_BOUND ( 'NONE', #1786, .T. ) ;
#3646 = FACE_BOUND ( 'NONE', #1842, .T. ) ;
#3647 = FACE_BOUND ( 'NONE', #1778, .T. ) ;
#3648 = FACE_BOUND ( 'NONE', #1832, .T. ) ;
#3649 = FACE_OUTER_BOUND ( 'NONE', #1796, .T. ) ;
#3650 = CYLINDRICAL_SURFACE ( 'NONE', #3273, 47.50000000000002100 ) ;
#3651 = FACE_OUTER_BOUND ( 'NONE', #1785, .T. ) ;
#3652 = PRESENTATION_STYLE_ASSIGNMENT (( #4103 ) ) ;
#3653 = SURFACE_STYLE_FILL_AREA ( #4095 ) ;
#3654 = COLOUR_RGB ( '',0.09803921568627450800, 0.09803921568627450800, 0.09803921568627450800 ) ;
#3655 = FACE_BOUND ( 'NONE', #1789, .T. ) ;
#3656 = FACE_OUTER_BOUND ( 'NONE', #1816, .T. ) ;
#3657 = SURFACE_STYLE_FILL_AREA ( #4116 ) ;
#3658 = PRESENTATION_STYLE_ASSIGNMENT (( #4118 ) ) ;
#3659 = FACE_OUTER_BOUND ( 'NONE', #1700, .T. ) ;
#3660 = COLOUR_RGB ( '',0.8980392156862745400, 0.8980392156862745400, 0.8980392156862745400 ) ;
#3661 = COLOUR_RGB ( '',0.8980392156862745400, 0.8980392156862745400, 0.8980392156862745400 ) ;
#3662 = FACE_OUTER_BOUND ( 'NONE', #1701, .T. ) ;
#3663 = PRESENTATION_STYLE_ASSIGNMENT (( #4128 ) ) ;
#3664 = SURFACE_STYLE_FILL_AREA ( #4126 ) ;
#3665 = CYLINDRICAL_SURFACE ( 'NONE', #3286, 23.00000000000000000 ) ;
#3666 = COLOUR_RGB ( '',0.8980392156862745400, 0.8980392156862745400, 0.8980392156862745400 ) ;
#3667 = FACE_BOUND ( 'NONE', #1704, .T. ) ;
#3668 = PRESENTATION_STYLE_ASSIGNMENT (( #4138 ) ) ;
#3669 = SURFACE_STYLE_FILL_AREA ( #4125 ) ;
#3670 = CYLINDRICAL_SURFACE ( 'NONE', #3291, 20.99999999999999600 ) ;
#3671 = FACE_OUTER_BOUND ( 'NONE', #1705, .T. ) ;
#3672 = FACE_OUTER_BOUND ( 'NONE', #1693, .T. ) ;
#3673 = SURFACE_STYLE_FILL_AREA ( #4162 ) ;
#3674 = FACE_OUTER_BOUND ( 'NONE', #1688, .T. ) ;
#3675 = FACE_OUTER_BOUND ( 'NONE', #1683, .T. ) ;
#3676 = PRESENTATION_STYLE_ASSIGNMENT (( #4164 ) ) ;
#3677 = CYLINDRICAL_SURFACE ( 'NONE', #3295, 0.5000000000000004400 ) ;
#3678 = FACE_OUTER_BOUND ( 'NONE', #1686, .T. ) ;
#3679 = FACE_OUTER_BOUND ( 'NONE', #1708, .T. ) ;
#3680 = COLOUR_RGB ( '',0.8980392156862745400, 0.8980392156862745400, 0.8980392156862745400 ) ;
#3681 = COLOUR_RGB ( '',0.8980392156862745400, 0.8980392156862745400, 0.8980392156862745400 ) ;
#3682 = FACE_OUTER_BOUND ( 'NONE', #1706, .T. ) ;
#3683 = PRESENTATION_STYLE_ASSIGNMENT (( #4174 ) ) ;
#3684 = SURFACE_STYLE_FILL_AREA ( #4172 ) ;
#3685 = CONICAL_SURFACE ( 'NONE', #3303, 12.50000000000000000, 0.7853981633974465000 ) ;
#3686 = COLOUR_RGB ( '',0.8980392156862745400, 0.8980392156862745400, 0.8980392156862745400 ) ;
#3687 = FACE_OUTER_BOUND ( 'NONE', #1707, .T. ) ;
#3688 = PRESENTATION_STYLE_ASSIGNMENT (( #4184 ) ) ;
#3689 = SURFACE_STYLE_FILL_AREA ( #4182 ) ;
#3690 = CONICAL_SURFACE ( 'NONE', #3308, 15.50000000000002800, 0.7853981633974345100 ) ;
#3691 = FACE_OUTER_BOUND ( 'NONE', #1684, .T. ) ;
#3692 = FACE_OUTER_BOUND ( 'NONE', #1665, .T. ) ;
#3693 = FACE_OUTER_BOUND ( 'NONE', #1779, .T. ) ;
#3694 = FACE_OUTER_BOUND ( 'NONE', #1689, .T. ) ;
#3695 = CYLINDRICAL_SURFACE ( 'NONE', #3313, 16.00000000000000000 ) ;
#3696 = FACE_OUTER_BOUND ( 'NONE', #1682, .T. ) ;
#3697 = CARTESIAN_POINT ( 'NONE',  ( -14.51833020944263600, 0.0000000000000000000, -19.04552169592148300 ) ) ;
#3698 = DIRECTION ( 'NONE',  ( -0.6947693923084526900, 0.0000000000000000000, 0.7192325712252910500 ) ) ;
#3699 = CARTESIAN_POINT ( 'NONE',  ( -23.92000918133505700, 0.0000000000000000000, -15.26347882249804900 ) ) ;
#3700 = DIRECTION ( 'NONE',  ( 0.0000000000000000000, -1.000000000000000000, 0.0000000000000000000 ) ) ;
#3701 = DIRECTION ( 'NONE',  ( 0.0000000000000000000, 0.0000000000000000000, -1.000000000000000000 ) ) ;
#3702 = CARTESIAN_POINT ( 'NONE',  ( -21.87456677597348100, 0.0000000000000000000, -15.02858460689029000 ) ) ;
#3703 = DIRECTION ( 'NONE',  ( 0.0000000000000000000, -1.000000000000000000, 0.0000000000000000000 ) ) ;
#3704 = DIRECTION ( 'NONE',  ( 0.0000000000000000000, 0.0000000000000000000, -1.000000000000000000 ) ) ;
#3705 = CARTESIAN_POINT ( 'NONE',  ( -16.31641163750586200, 0.0000000000000000000, -20.78244517669261500 ) ) ;
#3706 = DIRECTION ( 'NONE',  ( 0.0000000000000000000, -1.000000000000000000, 0.0000000000000000000 ) ) ;
#3707 = DIRECTION ( 'NONE',  ( 0.0000000000000000000, 0.0000000000000000000, -1.000000000000000000 ) ) ;
#3708 = CARTESIAN_POINT ( 'NONE',  ( 0.0000000000000000000, 0.0000000000000000000, 0.0000000000000000000 ) ) ;
#3709 = DIRECTION ( 'NONE',  ( 0.0000000000000000000, -1.000000000000000000, 0.0000000000000000000 ) ) ;
#3710 = DIRECTION ( 'NONE',  ( 0.0000000000000000000, 0.0000000000000000000, -1.000000000000000000 ) ) ;
#3711 = CARTESIAN_POINT ( 'NONE',  ( 8.840018528723726700, 1.899999999999999900, -21.23332457275170200 ) ) ;
#3712 = DIRECTION ( 'NONE',  ( 0.3843486316836387000, 0.0000000000000000000, -0.9231880249022484900 ) ) ;
#3713 = CARTESIAN_POINT ( 'NONE',  ( 0.0000000000000000000, 1.899999999999999900, 0.0000000000000000000 ) ) ;
#3714 = DIRECTION ( 'NONE',  ( -0.0000000000000000000, -1.000000000000000000, -0.0000000000000000000 ) ) ;
#3715 = DIRECTION ( 'NONE',  ( 0.0000000000000000000, 0.0000000000000000000, 1.000000000000000000 ) ) ;
#3716 = CARTESIAN_POINT ( 'NONE',  ( 21.06693020440499400, 1.899999999999999900, -9.229542337663810200 ) ) ;
#3717 = DIRECTION ( 'NONE',  ( -0.9159534871480427000, -0.0000000000000000000, 0.4012844494636448900 ) ) ;
#3718 = CARTESIAN_POINT ( 'NONE',  ( 0.0000000000000000000, 1.899999999999999900, 0.0000000000000000000 ) ) ;
#3719 = DIRECTION ( 'NONE',  ( 0.0000000000000000000, -1.000000000000000000, 0.0000000000000000000 ) ) ;
#3720 = DIRECTION ( 'NONE',  ( 0.0000000000000000000, 0.0000000000000000000, -1.000000000000000000 ) ) ;
#3721 = CARTESIAN_POINT ( 'NONE',  ( -9.099610026312015900, 1.899999999999999900, 21.12337798196685100 ) ) ;
#3722 = DIRECTION ( 'NONE',  ( -0.3956352185353045900, 0.0000000000000000000, 0.9184077383463847800 ) ) ;
#3723 = CARTESIAN_POINT ( 'NONE',  ( 0.0000000000000000000, 1.899999999999999900, 0.0000000000000000000 ) ) ;
#3724 = DIRECTION ( 'NONE',  ( -0.0000000000000000000, -1.000000000000000000, -0.0000000000000000000 ) ) ;
#3725 = DIRECTION ( 'NONE',  ( 0.0000000000000000000, 0.0000000000000000000, 1.000000000000000000 ) ) ;
#3726 = CARTESIAN_POINT ( 'NONE',  ( -28.31603681655524300, 8.000000000000000000, 5.778164714830011500 ) ) ;
#3727 = CARTESIAN_POINT ( 'NONE',  ( -28.26209082079485300, 8.019881727994128800, 5.787939326648340100 ) ) ;
#3728 = CARTESIAN_POINT ( 'NONE',  ( 0.0000000000000000000, 1.899999999999999900, 0.0000000000000000000 ) ) ;
#3729 = DIRECTION ( 'NONE',  ( -0.0000000000000000000, -1.000000000000000000, -0.0000000000000000000 ) ) ;
#3730 = DIRECTION ( 'NONE',  ( 0.0000000000000000000, 0.0000000000000000000, 1.000000000000000000 ) ) ;
#3731 = CARTESIAN_POINT ( 'NONE',  ( 28.15749999999999500, 15.63715019669128000, 5.806693874314359700 ) ) ;
#3732 = CARTESIAN_POINT ( 'NONE',  ( -28.36949999999999900, 8.000000000000000000, 5.768359363805275000 ) ) ;
#3733 = CARTESIAN_POINT ( 'NONE',  ( -28.15749999999999200, 8.145090169718610400, -5.806693874314362300 ) ) ;
#3734 = CARTESIAN_POINT ( 'NONE',  ( -28.18263402416512200, 8.092145692114137000, 5.802226175717073900 ) ) ;
#3735 = CARTESIAN_POINT ( 'NONE',  ( -28.15749999999999900, 8.145092826089479500, 5.806693874314362300 ) ) ;
#3736 = CARTESIAN_POINT ( 'NONE',  ( -28.15749999999999500, 8.199999999999999300, 5.806693874314361500 ) ) ;
#3737 = CARTESIAN_POINT ( 'NONE',  ( 28.31603681655523300, 7.999999999999998200, 5.778164714829962600 ) ) ;
#3738 = CARTESIAN_POINT ( 'NONE',  ( 28.15749999999999500, 15.50000000000000000, 5.806693874314361500 ) ) ;
#3739 = CARTESIAN_POINT ( 'NONE',  ( 28.26209082079483900, 8.019881727994132300, 5.787939326648340100 ) ) ;
#3740 = CARTESIAN_POINT ( 'NONE',  ( 28.09479942054670300, 15.76940874650131400, 5.817939167277969200 ) ) ;
#3741 = CARTESIAN_POINT ( 'NONE',  ( 27.89633002626136700, 15.95012088354957800, 5.852531142824292800 ) ) ;
#3742 = CARTESIAN_POINT ( 'NONE',  ( 27.76082398238785100, 16.00000000000000000, 5.875690312133835700 ) ) ;
#3743 = CARTESIAN_POINT ( 'NONE',  ( 27.62750000000001200, 16.00000000000000000, 5.897774474325069100 ) ) ;
#3744 = CARTESIAN_POINT ( 'NONE',  ( -28.15749999999999500, 8.200000000000001100, -5.806693874314361500 ) ) ;
#3745 = CARTESIAN_POINT ( 'NONE',  ( 0.0000000000000000000, 0.0000000000000000000, -29.87500000000000000 ) ) ;
#3746 = CARTESIAN_POINT ( 'NONE',  ( -28.18263651338969200, 8.092140696383374600, -5.802225733764868400 ) ) ;
#3747 = CARTESIAN_POINT ( 'NONE',  ( -28.26209986396052900, 8.019876235701643100, -5.787937695000911400 ) ) ;
#3748 = CARTESIAN_POINT ( 'NONE',  ( -28.31628114793579300, 8.000000000000000000, -5.778119903526214100 ) ) ;
#3749 = CARTESIAN_POINT ( 'NONE',  ( -28.36949999999999900, 8.000000000000000000, -5.768359363805276800 ) ) ;
#3750 = CARTESIAN_POINT ( 'NONE',  ( 28.36949999999999900, 8.000000000000000000, 5.768359363805276800 ) ) ;
#3751 = CARTESIAN_POINT ( 'NONE',  ( 37.50000000000000000, 1.000000000000000000, 5.050000000000000700 ) ) ;
#3752 = CARTESIAN_POINT ( 'NONE',  ( 28.18263402416512500, 8.092145692114140600, 5.802226175717073900 ) ) ;
#3753 = CARTESIAN_POINT ( 'NONE',  ( 28.15749999999999500, 8.145092826089477700, 5.806693874314362300 ) ) ;
#3754 = CARTESIAN_POINT ( 'NONE',  ( 28.15749999999999500, 8.200000000000001100, 5.806693874314361500 ) ) ;
#3755 = CARTESIAN_POINT ( 'NONE',  ( -24.90513250316086800, 8.000000000000000000, -16.50000000000000000 ) ) ;
#3756 = CARTESIAN_POINT ( 'NONE',  ( -17.96237376104874200, 0.0000000000000000000, -23.87192396662630500 ) ) ;
#3757 = CARTESIAN_POINT ( 'NONE',  ( 37.50000000000000000, 7.000000000000000000, -5.050000000000000700 ) ) ;
#3758 = CARTESIAN_POINT ( 'NONE',  ( -28.15749999999999500, 8.199999999999999300, 5.806693874314361500 ) ) ;
#3759 = CARTESIAN_POINT ( 'NONE',  ( -20.07648534791025300, 1.899999999999999900, -13.29166112611915900 ) ) ;
#3760 = CARTESIAN_POINT ( 'NONE',  ( 37.50000000000000000, 1.000000000000000000, -5.050000000000000700 ) ) ;
#3761 = CARTESIAN_POINT ( 'NONE',  ( 0.0000000000000000000, 8.000000000000000000, -29.87500000000000000 ) ) ;
#3762 = CARTESIAN_POINT ( 'NONE',  ( -28.36949999999999900, 8.000000000000000000, -5.768359363805276800 ) ) ;
#3763 = CARTESIAN_POINT ( 'NONE',  ( -17.96237376104874200, 1.899999999999999700, -23.87192396662630500 ) ) ;
#3764 = CARTESIAN_POINT ( 'NONE',  ( 28.15749999999999500, 15.50000000000000000, 5.806693874314361500 ) ) ;
#3765 = CARTESIAN_POINT ( 'NONE',  ( 37.50000000000000000, 0.0000000000000000000, 6.050000000000000700 ) ) ;
#3766 = CARTESIAN_POINT ( 'NONE',  ( 37.50000000000000000, 8.000000000000000000, 6.050000000000000700 ) ) ;
#3767 = CARTESIAN_POINT ( 'NONE',  ( 37.50000000000000000, 0.0000000000000000000, -6.050000000000000700 ) ) ;
#3768 = CARTESIAN_POINT ( 'NONE',  ( 28.15749999999999500, 8.200000000000001100, 5.806693874314361500 ) ) ;
#3769 = CARTESIAN_POINT ( 'NONE',  ( 47.02356160096839200, 8.000000000000000000, 6.710786418888083900 ) ) ;
#3770 = CARTESIAN_POINT ( 'NONE',  ( 22.57825345819926400, 1.899999999999999900, -9.891661679278824300 ) ) ;
#3771 = PLANE ( 'NONE',  #3151 ) ;
#3772 = DIRECTION ( 'NONE',  ( 0.0000000000000000000, 0.0000000000000000000, -1.000000000000000000 ) ) ;
#3773 = CARTESIAN_POINT ( 'NONE',  ( 13.97817213358693400, 2.000000000000000000, 19.60469900866259600 ) ) ;
#3774 = DIRECTION ( 'NONE',  ( 0.0000000000000000000, -1.000000000000000000, 0.0000000000000000000 ) ) ;
#3775 = DIRECTION ( 'NONE',  ( -0.7192325712252930500, 0.0000000000000000000, -0.6947693923084505800 ) ) ;
#3776 = DIRECTION ( 'NONE',  ( -0.6947693923084505800, 0.0000000000000000000, 0.7192325712252930500 ) ) ;
#3777 = CARTESIAN_POINT ( 'NONE',  ( 15.77625356165016500, 2.000000000000000000, 21.34162248943372100 ) ) ;
#3778 = DIRECTION ( 'NONE',  ( 0.0000000000000000000, 0.0000000000000000000, -1.000000000000000000 ) ) ;
#3779 = CARTESIAN_POINT ( 'NONE',  ( 21.33440870011777000, 2.000000000000000000, 15.58776191963137800 ) ) ;
#3780 = DIRECTION ( 'NONE',  ( 0.0000000000000000000, -1.000000000000000000, 0.0000000000000000000 ) ) ;
#3781 = CARTESIAN_POINT ( 'NONE',  ( -14.51833020944263600, 2.000000000000000000, -19.04552169592148300 ) ) ;
#3782 = DIRECTION ( 'NONE',  ( 0.0000000000000000000, -1.000000000000000000, 0.0000000000000000000 ) ) ;
#3783 = PLANE ( 'NONE',  #3154 ) ;
#3784 = DIRECTION ( 'NONE',  ( 0.0000000000000000000, 0.0000000000000000000, -1.000000000000000000 ) ) ;
#3785 = DIRECTION ( 'NONE',  ( 0.7192325712252910500, 0.0000000000000000000, 0.6947693923084526900 ) ) ;
#3786 = DIRECTION ( 'NONE',  ( 0.6947693923084526900, 0.0000000000000000000, -0.7192325712252910500 ) ) ;
#3787 = CARTESIAN_POINT ( 'NONE',  ( -16.31641163750586200, 2.000000000000000000, -20.78244517669261500 ) ) ;
#3788 = DIRECTION ( 'NONE',  ( 0.0000000000000000000, 0.0000000000000000000, -1.000000000000000000 ) ) ;
#3789 = CARTESIAN_POINT ( 'NONE',  ( -21.87456677597348100, 2.000000000000000000, -15.02858460689029000 ) ) ;
#3790 = DIRECTION ( 'NONE',  ( 0.0000000000000000000, -1.000000000000000000, 0.0000000000000000000 ) ) ;
#3791 = DIRECTION ( 'NONE',  ( 0.0000000000000000000, 0.0000000000000000000, -1.000000000000000000 ) ) ;
#3792 = CARTESIAN_POINT ( 'NONE',  ( 44.05365244722301600, 8.000000000000000000, -6.286947276642519200 ) ) ;
#3793 = DIRECTION ( 'NONE',  ( -0.0000000000000000000, -1.000000000000000000, -0.0000000000000000000 ) ) ;
#3794 = DIRECTION ( 'NONE',  ( 0.0000000000000000000, 0.0000000000000000000, -1.000000000000000000 ) ) ;
#3795 = CARTESIAN_POINT ( 'NONE',  ( 44.05365244722302300, 8.000000000000000000, 6.286947276642521000 ) ) ;
#3796 = DIRECTION ( 'NONE',  ( -0.0000000000000000000, -1.000000000000000000, -0.0000000000000000000 ) ) ;
#3797 = DIRECTION ( 'NONE',  ( 0.0000000000000000000, 0.0000000000000000000, -1.000000000000000000 ) ) ;
#3798 = CARTESIAN_POINT ( 'NONE',  ( -44.05365244722301600, 8.000000000000000000, -6.286947276642519200 ) ) ;
#3799 = DIRECTION ( 'NONE',  ( -0.0000000000000000000, -1.000000000000000000, -0.0000000000000000000 ) ) ;
#3800 = DIRECTION ( 'NONE',  ( 0.0000000000000000000, 0.0000000000000000000, -1.000000000000000000 ) ) ;
#3801 = CARTESIAN_POINT ( 'NONE',  ( -44.05365244722302300, 8.000000000000000000, 6.286947276642521000 ) ) ;
#3802 = DIRECTION ( 'NONE',  ( -0.0000000000000000000, -1.000000000000000000, -0.0000000000000000000 ) ) ;
#3803 = CARTESIAN_POINT ( 'NONE',  ( 0.0000000000000000000, 8.000000000000000000, 0.0000000000000000000 ) ) ;
#3804 = PLANE ( 'NONE',  #3162 ) ;
#3805 = PLANE ( 'NONE',  #3161 ) ;
#3806 = CARTESIAN_POINT ( 'NONE',  ( 0.0000000000000000000, 8.000000000000000000, 0.0000000000000000000 ) ) ;
#3807 = DIRECTION ( 'NONE',  ( 0.0000000000000000000, 1.000000000000000000, 0.0000000000000000000 ) ) ;
#3808 = DIRECTION ( 'NONE',  ( 0.0000000000000000000, -0.0000000000000000000, 1.000000000000000000 ) ) ;
#3809 = DIRECTION ( 'NONE',  ( 0.0000000000000000000, 1.000000000000000000, 0.0000000000000000000 ) ) ;
#3810 = DIRECTION ( 'NONE',  ( 0.0000000000000000000, 1.000000000000000000, 0.0000000000000000000 ) ) ;
#3811 = DIRECTION ( 'NONE',  ( 0.0000000000000000000, -0.0000000000000000000, 1.000000000000000000 ) ) ;
#3812 = CARTESIAN_POINT ( 'NONE',  ( 0.0000000000000000000, 16.00000000000000000, 0.0000000000000000000 ) ) ;
#3813 = DIRECTION ( 'NONE',  ( -0.0000000000000000000, -1.000000000000000000, -0.0000000000000000000 ) ) ;
#3814 = PLANE ( 'NONE',  #3164 ) ;
#3815 = DIRECTION ( 'NONE',  ( 0.0000000000000000000, 0.0000000000000000000, -1.000000000000000000 ) ) ;
#3816 = DIRECTION ( 'NONE',  ( 0.0000000000000000000, -0.0000000000000000000, 1.000000000000000000 ) ) ;
#3817 = CARTESIAN_POINT ( 'NONE',  ( 0.0000000000000000000, 16.00000000000000000, 0.0000000000000000000 ) ) ;
#3818 = DIRECTION ( 'NONE',  ( 0.0000000000000000000, 0.0000000000000000000, 1.000000000000000000 ) ) ;
#3819 = CARTESIAN_POINT ( 'NONE',  ( 0.0000000000000000000, 14.00000000000000000, 0.0000000000000000000 ) ) ;
#3820 = DIRECTION ( 'NONE',  ( -0.0000000000000000000, 1.000000000000000000, -0.0000000000000000000 ) ) ;
#3821 = FILL_AREA_STYLE ('',( #3822 ) ) ;
#3822 = FILL_AREA_STYLE_COLOUR ( '', #3495 ) ;
#3823 = DIRECTION ( 'NONE',  ( -0.0000000000000000000, -1.000000000000000000, -0.0000000000000000000 ) ) ;
#3824 = PLANE ( 'NONE',  #3171 ) ;
#3825 = FILL_AREA_STYLE_COLOUR ( '', #3504 ) ;
#3826 = SURFACE_SIDE_STYLE ('',( #3498 ) ) ;
#3827 = SURFACE_STYLE_USAGE ( .BOTH. , #3826 ) ;
#3828 =( LENGTH_UNIT ( ) NAMED_UNIT ( * ) SI_UNIT ( .MILLI., .METRE. ) );
#3829 =( NAMED_UNIT ( * ) PLANE_ANGLE_UNIT ( ) SI_UNIT ( $, .RADIAN. ) );
#3830 =( NAMED_UNIT ( * ) SI_UNIT ( $, .STERADIAN. ) SOLID_ANGLE_UNIT ( ) );
#3831 = CARTESIAN_POINT ( 'NONE',  ( 0.0000000000000000000, 14.69999999999999900, 0.0000000000000000000 ) ) ;
#3832 = DIRECTION ( 'NONE',  ( 0.0000000000000000000, 1.000000000000000000, 0.0000000000000000000 ) ) ;
#3833 = DIRECTION ( 'NONE',  ( 0.0000000000000000000, -0.0000000000000000000, 1.000000000000000000 ) ) ;
#3834 = CARTESIAN_POINT ( 'NONE',  ( 0.0000000000000000000, 14.69999999999999900, 0.0000000000000000000 ) ) ;
#3835 = FILL_AREA_STYLE_COLOUR ( '', #3505 ) ;
#3836 = FILL_AREA_STYLE ('',( #3825 ) ) ;
#3837 = SURFACE_SIDE_STYLE ('',( #3503 ) ) ;
#3838 = SURFACE_STYLE_USAGE ( .BOTH. , #3837 ) ;
#3839 =( LENGTH_UNIT ( ) NAMED_UNIT ( * ) SI_UNIT ( .MILLI., .METRE. ) );
#3840 =( NAMED_UNIT ( * ) PLANE_ANGLE_UNIT ( ) SI_UNIT ( $, .RADIAN. ) );
#3841 =( NAMED_UNIT ( * ) SI_UNIT ( $, .STERADIAN. ) SOLID_ANGLE_UNIT ( ) );
#3842 = DIRECTION ( 'NONE',  ( 0.0000000000000000000, 0.0000000000000000000, -1.000000000000000000 ) ) ;
#3843 = CARTESIAN_POINT ( 'NONE',  ( 0.0000000000000000000, 14.69999999999999900, 0.0000000000000000000 ) ) ;
#3844 = DIRECTION ( 'NONE',  ( -0.0000000000000000000, -1.000000000000000000, -0.0000000000000000000 ) ) ;
#3845 = FILL_AREA_STYLE ('',( #3853 ) ) ;
#3846 = FILL_AREA_STYLE ('',( #3835 ) ) ;
#3847 = SURFACE_SIDE_STYLE ('',( #3508 ) ) ;
#3848 = SURFACE_STYLE_USAGE ( .BOTH. , #3847 ) ;
#3849 =( LENGTH_UNIT ( ) NAMED_UNIT ( * ) SI_UNIT ( .MILLI., .METRE. ) );
#3850 =( NAMED_UNIT ( * ) PLANE_ANGLE_UNIT ( ) SI_UNIT ( $, .RADIAN. ) );
#3851 =( NAMED_UNIT ( * ) SI_UNIT ( $, .STERADIAN. ) SOLID_ANGLE_UNIT ( ) );
#3852 = DIRECTION ( 'NONE',  ( 0.0000000000000000000, 0.0000000000000000000, -1.000000000000000000 ) ) ;
#3853 = FILL_AREA_STYLE_COLOUR ( '', #3510 ) ;
#3854 = DIRECTION ( 'NONE',  ( -0.0000000000000000000, -1.000000000000000000, -0.0000000000000000000 ) ) ;
#3855 = PLANE ( 'NONE',  #3186 ) ;
#3856 = FILL_AREA_STYLE_COLOUR ( '', #3519 ) ;
#3857 = SURFACE_SIDE_STYLE ('',( #3513 ) ) ;
#3858 = SURFACE_STYLE_USAGE ( .BOTH. , #3857 ) ;
#3859 =( LENGTH_UNIT ( ) NAMED_UNIT ( * ) SI_UNIT ( .MILLI., .METRE. ) );
#3860 =( NAMED_UNIT ( * ) PLANE_ANGLE_UNIT ( ) SI_UNIT ( $, .RADIAN. ) );
#3861 =( NAMED_UNIT ( * ) SI_UNIT ( $, .STERADIAN. ) SOLID_ANGLE_UNIT ( ) );
#3862 = CARTESIAN_POINT ( 'NONE',  ( 0.0000000000000000000, 24.00000000000000000, 0.0000000000000000000 ) ) ;
#3863 = DIRECTION ( 'NONE',  ( 0.0000000000000000000, 1.000000000000000000, 0.0000000000000000000 ) ) ;
#3864 = DIRECTION ( 'NONE',  ( 0.0000000000000000000, -0.0000000000000000000, 1.000000000000000000 ) ) ;
#3865 = CARTESIAN_POINT ( 'NONE',  ( 0.0000000000000000000, 24.00000000000000000, 0.0000000000000000000 ) ) ;
#3866 = FILL_AREA_STYLE_COLOUR ( '', #3520 ) ;
#3867 = EDGE_CURVE ( 'NONE', #920, #927, #4279, .T. ) ;
#3868 = FILL_AREA_STYLE ('',( #3856 ) ) ;
#3869 = SURFACE_SIDE_STYLE ('',( #3518 ) ) ;
#3870 = SURFACE_STYLE_USAGE ( .BOTH. , #3869 ) ;
#3871 =( LENGTH_UNIT ( ) NAMED_UNIT ( * ) SI_UNIT ( .MILLI., .METRE. ) );
#3872 =( NAMED_UNIT ( * ) PLANE_ANGLE_UNIT ( ) SI_UNIT ( $, .RADIAN. ) );
#3873 =( NAMED_UNIT ( * ) SI_UNIT ( $, .STERADIAN. ) SOLID_ANGLE_UNIT ( ) );
#3874 = DIRECTION ( 'NONE',  ( 0.0000000000000000000, 0.0000000000000000000, -1.000000000000000000 ) ) ;
#3875 = CARTESIAN_POINT ( 'NONE',  ( 0.0000000000000000000, 23.49999999999998600, 0.0000000000000000000 ) ) ;
#3876 = DIRECTION ( 'NONE',  ( 0.0000000000000000000, 1.000000000000000000, 0.0000000000000000000 ) ) ;
#3877 = FILL_AREA_STYLE_COLOUR ( '', #3525 ) ;
#3878 = FILL_AREA_STYLE ('',( #3866 ) ) ;
#3879 = SURFACE_SIDE_STYLE ('',( #3523 ) ) ;
#3880 = SURFACE_STYLE_USAGE ( .BOTH. , #3879 ) ;
#3881 =( LENGTH_UNIT ( ) NAMED_UNIT ( * ) SI_UNIT ( .MILLI., .METRE. ) );
#3882 =( NAMED_UNIT ( * ) PLANE_ANGLE_UNIT ( ) SI_UNIT ( $, .RADIAN. ) );
#3883 =( NAMED_UNIT ( * ) SI_UNIT ( $, .STERADIAN. ) SOLID_ANGLE_UNIT ( ) );
#3884 = DIRECTION ( 'NONE',  ( 0.0000000000000000000, 0.0000000000000000000, 1.000000000000000000 ) ) ;
#3885 = CARTESIAN_POINT ( 'NONE',  ( 0.0000000000000000000, 24.00000000000000000, 0.0000000000000000000 ) ) ;
#3886 = DIRECTION ( 'NONE',  ( 0.0000000000000000000, -1.000000000000000000, 0.0000000000000000000 ) ) ;
#3887 = FILL_AREA_STYLE_COLOUR ( '', #3530 ) ;
#3888 = FILL_AREA_STYLE ('',( #3877 ) ) ;
#3889 = SURFACE_SIDE_STYLE ('',( #3528 ) ) ;
#3890 = SURFACE_STYLE_USAGE ( .BOTH. , #3889 ) ;
#3891 =( LENGTH_UNIT ( ) NAMED_UNIT ( * ) SI_UNIT ( .MILLI., .METRE. ) );
#3892 =( NAMED_UNIT ( * ) PLANE_ANGLE_UNIT ( ) SI_UNIT ( $, .RADIAN. ) );
#3893 =( NAMED_UNIT ( * ) SI_UNIT ( $, .STERADIAN. ) SOLID_ANGLE_UNIT ( ) );
#3894 = DIRECTION ( 'NONE',  ( 0.0000000000000000000, 0.0000000000000000000, -1.000000000000000000 ) ) ;
#3895 = CARTESIAN_POINT ( 'NONE',  ( 0.0000000000000000000, 14.50000000000003200, 0.0000000000000000000 ) ) ;
#3896 = DIRECTION ( 'NONE',  ( 0.0000000000000000000, 1.000000000000000000, 0.0000000000000000000 ) ) ;
#3897 = FILL_AREA_STYLE_COLOUR ( '', #3535 ) ;
#3898 = FILL_AREA_STYLE ('',( #3887 ) ) ;
#3899 = SURFACE_SIDE_STYLE ('',( #3533 ) ) ;
#3900 = SURFACE_STYLE_USAGE ( .BOTH. , #3899 ) ;
#3901 =( LENGTH_UNIT ( ) NAMED_UNIT ( * ) SI_UNIT ( .MILLI., .METRE. ) );
#3902 =( NAMED_UNIT ( * ) PLANE_ANGLE_UNIT ( ) SI_UNIT ( $, .RADIAN. ) );
#3903 =( NAMED_UNIT ( * ) SI_UNIT ( $, .STERADIAN. ) SOLID_ANGLE_UNIT ( ) );
#3904 = DIRECTION ( 'NONE',  ( 0.0000000000000000000, 0.0000000000000000000, 1.000000000000000000 ) ) ;
#3905 = CARTESIAN_POINT ( 'NONE',  ( 0.0000000000000000000, 14.69999999999999900, 0.0000000000000000000 ) ) ;
#3906 = DIRECTION ( 'NONE',  ( 0.0000000000000000000, -1.000000000000000000, 0.0000000000000000000 ) ) ;
#3907 = DIRECTION ( 'NONE',  ( 0.0000000000000000000, 0.0000000000000000000, 1.000000000000000000 ) ) ;
#3908 = FILL_AREA_STYLE ('',( #3897 ) ) ;
#3909 = SURFACE_SIDE_STYLE ('',( #3538 ) ) ;
#3910 = SURFACE_STYLE_USAGE ( .BOTH. , #3909 ) ;
#3911 =( LENGTH_UNIT ( ) NAMED_UNIT ( * ) SI_UNIT ( .MILLI., .METRE. ) );
#3912 =( NAMED_UNIT ( * ) PLANE_ANGLE_UNIT ( ) SI_UNIT ( $, .RADIAN. ) );
#3913 =( NAMED_UNIT ( * ) SI_UNIT ( $, .STERADIAN. ) SOLID_ANGLE_UNIT ( ) );
#3914 = DIRECTION ( 'NONE',  ( 0.0000000000000000000, 0.0000000000000000000, -1.000000000000000000 ) ) ;
#3915 = CARTESIAN_POINT ( 'NONE',  ( -37.50000000000000000, -23.11269837220809000, 0.0000000000000000000 ) ) ;
#3916 = DIRECTION ( 'NONE',  ( -0.0000000000000000000, 1.000000000000000000, -0.0000000000000000000 ) ) ;
#3917 = DIRECTION ( 'NONE',  ( 0.0000000000000000000, 0.0000000000000000000, 1.000000000000000000 ) ) ;
#3918 = CARTESIAN_POINT ( 'NONE',  ( 37.50000000000000000, -23.11269837220809000, 0.0000000000000000000 ) ) ;
#3919 = DIRECTION ( 'NONE',  ( -0.0000000000000000000, 1.000000000000000000, -0.0000000000000000000 ) ) ;
#3920 = DIRECTION ( 'NONE',  ( 0.0000000000000000000, 1.000000000000000000, 0.0000000000000000000 ) ) ;
#3921 = CARTESIAN_POINT ( 'NONE',  ( 0.0000000000000000000, 15.50000000000000000, 0.0000000000000000000 ) ) ;
#3922 = DIRECTION ( 'NONE',  ( 0.0000000000000000000, 1.000000000000000000, 0.0000000000000000000 ) ) ;
#3923 = DIRECTION ( 'NONE',  ( 0.0000000000000000000, 0.0000000000000000000, 1.000000000000000000 ) ) ;
#3924 = CARTESIAN_POINT ( 'NONE',  ( 0.0000000000000000000, 15.50000000000000000, 0.0000000000000000000 ) ) ;
#3925 = DIRECTION ( 'NONE',  ( 0.0000000000000000000, 1.000000000000000000, 0.0000000000000000000 ) ) ;
#3926 = DIRECTION ( 'NONE',  ( 0.0000000000000000000, 0.0000000000000000000, 1.000000000000000000 ) ) ;
#3927 = CARTESIAN_POINT ( 'NONE',  ( -37.50000000000000000, 15.50000000000000000, 0.0000000000000000000 ) ) ;
#3928 = DIRECTION ( 'NONE',  ( 0.0000000000000000000, 1.000000000000000000, 0.0000000000000000000 ) ) ;
#3929 = DIRECTION ( 'NONE',  ( 0.0000000000000000000, 0.0000000000000000000, 1.000000000000000000 ) ) ;
#3930 = CARTESIAN_POINT ( 'NONE',  ( 37.50000000000000000, 15.50000000000000000, 0.0000000000000000000 ) ) ;
#3931 = DIRECTION ( 'NONE',  ( 0.0000000000000000000, 1.000000000000000000, 0.0000000000000000000 ) ) ;
#3932 = DIRECTION ( 'NONE',  ( 0.0000000000000000000, 0.0000000000000000000, 1.000000000000000000 ) ) ;
#3933 = CARTESIAN_POINT ( 'NONE',  ( 0.0000000000000000000, 15.50000000000000000, 0.0000000000000000000 ) ) ;
#3934 = DIRECTION ( 'NONE',  ( 0.0000000000000000000, -1.000000000000000000, 0.0000000000000000000 ) ) ;
#3935 = DIRECTION ( 'NONE',  ( 0.0000000000000000000, 0.0000000000000000000, 1.000000000000000000 ) ) ;
#3936 = CARTESIAN_POINT ( 'NONE',  ( 37.50000000000000000, 8.199999999999999300, 0.0000000000000000000 ) ) ;
#3937 = DIRECTION ( 'NONE',  ( 0.0000000000000000000, -1.000000000000000000, 0.0000000000000000000 ) ) ;
#3938 = DIRECTION ( 'NONE',  ( 0.0000000000000000000, 0.0000000000000000000, -1.000000000000000000 ) ) ;
#3939 = CARTESIAN_POINT ( 'NONE',  ( 0.0000000000000000000, 8.200000000000001100, 0.0000000000000000000 ) ) ;
#3940 = DIRECTION ( 'NONE',  ( 0.0000000000000000000, -1.000000000000000000, 0.0000000000000000000 ) ) ;
#3941 = DIRECTION ( 'NONE',  ( 0.0000000000000000000, 0.0000000000000000000, -1.000000000000000000 ) ) ;
#3942 = CARTESIAN_POINT ( 'NONE',  ( 0.0000000000000000000, 8.200000000000001100, 0.0000000000000000000 ) ) ;
#3943 = DIRECTION ( 'NONE',  ( 0.0000000000000000000, -1.000000000000000000, 0.0000000000000000000 ) ) ;
#3944 = DIRECTION ( 'NONE',  ( 0.0000000000000000000, 0.0000000000000000000, -1.000000000000000000 ) ) ;
#3945 = CARTESIAN_POINT ( 'NONE',  ( -37.50000000000000000, 8.199999999999999300, 0.0000000000000000000 ) ) ;
#3946 = DIRECTION ( 'NONE',  ( 0.0000000000000000000, 0.0000000000000000000, -1.000000000000000000 ) ) ;
#3947 = DIRECTION ( 'NONE',  ( 0.0000000000000000000, 0.0000000000000000000, -1.000000000000000000 ) ) ;
#3948 = CARTESIAN_POINT ( 'NONE',  ( 23.92000918133504700, 1.899999999999999900, 15.26347882249806400 ) ) ;
#3949 = DIRECTION ( 'NONE',  ( -0.0000000000000000000, -1.000000000000000000, -0.0000000000000000000 ) ) ;
#3950 = DIRECTION ( 'NONE',  ( 0.0000000000000000000, 0.0000000000000000000, -1.000000000000000000 ) ) ;
#3951 = CARTESIAN_POINT ( 'NONE',  ( -23.92000918133505700, 1.899999999999999900, -15.26347882249804900 ) ) ;
#3952 = DIRECTION ( 'NONE',  ( -0.0000000000000000000, -1.000000000000000000, -0.0000000000000000000 ) ) ;
#3953 = DIRECTION ( 'NONE',  ( 0.0000000000000000000, 0.0000000000000000000, -1.000000000000000000 ) ) ;
#3954 = CARTESIAN_POINT ( 'NONE',  ( 23.92000918133505000, 1.899999999999999900, -15.26347882249805500 ) ) ;
#3955 = DIRECTION ( 'NONE',  ( -0.0000000000000000000, -1.000000000000000000, -0.0000000000000000000 ) ) ;
#3956 = DIRECTION ( 'NONE',  ( 0.0000000000000000000, -1.000000000000000000, 0.0000000000000000000 ) ) ;
#3957 = CARTESIAN_POINT ( 'NONE',  ( 37.50000000000000000, 7.000000000000000000, 0.0000000000000000000 ) ) ;
#3958 = DIRECTION ( 'NONE',  ( 0.0000000000000000000, -1.000000000000000000, 0.0000000000000000000 ) ) ;
#3959 = DIRECTION ( 'NONE',  ( 0.0000000000000000000, 0.0000000000000000000, -1.000000000000000000 ) ) ;
#3960 = CARTESIAN_POINT ( 'NONE',  ( -37.50000000000000000, 1.000000000000000000, 0.0000000000000000000 ) ) ;
#3961 = DIRECTION ( 'NONE',  ( 0.0000000000000000000, 0.0000000000000000000, -1.000000000000000000 ) ) ;
#3962 = DIRECTION ( 'NONE',  ( 0.0000000000000000000, 0.0000000000000000000, -1.000000000000000000 ) ) ;
#3963 = CARTESIAN_POINT ( 'NONE',  ( 31.00740866141316600, 1.899999999999999900, -7.340725966149893400 ) ) ;
#3964 = DIRECTION ( 'NONE',  ( -0.0000000000000000000, -1.000000000000000000, -0.0000000000000000000 ) ) ;
#3965 = DIRECTION ( 'NONE',  ( 0.0000000000000000000, -1.000000000000000000, 0.0000000000000000000 ) ) ;
#3966 = CARTESIAN_POINT ( 'NONE',  ( 37.50000000000000000, 1.000000000000000000, 0.0000000000000000000 ) ) ;
#3967 = DIRECTION ( 'NONE',  ( 0.0000000000000000000, -1.000000000000000000, 0.0000000000000000000 ) ) ;
#3968 = DIRECTION ( 'NONE',  ( 0.0000000000000000000, 0.0000000000000000000, -1.000000000000000000 ) ) ;
#3969 = CARTESIAN_POINT ( 'NONE',  ( -37.50000000000000000, 7.000000000000000000, 0.0000000000000000000 ) ) ;
#3970 = DIRECTION ( 'NONE',  ( 0.0000000000000000000, 0.0000000000000000000, -1.000000000000000000 ) ) ;
#3971 = DIRECTION ( 'NONE',  ( 0.0000000000000000000, 0.0000000000000000000, -1.000000000000000000 ) ) ;
#3972 = CARTESIAN_POINT ( 'NONE',  ( 37.50000000000000000, 8.000000000000000000, 0.0000000000000000000 ) ) ;
#3973 = DIRECTION ( 'NONE',  ( -0.0000000000000000000, -1.000000000000000000, -0.0000000000000000000 ) ) ;
#3974 = DIRECTION ( 'NONE',  ( 0.0000000000000000000, -1.000000000000000000, 0.0000000000000000000 ) ) ;
#3975 = CARTESIAN_POINT ( 'NONE',  ( -37.50000000000000000, 1.000000000000000000, 0.0000000000000000000 ) ) ;
#3976 = DIRECTION ( 'NONE',  ( 0.0000000000000000000, 0.0000000000000000000, 1.000000000000000000 ) ) ;
#3977 = DIRECTION ( 'NONE',  ( 0.0000000000000000000, 0.0000000000000000000, -1.000000000000000000 ) ) ;
#3978 = CARTESIAN_POINT ( 'NONE',  ( -21.87456677597348100, 1.899999999999999900, -15.02858460689029000 ) ) ;
#3979 = DIRECTION ( 'NONE',  ( 0.0000000000000000000, 1.000000000000000000, 0.0000000000000000000 ) ) ;
#3980 = FILL_AREA_STYLE_COLOUR ( '', #3585 ) ;
#3981 = CARTESIAN_POINT ( 'NONE',  ( 0.0000000000000000000, 1.600000000000000100, 0.0000000000000000000 ) ) ;
#3982 = DIRECTION ( 'NONE',  ( -0.0000000000000000000, 1.000000000000000000, -0.0000000000000000000 ) ) ;
#3983 = DIRECTION ( 'NONE',  ( 0.0000000000000000000, -1.000000000000000000, 0.0000000000000000000 ) ) ;
#3984 = FILL_AREA_STYLE ('',( #3980 ) ) ;
#3985 = SURFACE_SIDE_STYLE ('',( #3587 ) ) ;
#3986 = SURFACE_STYLE_USAGE ( .BOTH. , #3985 ) ;
#3987 =( LENGTH_UNIT ( ) NAMED_UNIT ( * ) SI_UNIT ( .MILLI., .METRE. ) );
#3988 =( NAMED_UNIT ( * ) PLANE_ANGLE_UNIT ( ) SI_UNIT ( $, .RADIAN. ) );
#3989 =( NAMED_UNIT ( * ) SI_UNIT ( $, .STERADIAN. ) SOLID_ANGLE_UNIT ( ) );
#3990 = DIRECTION ( 'NONE',  ( 0.0000000000000000000, 0.0000000000000000000, 1.000000000000000000 ) ) ;
#3991 = CARTESIAN_POINT ( 'NONE',  ( -37.50000000000000000, 7.000000000000000000, 0.0000000000000000000 ) ) ;
#3992 = DIRECTION ( 'NONE',  ( 0.0000000000000000000, -1.000000000000000000, 0.0000000000000000000 ) ) ;
#3993 = DIRECTION ( 'NONE',  ( 0.0000000000000000000, 0.0000000000000000000, -1.000000000000000000 ) ) ;
#3994 = CARTESIAN_POINT ( 'NONE',  ( 37.50000000000000000, 7.000000000000000000, 0.0000000000000000000 ) ) ;
#3995 = DIRECTION ( 'NONE',  ( 0.0000000000000000000, 0.0000000000000000000, -1.000000000000000000 ) ) ;
#3996 = DIRECTION ( 'NONE',  ( 0.0000000000000000000, 0.0000000000000000000, -1.000000000000000000 ) ) ;
#3997 = CARTESIAN_POINT ( 'NONE',  ( -24.51429491974059300, 8.000000000000000000, -16.18815711746746900 ) ) ;
#3998 = DIRECTION ( 'NONE',  ( -0.0000000000000000000, -1.000000000000000000, -0.0000000000000000000 ) ) ;
#3999 = DIRECTION ( 'NONE',  ( 0.0000000000000000000, 0.0000000000000000000, -1.000000000000000000 ) ) ;
#4000 = CARTESIAN_POINT ( 'NONE',  ( 0.0000000000000000000, 1.899999999999999900, 0.0000000000000000000 ) ) ;
#4001 = DIRECTION ( 'NONE',  ( -0.0000000000000000000, -1.000000000000000000, -0.0000000000000000000 ) ) ;
#4002 = CARTESIAN_POINT ( 'NONE',  ( 21.06693020440499400, 8.000000000000000000, -9.229542337663810200 ) ) ;
#4003 = DIRECTION ( 'NONE',  ( -0.0000000000000000000, -1.000000000000000000, -0.0000000000000000000 ) ) ;
#4004 = PLANE ( 'NONE',  #3243 ) ;
#4005 = DIRECTION ( 'NONE',  ( 0.0000000000000000000, 0.0000000000000000000, -1.000000000000000000 ) ) ;
#4006 = DIRECTION ( 'NONE',  ( 0.4012844494636448300, -0.0000000000000000000, 0.9159534871480427000 ) ) ;
#4007 = DIRECTION ( 'NONE',  ( 0.9159534871480427000, 0.0000000000000000000, -0.4012844494636448300 ) ) ;
#4008 = CARTESIAN_POINT ( 'NONE',  ( -23.92000918133505400, 1.899999999999999900, 15.26347882249804900 ) ) ;
#4009 = CARTESIAN_POINT ( 'NONE',  ( -21.90634790724541900, 1.899999999999999900, 12.80634789339740800 ) ) ;
#4010 = DIRECTION ( 'NONE',  ( -0.0000000000000000000, -1.000000000000000000, -0.0000000000000000000 ) ) ;
#4011 = PLANE ( 'NONE',  #3245 ) ;
#4012 = DIRECTION ( 'NONE',  ( 0.0000000000000000000, 0.0000000000000000000, -1.000000000000000000 ) ) ;
#4013 = DIRECTION ( 'NONE',  ( -0.3441160139182331500, 0.0000000000000000000, 0.9389271371970384600 ) ) ;
#4014 = DIRECTION ( 'NONE',  ( 0.9389271371970384600, 0.0000000000000000000, 0.3441160139182331500 ) ) ;
#4015 = CARTESIAN_POINT ( 'NONE',  ( 0.0000000000000000000, 1.899999999999999900, 0.0000000000000000000 ) ) ;
#4016 = CARTESIAN_POINT ( 'NONE',  ( 31.69564068924963300, 1.899999999999999900, 9.218580240543973400 ) ) ;
#4017 = DIRECTION ( 'NONE',  ( -0.0000000000000000000, -1.000000000000000000, -0.0000000000000000000 ) ) ;
#4018 = PLANE ( 'NONE',  #3247 ) ;
#4019 = DIRECTION ( 'NONE',  ( 0.0000000000000000000, 0.0000000000000000000, -1.000000000000000000 ) ) ;
#4020 = DIRECTION ( 'NONE',  ( 0.3441160139182332100, -0.0000000000000000000, 0.9389271371970384600 ) ) ;
#4021 = DIRECTION ( 'NONE',  ( 0.9389271371970384600, 0.0000000000000000000, -0.3441160139182332100 ) ) ;
#4022 = CARTESIAN_POINT ( 'NONE',  ( 31.00740866141316600, 1.899999999999999900, 7.340725966149896900 ) ) ;
#4023 = DIRECTION ( 'NONE',  ( 0.0000000000000000000, 0.0000000000000000000, -1.000000000000000000 ) ) ;
#4024 = CARTESIAN_POINT ( 'NONE',  ( 37.50000000000000000, 1.899999999999999900, 0.0000000000000000000 ) ) ;
#4025 = DIRECTION ( 'NONE',  ( -0.0000000000000000000, -1.000000000000000000, -0.0000000000000000000 ) ) ;
#4026 = DIRECTION ( 'NONE',  ( 0.0000000000000000000, 0.0000000000000000000, -1.000000000000000000 ) ) ;
#4027 = CARTESIAN_POINT ( 'NONE',  ( -26.83777407430338600, 8.000000000000000000, 18.98682458276394100 ) ) ;
#4028 = DIRECTION ( 'NONE',  ( -0.0000000000000000000, -1.000000000000000000, -0.0000000000000000000 ) ) ;
#4029 = DIRECTION ( 'NONE',  ( 0.0000000000000000000, 0.0000000000000000000, -1.000000000000000000 ) ) ;
#4030 = CARTESIAN_POINT ( 'NONE',  ( 26.83777407430339000, 8.000000000000000000, -18.98682458276393700 ) ) ;
#4031 = DIRECTION ( 'NONE',  ( -0.0000000000000000000, -1.000000000000000000, -0.0000000000000000000 ) ) ;
#4032 = FILL_AREA_STYLE ('',( #4033 ) ) ;
#4033 = FILL_AREA_STYLE_COLOUR ( '', #3608 ) ;
#4034 = DIRECTION ( 'NONE',  ( 0.0000000000000000000, 1.000000000000000000, 0.0000000000000000000 ) ) ;
#4035 = PLANE ( 'NONE',  #3255 ) ;
#4036 = DIRECTION ( 'NONE',  ( 0.0000000000000000000, 0.0000000000000000000, 1.000000000000000000 ) ) ;
#4037 = SURFACE_SIDE_STYLE ('',( #3615 ) ) ;
#4038 = SURFACE_STYLE_USAGE ( .BOTH. , #4037 ) ;
#4039 =( LENGTH_UNIT ( ) NAMED_UNIT ( * ) SI_UNIT ( .MILLI., .METRE. ) );
#4040 =( NAMED_UNIT ( * ) PLANE_ANGLE_UNIT ( ) SI_UNIT ( $, .RADIAN. ) );
#4041 =( NAMED_UNIT ( * ) SI_UNIT ( $, .STERADIAN. ) SOLID_ANGLE_UNIT ( ) );
#4042 = CARTESIAN_POINT ( 'NONE',  ( 0.0000000000000000000, 1.600000000000000100, 0.0000000000000000000 ) ) ;
#4043 = DIRECTION ( 'NONE',  ( 0.0000000000000000000, -1.000000000000000000, 0.0000000000000000000 ) ) ;
#4044 = DIRECTION ( 'NONE',  ( 0.0000000000000000000, -0.0000000000000000000, -1.000000000000000000 ) ) ;
#4045 = CARTESIAN_POINT ( 'NONE',  ( -16.31641163750586200, 1.899999999999999900, -20.78244517669261500 ) ) ;
#4046 = DIRECTION ( 'NONE',  ( 0.0000000000000000000, 0.0000000000000000000, 1.000000000000000000 ) ) ;
#4047 = CARTESIAN_POINT ( 'NONE',  ( -21.87456677597348100, 1.899999999999999900, -15.02858460689029000 ) ) ;
#4048 = DIRECTION ( 'NONE',  ( 0.0000000000000000000, 1.000000000000000000, 0.0000000000000000000 ) ) ;
#4049 = DIRECTION ( 'NONE',  ( 0.0000000000000000000, 0.0000000000000000000, -1.000000000000000000 ) ) ;
#4050 = CARTESIAN_POINT ( 'NONE',  ( -17.66174825877177300, 8.000000000000000000, -23.47239385839824900 ) ) ;
#4051 = DIRECTION ( 'NONE',  ( -0.0000000000000000000, -1.000000000000000000, -0.0000000000000000000 ) ) ;
#4052 = DIRECTION ( 'NONE',  ( 0.0000000000000000000, 0.0000000000000000000, -1.000000000000000000 ) ) ;
#4053 = CARTESIAN_POINT ( 'NONE',  ( -37.50000000000000000, 1.899999999999999900, 0.0000000000000000000 ) ) ;
#4054 = DIRECTION ( 'NONE',  ( -0.0000000000000000000, -1.000000000000000000, -0.0000000000000000000 ) ) ;
#4055 = CARTESIAN_POINT ( 'NONE',  ( 21.90634790724540800, 1.899999999999999900, -12.80634789339742200 ) ) ;
#4056 = DIRECTION ( 'NONE',  ( -0.0000000000000000000, -1.000000000000000000, -0.0000000000000000000 ) ) ;
#4057 = PLANE ( 'NONE',  #3260 ) ;
#4058 = DIRECTION ( 'NONE',  ( 0.0000000000000000000, 0.0000000000000000000, -1.000000000000000000 ) ) ;
#4059 = DIRECTION ( 'NONE',  ( 0.3441160139182334900, 0.0000000000000000000, -0.9389271371970384600 ) ) ;
#4060 = DIRECTION ( 'NONE',  ( -0.9389271371970384600, 0.0000000000000000000, -0.3441160139182334900 ) ) ;
#4061 = CARTESIAN_POINT ( 'NONE',  ( 0.0000000000000000000, 1.899999999999999900, 0.0000000000000000000 ) ) ;
#4062 = DIRECTION ( 'NONE',  ( 0.0000000000000000000, 0.0000000000000000000, -1.000000000000000000 ) ) ;
#4063 = CARTESIAN_POINT ( 'NONE',  ( -31.00740866141315900, 1.899999999999999900, 7.340725966149890700 ) ) ;
#4064 = DIRECTION ( 'NONE',  ( -0.0000000000000000000, -1.000000000000000000, -0.0000000000000000000 ) ) ;
#4065 = CARTESIAN_POINT ( 'NONE',  ( -31.69564068924963300, 1.899999999999999900, -9.218580240543971600 ) ) ;
#4066 = DIRECTION ( 'NONE',  ( -0.0000000000000000000, -1.000000000000000000, -0.0000000000000000000 ) ) ;
#4067 = PLANE ( 'NONE',  #3264 ) ;
#4068 = DIRECTION ( 'NONE',  ( 0.0000000000000000000, 0.0000000000000000000, -1.000000000000000000 ) ) ;
#4069 = DIRECTION ( 'NONE',  ( -0.3441160139182333200, 0.0000000000000000000, -0.9389271371970384600 ) ) ;
#4070 = DIRECTION ( 'NONE',  ( -0.9389271371970384600, 0.0000000000000000000, 0.3441160139182333200 ) ) ;
#4071 = CARTESIAN_POINT ( 'NONE',  ( -31.00740866141316600, 1.899999999999999900, -7.340725966149895100 ) ) ;
#4072 = DIRECTION ( 'NONE',  ( 0.0000000000000000000, 1.000000000000000000, 0.0000000000000000000 ) ) ;
#4073 = CARTESIAN_POINT ( 'NONE',  ( 31.00740866141316600, 1.899999999999999900, -7.340725966149893400 ) ) ;
#4074 = DIRECTION ( 'NONE',  ( -0.0000000000000000000, -1.000000000000000000, -0.0000000000000000000 ) ) ;
#4075 = PLANE ( 'NONE',  #3266 ) ;
#4076 = FILL_AREA_STYLE_COLOUR ( '', #3639 ) ;
#4077 = DIRECTION ( 'NONE',  ( 0.0000000000000000000, -0.0000000000000000000, 1.000000000000000000 ) ) ;
#4078 = CARTESIAN_POINT ( 'NONE',  ( 0.0000000000000000000, 8.000000000000000000, 0.0000000000000000000 ) ) ;
#4079 = DIRECTION ( 'NONE',  ( 0.0000000000000000000, -1.000000000000000000, 0.0000000000000000000 ) ) ;
#4080 = FILL_AREA_STYLE ('',( #4076 ) ) ;
#4081 = SURFACE_SIDE_STYLE ('',( #3633 ) ) ;
#4082 = SURFACE_STYLE_USAGE ( .BOTH. , #4081 ) ;
#4083 =( LENGTH_UNIT ( ) NAMED_UNIT ( * ) SI_UNIT ( .MILLI., .METRE. ) );
#4084 =( NAMED_UNIT ( * ) PLANE_ANGLE_UNIT ( ) SI_UNIT ( $, .RADIAN. ) );
#4085 =( NAMED_UNIT ( * ) SI_UNIT ( $, .STERADIAN. ) SOLID_ANGLE_UNIT ( ) );
#4086 = DIRECTION ( 'NONE',  ( 0.0000000000000000000, 0.0000000000000000000, -1.000000000000000000 ) ) ;
#4087 = PLANE ( 'NONE',  #3272 ) ;
#4088 = DIRECTION ( 'NONE',  ( 0.0000000000000000000, 0.0000000000000000000, -1.000000000000000000 ) ) ;
#4089 = CARTESIAN_POINT ( 'NONE',  ( 0.0000000000000000000, 8.000000000000000000, 0.0000000000000000000 ) ) ;
#4090 = DIRECTION ( 'NONE',  ( -0.0000000000000000000, -1.000000000000000000, -0.0000000000000000000 ) ) ;
#4091 = DIRECTION ( 'NONE',  ( 0.0000000000000000000, -0.0000000000000000000, -1.000000000000000000 ) ) ;
#4092 = CARTESIAN_POINT ( 'NONE',  ( 0.0000000000000000000, 8.000000000000000000, 0.0000000000000000000 ) ) ;
#4093 = DIRECTION ( 'NONE',  ( 0.0000000000000000000, -1.000000000000000000, 0.0000000000000000000 ) ) ;
#4094 = PLANE ( 'NONE',  #3274 ) ;
#4095 = FILL_AREA_STYLE ('',( #4098 ) ) ;
#4096 = CARTESIAN_POINT ( 'NONE',  ( 0.0000000000000000000, 0.0000000000000000000, 0.0000000000000000000 ) ) ;
#4097 = DIRECTION ( 'NONE',  ( 0.0000000000000000000, -0.0000000000000000000, -1.000000000000000000 ) ) ;
#4098 = FILL_AREA_STYLE_COLOUR ( '', #3654 ) ;
#4099 = PLANE ( 'NONE',  #3280 ) ;
#4100 = PLANE ( 'NONE',  #3278 ) ;
#4101 = CARTESIAN_POINT ( 'NONE',  ( 46.73328578219171400, 8.000000000000000000, -8.499999999999998200 ) ) ;
#4102 = SURFACE_SIDE_STYLE ('',( #3653 ) ) ;
#4103 = SURFACE_STYLE_USAGE ( .BOTH. , #4102 ) ;
#4104 =( LENGTH_UNIT ( ) NAMED_UNIT ( * ) SI_UNIT ( .MILLI., .METRE. ) );
#4105 =( NAMED_UNIT ( * ) PLANE_ANGLE_UNIT ( ) SI_UNIT ( $, .RADIAN. ) );
#4106 =( NAMED_UNIT ( * ) SI_UNIT ( $, .STERADIAN. ) SOLID_ANGLE_UNIT ( ) );
#4107 = CARTESIAN_POINT ( 'NONE',  ( 31.00740866141316600, 1.899999999999999900, -7.340725966149893400 ) ) ;
#4108 = DIRECTION ( 'NONE',  ( 0.0000000000000000000, 1.000000000000000000, 0.0000000000000000000 ) ) ;
#4109 = DIRECTION ( 'NONE',  ( 0.0000000000000000000, -0.0000000000000000000, 1.000000000000000000 ) ) ;
#4110 = DIRECTION ( 'NONE',  ( -0.0000000000000000000, 1.000000000000000000, -0.0000000000000000000 ) ) ;
#4111 = FILL_AREA_STYLE_COLOUR ( '', #3660 ) ;
#4112 = DIRECTION ( 'NONE',  ( -0.3441160139182332700, 0.0000000000000000000, 0.9389271371970384600 ) ) ;
#4113 = DIRECTION ( 'NONE',  ( 0.9389271371970384600, 0.0000000000000000000, 0.3441160139182332700 ) ) ;
#4114 = CARTESIAN_POINT ( 'NONE',  ( 0.0000000000000000000, 1.600000000000000100, 0.0000000000000000000 ) ) ;
#4115 = FILL_AREA_STYLE_COLOUR ( '', #3661 ) ;
#4116 = FILL_AREA_STYLE ('',( #4111 ) ) ;
#4117 = SURFACE_SIDE_STYLE ('',( #3657 ) ) ;
#4118 = SURFACE_STYLE_USAGE ( .BOTH. , #4117 ) ;
#4119 =( LENGTH_UNIT ( ) NAMED_UNIT ( * ) SI_UNIT ( .MILLI., .METRE. ) );
#4120 =( NAMED_UNIT ( * ) PLANE_ANGLE_UNIT ( ) SI_UNIT ( $, .RADIAN. ) );
#4121 =( NAMED_UNIT ( * ) SI_UNIT ( $, .STERADIAN. ) SOLID_ANGLE_UNIT ( ) );
#4122 = DIRECTION ( 'NONE',  ( 0.0000000000000000000, 0.0000000000000000000, 1.000000000000000000 ) ) ;
#4123 = CARTESIAN_POINT ( 'NONE',  ( 0.0000000000000000000, 1.600000000000000100, 0.0000000000000000000 ) ) ;
#4124 = DIRECTION ( 'NONE',  ( -0.0000000000000000000, 1.000000000000000000, -0.0000000000000000000 ) ) ;
#4125 = FILL_AREA_STYLE ('',( #4133 ) ) ;
#4126 = FILL_AREA_STYLE ('',( #4115 ) ) ;
#4127 = SURFACE_SIDE_STYLE ('',( #3664 ) ) ;
#4128 = SURFACE_STYLE_USAGE ( .BOTH. , #4127 ) ;
#4129 =( LENGTH_UNIT ( ) NAMED_UNIT ( * ) SI_UNIT ( .MILLI., .METRE. ) );
#4130 =( NAMED_UNIT ( * ) PLANE_ANGLE_UNIT ( ) SI_UNIT ( $, .RADIAN. ) );
#4131 =( NAMED_UNIT ( * ) SI_UNIT ( $, .STERADIAN. ) SOLID_ANGLE_UNIT ( ) );
#4132 = DIRECTION ( 'NONE',  ( 0.0000000000000000000, 0.0000000000000000000, 1.000000000000000000 ) ) ;
#4133 = FILL_AREA_STYLE_COLOUR ( '', #3666 ) ;
#4134 = DIRECTION ( 'NONE',  ( -0.0000000000000000000, -1.000000000000000000, -0.0000000000000000000 ) ) ;
#4135 = PLANE ( 'NONE',  #3294 ) ;
#4136 = DIRECTION ( 'NONE',  ( 0.0000000000000000000, 0.0000000000000000000, -1.000000000000000000 ) ) ;
#4137 = SURFACE_SIDE_STYLE ('',( #3669 ) ) ;
#4138 = SURFACE_STYLE_USAGE ( .BOTH. , #4137 ) ;
#4139 =( LENGTH_UNIT ( ) NAMED_UNIT ( * ) SI_UNIT ( .MILLI., .METRE. ) );
#4140 =( NAMED_UNIT ( * ) PLANE_ANGLE_UNIT ( ) SI_UNIT ( $, .RADIAN. ) );
#4141 =( NAMED_UNIT ( * ) SI_UNIT ( $, .STERADIAN. ) SOLID_ANGLE_UNIT ( ) );
#4142 = CARTESIAN_POINT ( 'NONE',  ( 0.0000000000000000000, 0.5000000000000000000, 0.0000000000000000000 ) ) ;
#4143 = DIRECTION ( 'NONE',  ( 0.0000000000000000000, -1.000000000000000000, 0.0000000000000000000 ) ) ;
#4144 = DIRECTION ( 'NONE',  ( 0.0000000000000000000, -0.0000000000000000000, -1.000000000000000000 ) ) ;
#4145 = CARTESIAN_POINT ( 'NONE',  ( 24.06928410600059100, 8.000000000000000000, 16.83924545888642400 ) ) ;
#4146 = CARTESIAN_POINT ( 'NONE',  ( 0.0000000000000000000, 1.899999999999999900, 0.0000000000000000000 ) ) ;
#4147 = PLANE ( 'NONE',  #3297 ) ;
#4148 = PLANE ( 'NONE',  #3296 ) ;
#4149 = CARTESIAN_POINT ( 'NONE',  ( -21.86233518651506500, 1.899999999999999900, -14.32158362512341700 ) ) ;
#4150 = DIRECTION ( 'NONE',  ( 0.0000000000000000000, 1.000000000000000000, -0.0000000000000000000 ) ) ;
#4151 = DIRECTION ( 'NONE',  ( 0.0000000000000000000, 0.0000000000000000000, 1.000000000000000000 ) ) ;
#4152 = PLANE ( 'NONE',  #3299 ) ;
#4153 = CARTESIAN_POINT ( 'NONE',  ( -15.60941065573899100, 1.899999999999999900, -20.79467676615103500 ) ) ;
#4154 = DIRECTION ( 'NONE',  ( 0.7192325712252911600, -0.0000000000000000000, 0.6947693923084525800 ) ) ;
#4155 = DIRECTION ( 'NONE',  ( 0.6947693923084525800, 0.0000000000000000000, -0.7192325712252911600 ) ) ;
#4156 = DIRECTION ( 'NONE',  ( 0.0000000000000000000, -1.000000000000000000, 0.0000000000000000000 ) ) ;
#4157 = FILL_AREA_STYLE_COLOUR ( '', #3680 ) ;
#4158 = DIRECTION ( 'NONE',  ( 0.6947693923084531400, 0.0000000000000000000, -0.7192325712252906100 ) ) ;
#4159 = DIRECTION ( 'NONE',  ( -0.7192325712252906100, 0.0000000000000000000, -0.6947693923084531400 ) ) ;
#4160 = CARTESIAN_POINT ( 'NONE',  ( 0.0000000000000000000, 1.000000000000026900, 0.0000000000000000000 ) ) ;
#4161 = FILL_AREA_STYLE_COLOUR ( '', #3681 ) ;
#4162 = FILL_AREA_STYLE ('',( #4157 ) ) ;
#4163 = SURFACE_SIDE_STYLE ('',( #3673 ) ) ;
#4164 = SURFACE_STYLE_USAGE ( .BOTH. , #4163 ) ;
#4165 =( LENGTH_UNIT ( ) NAMED_UNIT ( * ) SI_UNIT ( .MILLI., .METRE. ) );
#4166 =( NAMED_UNIT ( * ) PLANE_ANGLE_UNIT ( ) SI_UNIT ( $, .RADIAN. ) );
#4167 =( NAMED_UNIT ( * ) SI_UNIT ( $, .STERADIAN. ) SOLID_ANGLE_UNIT ( ) );
#4168 = DIRECTION ( 'NONE',  ( 0.0000000000000000000, 0.0000000000000000000, -1.000000000000000000 ) ) ;
#4169 = CARTESIAN_POINT ( 'NONE',  ( 0.0000000000000000000, 0.5000000000000000000, 0.0000000000000000000 ) ) ;
#4170 = DIRECTION ( 'NONE',  ( 0.0000000000000000000, 1.000000000000000000, 0.0000000000000000000 ) ) ;
#4171 = FILL_AREA_STYLE_COLOUR ( '', #3686 ) ;
#4172 = FILL_AREA_STYLE ('',( #4161 ) ) ;
#4173 = SURFACE_SIDE_STYLE ('',( #3684 ) ) ;
#4174 = SURFACE_STYLE_USAGE ( .BOTH. , #4173 ) ;
#4175 =( LENGTH_UNIT ( ) NAMED_UNIT ( * ) SI_UNIT ( .MILLI., .METRE. ) );
#4176 =( NAMED_UNIT ( * ) PLANE_ANGLE_UNIT ( ) SI_UNIT ( $, .RADIAN. ) );
#4177 =( NAMED_UNIT ( * ) SI_UNIT ( $, .STERADIAN. ) SOLID_ANGLE_UNIT ( ) );
#4178 = DIRECTION ( 'NONE',  ( 0.0000000000000000000, 0.0000000000000000000, 1.000000000000000000 ) ) ;
#4179 = CARTESIAN_POINT ( 'NONE',  ( 0.0000000000000000000, 0.5000000000000000000, 0.0000000000000000000 ) ) ;
#4180 = DIRECTION ( 'NONE',  ( -0.0000000000000000000, 1.000000000000000000, -0.0000000000000000000 ) ) ;
#4181 = CARTESIAN_POINT ( 'NONE',  ( -24.95503524278381800, 1.899999999999999900, -17.30909201204976000 ) ) ;
#4182 = FILL_AREA_STYLE ('',( #4171 ) ) ;
#4183 = SURFACE_SIDE_STYLE ('',( #3689 ) ) ;
#4184 = SURFACE_STYLE_USAGE ( .BOTH. , #4183 ) ;
#4185 =( LENGTH_UNIT ( ) NAMED_UNIT ( * ) SI_UNIT ( .MILLI., .METRE. ) );
#4186 =( NAMED_UNIT ( * ) PLANE_ANGLE_UNIT ( ) SI_UNIT ( $, .RADIAN. ) );
#4187 =( NAMED_UNIT ( * ) SI_UNIT ( $, .STERADIAN. ) SOLID_ANGLE_UNIT ( ) );
#4188 = DIRECTION ( 'NONE',  ( 0.0000000000000000000, 0.0000000000000000000, 1.000000000000000000 ) ) ;
#4189 = PLANE ( 'NONE',  #3315 ) ;
#4190 = PLANE ( 'NONE',  #3314 ) ;
#4191 = CARTESIAN_POINT ( 'NONE',  ( 21.32217711065935000, 1.899999999999999900, 14.88076093786450600 ) ) ;
#4192 = DIRECTION ( 'NONE',  ( -0.6947693923084513600, 0.0000000000000000000, 0.7192325712252922700 ) ) ;
#4193 = DIRECTION ( 'NONE',  ( 0.7192325712252922700, 0.0000000000000000000, 0.6947693923084513600 ) ) ;
#4194 = PLANE ( 'NONE',  #3316 ) ;
#4195 = CARTESIAN_POINT ( 'NONE',  ( 17.80089019161275800, 1.899999999999999900, 23.99258079878329000 ) ) ;
#4196 = DIRECTION ( 'NONE',  ( 0.6947693923084515800, 0.0000000000000000000, -0.7192325712252921600 ) ) ;
#4197 = DIRECTION ( 'NONE',  ( -0.7192325712252921600, 0.0000000000000000000, -0.6947693923084515800 ) ) ;
#4198 = PLANE ( 'NONE',  #3317 ) ;
#4199 = CARTESIAN_POINT ( 'NONE',  ( 15.06925257988329400, 1.899999999999999900, 21.35385407889214100 ) ) ;
#4200 = DIRECTION ( 'NONE',  ( -0.6947693923084521400, 0.0000000000000000000, 0.7192325712252917200 ) ) ;
#4201 = DIRECTION ( 'NONE',  ( 0.7192325712252916100, 0.0000000000000000000, 0.6947693923084520300 ) ) ;
#4202 = PLANE ( 'NONE',  #3318 ) ;
#4203 = CARTESIAN_POINT ( 'NONE',  ( 0.0000000000000000000, 1.899999999999999900, 0.0000000000000000000 ) ) ;
#4204 = DIRECTION ( 'NONE',  ( -0.7192325712252928300, 0.0000000000000000000, -0.6947693923084509200 ) ) ;
#4205 = DIRECTION ( 'NONE',  ( -0.6947693923084509200, 0.0000000000000000000, 0.7192325712252928300 ) ) ;
#4206 = DIRECTION ( 'NONE',  ( -0.0000000000000000000, -1.000000000000000000, -0.0000000000000000000 ) ) ;
#4207 = DIRECTION ( 'NONE',  ( 0.0000000000000000000, 0.0000000000000000000, -1.000000000000000000 ) ) ;
#4208 = DIRECTION ( 'NONE',  ( 0.0000000000000000000, -1.000000000000000000, 0.0000000000000000000 ) ) ;
#4209 = DIRECTION ( 'NONE',  ( 0.0000000000000000000, 0.0000000000000000000, -1.000000000000000000 ) ) ;
#4210 = CARTESIAN_POINT ( 'NONE',  ( 17.02499260967474400, 8.000000000000000000, 23.93825916060983200 ) ) ;
#4211 = DIRECTION ( 'NONE',  ( 0.0000000000000000000, 0.0000000000000000000, 1.000000000000000000 ) ) ;
#4212 = CARTESIAN_POINT ( 'NONE',  ( 15.77625356165016500, 1.899999999999999900, 21.34162248943372100 ) ) ;
#4213 = DIRECTION ( 'NONE',  ( 0.0000000000000000000, 1.000000000000000000, 0.0000000000000000000 ) ) ;
#4214 = DIRECTION ( 'NONE',  ( 0.0000000000000000000, 0.0000000000000000000, 1.000000000000000000 ) ) ;
#4215 = CARTESIAN_POINT ( 'NONE',  ( 21.33440870011777000, 1.899999999999999900, 15.58776191963137800 ) ) ;
#4216 = DIRECTION ( 'NONE',  ( 0.0000000000000000000, 1.000000000000000000, 0.0000000000000000000 ) ) ;
#4217 = DIRECTION ( 'NONE',  ( 0.0000000000000000000, 0.0000000000000000000, -1.000000000000000000 ) ) ;
#4218 = CARTESIAN_POINT ( 'NONE',  ( -24.51429491974059300, 8.000000000000000000, -16.18815711746746900 ) ) ;
#4219 = DIRECTION ( 'NONE',  ( -0.0000000000000000000, -1.000000000000000000, -0.0000000000000000000 ) ) ;
#4220 = DIRECTION ( 'NONE',  ( 0.0000000000000000000, 0.0000000000000000000, -1.000000000000000000 ) ) ;
#4221 = CARTESIAN_POINT ( 'NONE',  ( 0.0000000000000000000, 8.000000000000000000, 0.0000000000000000000 ) ) ;
#4222 = DIRECTION ( 'NONE',  ( -0.0000000000000000000, -1.000000000000000000, -0.0000000000000000000 ) ) ;
#4223 = DIRECTION ( 'NONE',  ( 0.0000000000000000000, 0.0000000000000000000, -1.000000000000000000 ) ) ;
#4224 = CARTESIAN_POINT ( 'NONE',  ( -37.50000000000000000, 8.000000000000000000, 0.0000000000000000000 ) ) ;
#4225 = DIRECTION ( 'NONE',  ( -0.0000000000000000000, -1.000000000000000000, -0.0000000000000000000 ) ) ;
#4226 = DIRECTION ( 'NONE',  ( 0.0000000000000000000, 0.0000000000000000000, -1.000000000000000000 ) ) ;
#4227 = CARTESIAN_POINT ( 'NONE',  ( 0.0000000000000000000, 8.000000000000000000, 0.0000000000000000000 ) ) ;
#4228 = DIRECTION ( 'NONE',  ( -0.0000000000000000000, -1.000000000000000000, -0.0000000000000000000 ) ) ;
#4229 = CARTESIAN_POINT ( 'NONE',  ( 46.73328578219171400, 8.000000000000000000, 8.500000000000001800 ) ) ;
#4230 = PLANE ( 'NONE',  #4294 ) ;
#4231 = PLANE ( 'NONE',  #4292 ) ;
#4232 = CARTESIAN_POINT ( 'NONE',  ( -46.73328578219171400, 8.000000000000000000, -8.499999999999998200 ) ) ;
#4233 = DIRECTION ( 'NONE',  ( -0.3441160139182332100, 0.0000000000000000000, -0.9389271371970384600 ) ) ;
#4234 = DIRECTION ( 'NONE',  ( -0.9389271371970384600, 0.0000000000000000000, 0.3441160139182332100 ) ) ;
#4235 = DIRECTION ( 'NONE',  ( 0.3441160139182332700, -0.0000000000000000000, 0.9389271371970384600 ) ) ;
#4236 = DIRECTION ( 'NONE',  ( 0.9389271371970384600, 0.0000000000000000000, -0.3441160139182332700 ) ) ;
#4237 = FACE_OUTER_BOUND ( 'NONE', #1690, .T. ) ;
#4238 = FACE_OUTER_BOUND ( 'NONE', #1794, .T. ) ;
#4239 = FACE_OUTER_BOUND ( 'NONE', #1692, .T. ) ;
#4240 = CYLINDRICAL_SURFACE ( 'NONE', #3319, 0.5000000000000004400 ) ;
#4241 = FACE_OUTER_BOUND ( 'NONE', #1695, .T. ) ;
#4242 = CYLINDRICAL_SURFACE ( 'NONE', #3320, 0.5000000000000004400 ) ;
#4243 = FACE_OUTER_BOUND ( 'NONE', #1757, .T. ) ;
#4244 = CYLINDRICAL_SURFACE ( 'NONE', #3321, 0.4999999999999987200 ) ;
#4245 = FACE_OUTER_BOUND ( 'NONE', #1664, .T. ) ;
#4246 = CYLINDRICAL_SURFACE ( 'NONE', #4288, 0.5000000000000004400 ) ;
#4247 = FACE_OUTER_BOUND ( 'NONE', #1756, .T. ) ;
#4248 = CYLINDRICAL_SURFACE ( 'NONE', #4289, 29.87500000000000000 ) ;
#4249 = FACE_OUTER_BOUND ( 'NONE', #1984, .T. ) ;
#4250 = CYLINDRICAL_SURFACE ( 'NONE', #4290, 5.050000000000000700 ) ;
#4251 = FACE_OUTER_BOUND ( 'NONE', #1818, .T. ) ;
#4252 = CYLINDRICAL_SURFACE ( 'NONE', #4291, 47.50000000000002100 ) ;
#4253 = FACE_OUTER_BOUND ( 'NONE', #1985, .T. ) ;
#4254 = FACE_OUTER_BOUND ( 'NONE', #1782, .T. ) ;
#4255 = PRESENTATION_STYLE_ASSIGNMENT (( #4346 ) ) ;
#4256 = CYLINDRICAL_SURFACE ( 'NONE', #4295, 29.87500000000000000 ) ;
#4257 = COLOUR_RGB ( '',0.09803921568627450800, 0.09803921568627450800, 0.09803921568627450800 ) ;
#4258 = SURFACE_STYLE_FILL_AREA ( #4341 ) ;
#4259 = CYLINDRICAL_SURFACE ( 'NONE', #4298, 29.87500000000000000 ) ;
#4260 = FACE_BOUND ( 'NONE', #1790, .T. ) ;
#4261 = FACE_OUTER_BOUND ( 'NONE', #1780, .T. ) ;
#4262 = FACE_OUTER_BOUND ( 'NONE', #1781, .T. ) ;
#4263 = SURFACE_STYLE_FILL_AREA ( #4369 ) ;
#4264 = FACE_OUTER_BOUND ( 'NONE', #1787, .T. ) ;
#4265 = FACE_BOUND ( 'NONE', #1777, .T. ) ;
#4266 = TOROIDAL_SURFACE ( 'NONE', #4304, 6.050000000000000700, 1.000000000000000000 ) ;
#4267 = FACE_OUTER_BOUND ( 'NONE', #1841, .T. ) ;
#4268 = CYLINDRICAL_SURFACE ( 'NONE', #4305, 5.050000000000000700 ) ;
#4269 = PRESENTATION_STYLE_ASSIGNMENT (( #4371 ) ) ;
#4270 = CYLINDRICAL_SURFACE ( 'NONE', #4306, 5.050000000000000700 ) ;
#4271 = COLOUR_RGB ( '',0.8980392156862745400, 0.8980392156862745400, 0.8980392156862745400 ) ;
#4272 = FACE_OUTER_BOUND ( 'NONE', #1837, .T. ) ;
#4273 = FACE_OUTER_BOUND ( 'NONE', #1795, .T. ) ;
#4274 = PRESENTATION_STYLE_ASSIGNMENT (( #4436 ) ) ;
#4275 = SURFACE_STYLE_FILL_AREA ( #4434 ) ;
#4276 = CYLINDRICAL_SURFACE ( 'NONE', #4312, 12.50000000000000000 ) ;
#4277 = COLOUR_RGB ( '',0.9019607843137255100, 0.9215686274509803400, 0.9215686274509803400 ) ;
#4278 = CYLINDRICAL_SURFACE ( 'NONE', #4313, 28.75000000000000000 ) ;
#4279 = CIRCLE ( 'NONE', #4310, 28.75000000000000000 ) ;
#4280 = CIRCLE ( 'NONE', #4320, 22.80000000000001500 ) ;
#4281 = CIRCLE ( 'NONE', #4318, 28.94999999999999900 ) ;
#4282 = CIRCLE ( 'NONE', #4317, 28.75000000000000000 ) ;
#4283 = CIRCLE ( 'NONE', #4319, 0.5000000000000004400 ) ;
#4284 = COLOUR_RGB ( '',0.9019607843137255100, 0.9215686274509803400, 0.9215686274509803400 ) ;
#4285 = SURFACE_STYLE_FILL_AREA ( #4464 ) ;
#4286 = PRESENTATION_STYLE_ASSIGNMENT (( #4466 ) ) ;
#4287 = SHAPE_DEFINITION_REPRESENTATION ( #4477, #4524 ) ;
#4288 = AXIS2_PLACEMENT_3D ( 'NONE', #4218, #4219, #4217 ) ;
#4289 = AXIS2_PLACEMENT_3D ( 'NONE', #4221, #4222, #4220 ) ;
#4290 = AXIS2_PLACEMENT_3D ( 'NONE', #4224, #4225, #4223 ) ;
#4291 = AXIS2_PLACEMENT_3D ( 'NONE', #4227, #4228, #4226 ) ;
#4292 = AXIS2_PLACEMENT_3D ( 'NONE', #4229, #4233, #4234 ) ;
#4293 = PRESENTATION_LAYER_ASSIGNMENT (  '', '', ( #4297 ) ) ;
#4294 = AXIS2_PLACEMENT_3D ( 'NONE', #4232, #4235, #4236 ) ;
#4295 = AXIS2_PLACEMENT_3D ( 'NONE', #3082, #4333, #4334 ) ;
#4296 = AXIS2_PLACEMENT_3D ( 'NONE', #4332, #4338, #4339 ) ;
#4297 = STYLED_ITEM ( 'NONE', ( #4255 ), #1952 ) ;
#4298 = AXIS2_PLACEMENT_3D ( 'NONE', #4340, #4335, #4337 ) ;
#4299 = MECHANICAL_DESIGN_GEOMETRIC_PRESENTATION_REPRESENTATION (  '', ( #4297 ), #4300 ) ;
#4300 =( GEOMETRIC_REPRESENTATION_CONTEXT ( 3 ) GLOBAL_UNCERTAINTY_ASSIGNED_CONTEXT ( ( #11 ) ) GLOBAL_UNIT_ASSIGNED_CONTEXT ( ( #4347, #4348, #4349 ) ) REPRESENTATION_CONTEXT ( 'NONE', 'WORKASPACE' ) );
#4301 = AXIS2_PLACEMENT_3D ( 'NONE', #4350, #4351, #4352 ) ;
#4302 = STYLED_ITEM ( 'NONE', ( #4269 ), #1957 ) ;
#4303 = AXIS2_PLACEMENT_3D ( 'NONE', #4353, #4344, #4357 ) ;
#4304 = AXIS2_PLACEMENT_3D ( 'NONE', #4363, #4362, #4365 ) ;
#4305 = AXIS2_PLACEMENT_3D ( 'NONE', #4358, #4354, #4356 ) ;
#4306 = AXIS2_PLACEMENT_3D ( 'NONE', #4360, #4361, #4359 ) ;
#4307 = PRESENTATION_LAYER_ASSIGNMENT (  '', '', ( #4302 ) ) ;
#4308 = MECHANICAL_DESIGN_GEOMETRIC_PRESENTATION_REPRESENTATION (  '', ( #4302 ), #4309 ) ;
#4309 =( GEOMETRIC_REPRESENTATION_CONTEXT ( 3 ) GLOBAL_UNCERTAINTY_ASSIGNED_CONTEXT ( ( #4596 ) ) GLOBAL_UNIT_ASSIGNED_CONTEXT ( ( #4372, #4373, #4374 ) ) REPRESENTATION_CONTEXT ( 'NONE', 'WORKASPACE' ) );
#4310 = AXIS2_PLACEMENT_3D ( 'NONE', #4431, #4432, #4433 ) ;
#4311 = STYLED_ITEM ( 'NONE', ( #4274 ), #4508 ) ;
#4312 = AXIS2_PLACEMENT_3D ( 'NONE', #4366, #4367, #4375 ) ;
#4313 = AXIS2_PLACEMENT_3D ( 'NONE', #4376, #4377, #4368 ) ;
#4314 = PRESENTATION_LAYER_ASSIGNMENT (  '', '', ( #4311 ) ) ;
#4315 = MECHANICAL_DESIGN_GEOMETRIC_PRESENTATION_REPRESENTATION (  '', ( #4311 ), #4316 ) ;
#4316 =( GEOMETRIC_REPRESENTATION_CONTEXT ( 3 ) GLOBAL_UNCERTAINTY_ASSIGNED_CONTEXT ( ( #4597 ) ) GLOBAL_UNIT_ASSIGNED_CONTEXT ( ( #4437, #4438, #4439 ) ) REPRESENTATION_CONTEXT ( 'NONE', 'WORKASPACE' ) );
#4317 = AXIS2_PLACEMENT_3D ( 'NONE', #4440, #4441, #4442 ) ;
#4318 = AXIS2_PLACEMENT_3D ( 'NONE', #4445, #4446, #4447 ) ;
#4319 = AXIS2_PLACEMENT_3D ( 'NONE', #4453, #4454, #4455 ) ;
#4320 = AXIS2_PLACEMENT_3D ( 'NONE', #4456, #4457, #4458 ) ;
#4321 =( GEOMETRIC_REPRESENTATION_CONTEXT ( 3 ) GLOBAL_UNCERTAINTY_ASSIGNED_CONTEXT ( ( #4479 ) ) GLOBAL_UNIT_ASSIGNED_CONTEXT ( ( #4459, #4460, #4461 ) ) REPRESENTATION_CONTEXT ( 'NONE', 'WORKASPACE' ) );
#4322 = STYLED_ITEM ( 'NONE', ( #4286 ), #4524 ) ;
#4323 = PRESENTATION_LAYER_ASSIGNMENT (  '', '', ( #4322 ) ) ;
#4324 = MECHANICAL_DESIGN_GEOMETRIC_PRESENTATION_REPRESENTATION (  '', ( #4322 ), #4325 ) ;
#4325 =( GEOMETRIC_REPRESENTATION_CONTEXT ( 3 ) GLOBAL_UNCERTAINTY_ASSIGNED_CONTEXT ( ( #4523 ) ) GLOBAL_UNIT_ASSIGNED_CONTEXT ( ( #4467, #4468, #4469 ) ) REPRESENTATION_CONTEXT ( 'NONE', 'WORKASPACE' ) );
#4326 = AXIS2_PLACEMENT_3D ( 'NONE', #4470, #4471, #4472 ) ;
#4327 = PRODUCT_DEFINITION ( 'UNKNOWN', '', #4328, #4476 ) ;
#4328 = PRODUCT_DEFINITION_FORMATION_WITH_SPECIFIED_SOURCE ( 'ANY', '', #3087, .NOT_KNOWN. ) ;
#4329 = PRODUCT_RELATED_PRODUCT_CATEGORY ( 'part', '', ( #3087 ) ) ;
#4330 = CARTESIAN_POINT ( 'NONE',  ( 32.33242730194109500, 0.0000000000000000000, -5.842618626119304700 ) ) ;
#4331 = CARTESIAN_POINT ( 'NONE',  ( 21.80788052583588100, 0.0000000000000000000, 13.13300644703310700 ) ) ;
#4332 = CARTESIAN_POINT ( 'NONE',  ( -46.73328578219171400, 8.000000000000000000, 8.500000000000001800 ) ) ;
#4333 = DIRECTION ( 'NONE',  ( -0.0000000000000000000, -1.000000000000000000, -0.0000000000000000000 ) ) ;
#4334 = DIRECTION ( 'NONE',  ( 0.0000000000000000000, 0.0000000000000000000, -1.000000000000000000 ) ) ;
#4335 = DIRECTION ( 'NONE',  ( -0.0000000000000000000, -1.000000000000000000, -0.0000000000000000000 ) ) ;
#4336 = PLANE ( 'NONE',  #4296 ) ;
#4337 = DIRECTION ( 'NONE',  ( 0.0000000000000000000, 0.0000000000000000000, -1.000000000000000000 ) ) ;
#4338 = DIRECTION ( 'NONE',  ( 0.3441160139182332100, 0.0000000000000000000, -0.9389271371970384600 ) ) ;
#4339 = DIRECTION ( 'NONE',  ( -0.9389271371970384600, 0.0000000000000000000, -0.3441160139182332100 ) ) ;
#4340 = CARTESIAN_POINT ( 'NONE',  ( 0.0000000000000000000, 8.000000000000000000, 0.0000000000000000000 ) ) ;
#4341 = FILL_AREA_STYLE ('',( #4342 ) ) ;
#4342 = FILL_AREA_STYLE_COLOUR ( '', #4257 ) ;
#4343 = PLANE ( 'NONE',  #4301 ) ;
#4344 = DIRECTION ( 'NONE',  ( 0.0000000000000000000, 1.000000000000000000, 0.0000000000000000000 ) ) ;
#4345 = SURFACE_SIDE_STYLE ('',( #4258 ) ) ;
#4346 = SURFACE_STYLE_USAGE ( .BOTH. , #4345 ) ;
#4347 =( LENGTH_UNIT ( ) NAMED_UNIT ( * ) SI_UNIT ( .MILLI., .METRE. ) );
#4348 =( NAMED_UNIT ( * ) PLANE_ANGLE_UNIT ( ) SI_UNIT ( $, .RADIAN. ) );
#4349 =( NAMED_UNIT ( * ) SI_UNIT ( $, .STERADIAN. ) SOLID_ANGLE_UNIT ( ) );
#4350 = CARTESIAN_POINT ( 'NONE',  ( 0.0000000000000000000, 14.00000000000000000, 0.0000000000000000000 ) ) ;
#4351 = DIRECTION ( 'NONE',  ( 0.0000000000000000000, 1.000000000000000000, 0.0000000000000000000 ) ) ;
#4352 = DIRECTION ( 'NONE',  ( 0.0000000000000000000, -0.0000000000000000000, 1.000000000000000000 ) ) ;
#4353 = CARTESIAN_POINT ( 'NONE',  ( 0.0000000000000000000, 14.00000000000000000, 0.0000000000000000000 ) ) ;
#4354 = DIRECTION ( 'NONE',  ( -0.0000000000000000000, -1.000000000000000000, -0.0000000000000000000 ) ) ;
#4355 = PLANE ( 'NONE',  #4303 ) ;
#4356 = DIRECTION ( 'NONE',  ( 0.0000000000000000000, 0.0000000000000000000, -1.000000000000000000 ) ) ;
#4357 = DIRECTION ( 'NONE',  ( 0.0000000000000000000, -0.0000000000000000000, 1.000000000000000000 ) ) ;
#4358 = CARTESIAN_POINT ( 'NONE',  ( 37.50000000000000000, 8.000000000000000000, 0.0000000000000000000 ) ) ;
#4359 = DIRECTION ( 'NONE',  ( 0.0000000000000000000, 0.0000000000000000000, -1.000000000000000000 ) ) ;
#4360 = CARTESIAN_POINT ( 'NONE',  ( -37.50000000000000000, 8.000000000000000000, 0.0000000000000000000 ) ) ;
#4361 = DIRECTION ( 'NONE',  ( -0.0000000000000000000, -1.000000000000000000, -0.0000000000000000000 ) ) ;
#4362 = DIRECTION ( 'NONE',  ( 0.0000000000000000000, -1.000000000000000000, 0.0000000000000000000 ) ) ;
#4363 = CARTESIAN_POINT ( 'NONE',  ( 37.50000000000000000, 1.000000000000000000, 0.0000000000000000000 ) ) ;
#4364 = FILL_AREA_STYLE_COLOUR ( '', #4271 ) ;
#4365 = DIRECTION ( 'NONE',  ( 0.0000000000000000000, 0.0000000000000000000, -1.000000000000000000 ) ) ;
#4366 = CARTESIAN_POINT ( 'NONE',  ( 0.0000000000000000000, 8.000000000000000000, 0.0000000000000000000 ) ) ;
#4367 = DIRECTION ( 'NONE',  ( -0.0000000000000000000, -1.000000000000000000, -0.0000000000000000000 ) ) ;
#4368 = DIRECTION ( 'NONE',  ( 0.0000000000000000000, 0.0000000000000000000, -1.000000000000000000 ) ) ;
#4369 = FILL_AREA_STYLE ('',( #4364 ) ) ;
#4370 = SURFACE_SIDE_STYLE ('',( #4263 ) ) ;
#4371 = SURFACE_STYLE_USAGE ( .BOTH. , #4370 ) ;
#4372 =( LENGTH_UNIT ( ) NAMED_UNIT ( * ) SI_UNIT ( .MILLI., .METRE. ) );
#4373 =( NAMED_UNIT ( * ) PLANE_ANGLE_UNIT ( ) SI_UNIT ( $, .RADIAN. ) );
#4374 =( NAMED_UNIT ( * ) SI_UNIT ( $, .STERADIAN. ) SOLID_ANGLE_UNIT ( ) );
#4375 = DIRECTION ( 'NONE',  ( 0.0000000000000000000, 0.0000000000000000000, -1.000000000000000000 ) ) ;
#4376 = CARTESIAN_POINT ( 'NONE',  ( 0.0000000000000000000, 16.00000000000000000, 0.0000000000000000000 ) ) ;
#4377 = DIRECTION ( 'NONE',  ( -0.0000000000000000000, -1.000000000000000000, -0.0000000000000000000 ) ) ;
#4378 = CARTESIAN_POINT ( 'NONE',  ( -37.50000000000000000, 0.0000000000000000000, 6.050000000000000700 ) ) ;
#4379 = CARTESIAN_POINT ( 'NONE',  ( 37.50000000000000000, 8.000000000000000000, -6.050000000000000700 ) ) ;
#4380 = CARTESIAN_POINT ( 'NONE',  ( -24.90513250316086800, 1.899999999999999700, -16.50000000000000000 ) ) ;
#4381 = CARTESIAN_POINT ( 'NONE',  ( 8.840018528723726700, 1.899999999999999900, -21.23332457275170200 ) ) ;
#4382 = CARTESIAN_POINT ( 'NONE',  ( 21.39102142648024700, 1.899999999999999900, -13.64971894699165500 ) ) ;
#4383 = CARTESIAN_POINT ( 'NONE',  ( -37.50000000000000000, 8.000000000000000000, -6.050000000000000700 ) ) ;
#4384 = CARTESIAN_POINT ( 'NONE',  ( 0.0000000000000000000, 1.899999999999999900, -25.37500000000000000 ) ) ;
#4385 = CARTESIAN_POINT ( 'NONE',  ( -37.50000000000000000, 7.000000000000000000, -5.050000000000000700 ) ) ;
#4386 = CARTESIAN_POINT ( 'NONE',  ( -24.51429491974059300, 1.899999999999999700, -16.68815711746746900 ) ) ;
#4387 = CARTESIAN_POINT ( 'NONE',  ( -21.87456677597348100, 0.0000000000000000000, -14.52858460689029000 ) ) ;
#4388 = CARTESIAN_POINT ( 'NONE',  ( 21.06693020440499400, 1.899999999999999900, -9.229542337663810200 ) ) ;
#4389 = CARTESIAN_POINT ( 'NONE',  ( -24.90513250316086800, 0.0000000000000000000, -16.50000000000000000 ) ) ;
#4390 = CARTESIAN_POINT ( 'NONE',  ( -37.50000000000000000, 1.000000000000000000, 5.050000000000000700 ) ) ;
#4391 = CARTESIAN_POINT ( 'NONE',  ( 0.0000000000000000000, 0.0000000000000000000, -25.37500000000000000 ) ) ;
#4392 = CARTESIAN_POINT ( 'NONE',  ( 2.816687638038912400E-015, 1.899999999999999900, -23.00000000000000000 ) ) ;
#4393 = CARTESIAN_POINT ( 'NONE',  ( -22.51603223533859900, 1.899999999999999900, -12.61228121856309100 ) ) ;
#4394 = CARTESIAN_POINT ( 'NONE',  ( 37.50000000000000000, 7.000000000000000000, 5.050000000000000700 ) ) ;
#4395 = CARTESIAN_POINT ( 'NONE',  ( -21.87456677597348100, 1.899999999999999900, -14.52858460689029000 ) ) ;
#4396 = CARTESIAN_POINT ( 'NONE',  ( -37.50000000000000000, 1.000000000000000000, -5.050000000000000700 ) ) ;
#4397 = CARTESIAN_POINT ( 'NONE',  ( -37.50000000000000000, 0.0000000000000000000, -6.050000000000000700 ) ) ;
#4398 = CARTESIAN_POINT ( 'NONE',  ( -37.50000000000000000, 8.000000000000000000, 6.050000000000000700 ) ) ;
#4399 = CARTESIAN_POINT ( 'NONE',  ( 0.0000000000000000000, 1.899999999999999900, 23.00000000000000000 ) ) ;
#4400 = CARTESIAN_POINT ( 'NONE',  ( 21.39102142648024700, 0.0000000000000000000, -13.64971894699165500 ) ) ;
#4401 = CARTESIAN_POINT ( 'NONE',  ( -24.51429491974059300, 0.0000000000000000000, -16.68815711746746900 ) ) ;
#4402 = CARTESIAN_POINT ( 'NONE',  ( -21.51495049036083500, 1.899999999999999900, -14.68119991073606400 ) ) ;
#4403 = CARTESIAN_POINT ( 'NONE',  ( -37.50000000000000000, 7.000000000000000000, 5.050000000000000700 ) ) ;
#4404 = CARTESIAN_POINT ( 'NONE',  ( -21.51495049036083500, 0.0000000000000000000, -14.68119991073606400 ) ) ;
#4405 = CARTESIAN_POINT ( 'NONE',  ( -22.88766113958036600, 1.899999999999999900, -12.44669741090694100 ) ) ;
#4406 = CARTESIAN_POINT ( 'NONE',  ( -25.80542603254868100, 8.000000000000000000, 16.17004317117282900 ) ) ;
#4407 = CARTESIAN_POINT ( 'NONE',  ( -47.02356160096839200, 8.000000000000000000, -6.710786418888083000 ) ) ;
#4408 = CARTESIAN_POINT ( 'NONE',  ( 24.38869963406277500, 8.000000000000000000, -17.25418659802501900 ) ) ;
#4409 = CARTESIAN_POINT ( 'NONE',  ( -24.38869963406277100, 8.000000000000000000, 17.25418659802502200 ) ) ;
#4410 = CARTESIAN_POINT ( 'NONE',  ( -9.099610026312015900, 1.899999999999999900, 21.12337798196685100 ) ) ;
#4411 = CARTESIAN_POINT ( 'NONE',  ( 28.36949999999999900, 8.000000000000000000, 5.768359363805276800 ) ) ;
#4412 = CARTESIAN_POINT ( 'NONE',  ( -45.08600048897771000, 8.000000000000000000, -9.103728688233633900 ) ) ;
#4413 = CARTESIAN_POINT ( 'NONE',  ( -28.36949999999999900, 8.000000000000000000, 5.768359363805275000 ) ) ;
#4414 = CARTESIAN_POINT ( 'NONE',  ( 25.80542603254868400, 8.000000000000000000, -16.17004317117282500 ) ) ;
#4415 = CARTESIAN_POINT ( 'NONE',  ( 45.08600048897771000, 8.000000000000000000, -9.103728688233633900 ) ) ;
#4416 = CARTESIAN_POINT ( 'NONE',  ( -47.02356160096839200, 8.000000000000000000, 6.710786418888083900 ) ) ;
#4417 = CARTESIAN_POINT ( 'NONE',  ( 13.97817213358693200, 1.899999999999999900, 19.60469900866259600 ) ) ;
#4418 = CARTESIAN_POINT ( 'NONE',  ( 47.02356160096839200, 8.000000000000000000, -6.710786418888083000 ) ) ;
#4419 = CARTESIAN_POINT ( 'NONE',  ( 24.90513250316086800, 8.000000000000000000, 16.50000000000000000 ) ) ;
#4420 = CARTESIAN_POINT ( 'NONE',  ( -21.17847360783463300, 1.899999999999999900, 8.970632956611915200 ) ) ;
#4421 = CARTESIAN_POINT ( 'NONE',  ( -45.08600048897771700, 8.000000000000000000, 9.103728688233633900 ) ) ;
#4422 = CARTESIAN_POINT ( 'NONE',  ( 45.08600048897771700, 8.000000000000000000, 9.103728688233633900 ) ) ;
#4423 = CARTESIAN_POINT ( 'NONE',  ( 22.88766113958035200, 1.899999999999999900, -12.44669741090694400 ) ) ;
#4424 = CARTESIAN_POINT ( 'NONE',  ( -27.62750000000001200, 16.00000000000000000, 5.897774474325064600 ) ) ;
#4425 = FILL_AREA_STYLE_COLOUR ( '', #4277 ) ;
#4426 = CARTESIAN_POINT ( 'NONE',  ( -27.76140270309329200, 16.00000000000000000, 5.875594451196486800 ) ) ;
#4427 = CARTESIAN_POINT ( 'NONE',  ( -27.89634361006067200, 15.95011262050754700, 5.852528795922054000 ) ) ;
#4428 = CARTESIAN_POINT ( 'NONE',  ( -28.09480315388241000, 15.76940124143166600, 5.817938495909958300 ) ) ;
#4429 = CARTESIAN_POINT ( 'NONE',  ( -28.15749999999999200, 15.63714620770868900, 5.806693874314361500 ) ) ;
#4430 = CARTESIAN_POINT ( 'NONE',  ( -28.15749999999999500, 15.50000000000000200, 5.806693874314361500 ) ) ;
#4431 = CARTESIAN_POINT ( 'NONE',  ( 0.0000000000000000000, 8.200000000000001100, 0.0000000000000000000 ) ) ;
#4432 = DIRECTION ( 'NONE',  ( -0.0000000000000000000, 1.000000000000000000, -0.0000000000000000000 ) ) ;
#4433 = DIRECTION ( 'NONE',  ( 8.881784197001252300E-016, 0.0000000000000000000, -1.000000000000000000 ) ) ;
#4434 = FILL_AREA_STYLE ('',( #4425 ) ) ;
#4435 = SURFACE_SIDE_STYLE ('',( #4275 ) ) ;
#4436 = SURFACE_STYLE_USAGE ( .BOTH. , #4435 ) ;
#4437 =( LENGTH_UNIT ( ) NAMED_UNIT ( * ) SI_UNIT ( .MILLI., .METRE. ) );
#4438 =( NAMED_UNIT ( * ) PLANE_ANGLE_UNIT ( ) SI_UNIT ( $, .RADIAN. ) );
#4439 =( NAMED_UNIT ( * ) SI_UNIT ( $, .STERADIAN. ) SOLID_ANGLE_UNIT ( ) );
#4440 = CARTESIAN_POINT ( 'NONE',  ( 0.0000000000000000000, 15.50000000000000000, 0.0000000000000000000 ) ) ;
#4441 = DIRECTION ( 'NONE',  ( -0.0000000000000000000, -1.000000000000000000, -0.0000000000000000000 ) ) ;
#4442 = DIRECTION ( 'NONE',  ( 0.0000000000000000000, 0.0000000000000000000, 1.000000000000000000 ) ) ;
#4443 = CARTESIAN_POINT ( 'NONE',  ( 28.15749999999999500, 8.200000000000001100, -5.806693874314361500 ) ) ;
#4444 = CARTESIAN_POINT ( 'NONE',  ( 28.15749999999999200, 8.145090169718612200, -5.806693874314363200 ) ) ;
#4445 = CARTESIAN_POINT ( 'NONE',  ( 0.0000000000000000000, 8.000000000000000000, 0.0000000000000000000 ) ) ;
#4446 = DIRECTION ( 'NONE',  ( 0.0000000000000000000, -1.000000000000000000, 0.0000000000000000000 ) ) ;
#4447 = DIRECTION ( 'NONE',  ( 0.0000000000000000000, 0.0000000000000000000, -1.000000000000000000 ) ) ;
#4448 = CARTESIAN_POINT ( 'NONE',  ( 28.18263651338969200, 8.092140696383374600, -5.802225733764867500 ) ) ;
#4449 = CARTESIAN_POINT ( 'NONE',  ( 28.26209986396052500, 8.019876235701639500, -5.787937695000911400 ) ) ;
#4450 = CARTESIAN_POINT ( 'NONE',  ( 28.31628114793580400, 8.000000000000000000, -5.778119903526277100 ) ) ;
#4451 = CARTESIAN_POINT ( 'NONE',  ( 28.36949999999999900, 8.000000000000000000, -5.768359363805277700 ) ) ;
#4452 = FILL_AREA_STYLE_COLOUR ( '', #4284 ) ;
#4453 = CARTESIAN_POINT ( 'NONE',  ( 3.098356401842803500E-015, 15.50000000000000000, -25.30000000000000100 ) ) ;
#4454 = DIRECTION ( 'NONE',  ( 1.000000000000000000, -0.0000000000000000000, 1.224646799147353200E-016 ) ) ;
#4455 = DIRECTION ( 'NONE',  ( 1.224646799147349500E-016, 0.0000000000000000000, -1.000000000000000000 ) ) ;
#4456 = CARTESIAN_POINT ( 'NONE',  ( 0.0000000000000000000, 14.69999999999999900, 0.0000000000000000000 ) ) ;
#4457 = DIRECTION ( 'NONE',  ( 0.0000000000000000000, 1.000000000000000000, 0.0000000000000000000 ) ) ;
#4458 = DIRECTION ( 'NONE',  ( 0.0000000000000000000, 0.0000000000000000000, 1.000000000000000000 ) ) ;
#4459 =( LENGTH_UNIT ( ) NAMED_UNIT ( * ) SI_UNIT ( .MILLI., .METRE. ) );
#4460 =( NAMED_UNIT ( * ) PLANE_ANGLE_UNIT ( ) SI_UNIT ( $, .RADIAN. ) );
#4461 =( NAMED_UNIT ( * ) SI_UNIT ( $, .STERADIAN. ) SOLID_ANGLE_UNIT ( ) );
#4462 = APPLICATION_PROTOCOL_DEFINITION ( 'draft international standard', 'automotive_design', 1998, #4463 ) ;
#4463 = APPLICATION_CONTEXT ( 'automotive_design' ) ;
#4464 = FILL_AREA_STYLE ('',( #4452 ) ) ;
#4465 = SURFACE_SIDE_STYLE ('',( #4285 ) ) ;
#4466 = SURFACE_STYLE_USAGE ( .BOTH. , #4465 ) ;
#4467 =( LENGTH_UNIT ( ) NAMED_UNIT ( * ) SI_UNIT ( .MILLI., .METRE. ) );
#4468 =( NAMED_UNIT ( * ) PLANE_ANGLE_UNIT ( ) SI_UNIT ( $, .RADIAN. ) );
#4469 =( NAMED_UNIT ( * ) SI_UNIT ( $, .STERADIAN. ) SOLID_ANGLE_UNIT ( ) );
#4470 = CARTESIAN_POINT ( 'NONE',  ( 0.0000000000000000000, 0.0000000000000000000, 0.0000000000000000000 ) ) ;
#4471 = DIRECTION ( 'NONE',  ( 0.0000000000000000000, 0.0000000000000000000, 1.000000000000000000 ) ) ;
#4472 = DIRECTION ( 'NONE',  ( 1.000000000000000000, 0.0000000000000000000, 0.0000000000000000000 ) ) ;
#4473 = PRODUCT_CONTEXT ( 'NONE', #4463, 'mechanical' ) ;
#4474 = APPLICATION_CONTEXT ( 'automotive_design' ) ;
#4475 = APPLICATION_PROTOCOL_DEFINITION ( 'draft international standard', 'automotive_design', 1998, #4474 ) ;
#4476 = PRODUCT_DEFINITION_CONTEXT ( 'detailed design', #4474, 'design' ) ;
#4477 = PRODUCT_DEFINITION_SHAPE ( 'NONE', 'NONE',  #4327 ) ;
#4478 = B_SPLINE_CURVE_WITH_KNOTS ( 'NONE', 3,
 ( #4443, #4444, #4448, #4449, #4450, #4451 ),
 .UNSPECIFIED., .F., .F.,
 ( 4, 2, 4 ),
 ( 1.734723475976807100E-018, 0.0001623151790848248000, 0.0003246303581696478700 ),
 .UNSPECIFIED. ) ;
#4479 = UNCERTAINTY_MEASURE_WITH_UNIT (LENGTH_MEASURE( 1.000000000000000100E-005 ), #4459, 'distance_accuracy_value', 'NONE');
#4480 = ORIENTED_EDGE ( 'NONE', *, *, #1302, .F. ) ;
#4481 = ORIENTED_EDGE ( 'NONE', *, *, #1287, .F. ) ;
#4482 = ORIENTED_EDGE ( 'NONE', *, *, #1116, .T. ) ;
#4483 = ORIENTED_EDGE ( 'NONE', *, *, #1287, .T. ) ;
#4484 = ORIENTED_EDGE ( 'NONE', *, *, #1129, .F. ) ;
#4485 = ORIENTED_EDGE ( 'NONE', *, *, #1139, .T. ) ;
#4486 = ORIENTED_EDGE ( 'NONE', *, *, #1124, .T. ) ;
#4487 = ORIENTED_EDGE ( 'NONE', *, *, #1135, .T. ) ;
#4488 = ORIENTED_EDGE ( 'NONE', *, *, #1130, .T. ) ;
#4489 = ORIENTED_EDGE ( 'NONE', *, *, #1122, .T. ) ;
#4490 = ORIENTED_EDGE ( 'NONE', *, *, #1327, .T. ) ;
#4491 = ORIENTED_EDGE ( 'NONE', *, *, #1328, .T. ) ;
#4492 = ORIENTED_EDGE ( 'NONE', *, *, #1137, .F. ) ;
#4493 = ORIENTED_EDGE ( 'NONE', *, *, #1286, .T. ) ;
#4494 = ORIENTED_EDGE ( 'NONE', *, *, #1174, .F. ) ;
#4495 = ORIENTED_EDGE ( 'NONE', *, *, #1133, .F. ) ;
#4496 = UNCERTAINTY_MEASURE_WITH_UNIT (LENGTH_MEASURE( 1.000000000000000100E-005 ), #2192, 'distance_accuracy_value', 'NONE');
#4497 = UNCERTAINTY_MEASURE_WITH_UNIT (LENGTH_MEASURE( 1.000000000000000100E-005 ), #2212, 'distance_accuracy_value', 'NONE');
#4498 = B_SPLINE_CURVE_WITH_KNOTS ( 'NONE', 3,
 ( #113, #114, #118, #119, #120, #121 ),
 .UNSPECIFIED., .F., .F.,
 ( 4, 2, 4 ),
 ( 1.734723475976807100E-018, 0.0004054174725731538800, 0.0008108349451463060200 ),
 .UNSPECIFIED. ) ;
#4499 = B_SPLINE_CURVE_WITH_KNOTS ( 'NONE', 3,
 ( #73, #74, #78, #79, #80, #81 ),
 .UNSPECIFIED., .F., .F.,
 ( 4, 2, 4 ),
 ( -5.420236261033295500E-006, 0.0004017570358735034200, 0.0008089343080080401700 ),
 .UNSPECIFIED. ) ;
#4500 = UNCERTAINTY_MEASURE_WITH_UNIT (LENGTH_MEASURE( 1.000000000000000100E-005 ), #2265, 'distance_accuracy_value', 'NONE');
#4501 = UNCERTAINTY_MEASURE_WITH_UNIT (LENGTH_MEASURE( 1.000000000000000100E-005 ), #2179, 'distance_accuracy_value', 'NONE');
#4502 = UNCERTAINTY_MEASURE_WITH_UNIT (LENGTH_MEASURE( 1.000000000000000100E-005 ), #2281, 'distance_accuracy_value', 'NONE');
#4503 = UNCERTAINTY_MEASURE_WITH_UNIT (LENGTH_MEASURE( 1.000000000000000100E-005 ), #2245, 'distance_accuracy_value', 'NONE');
#4504 = UNCERTAINTY_MEASURE_WITH_UNIT (LENGTH_MEASURE( 1.000000000000000100E-005 ), #2255, 'distance_accuracy_value', 'NONE');
#4505 = UNCERTAINTY_MEASURE_WITH_UNIT (LENGTH_MEASURE( 1.000000000000000100E-005 ), #2222, 'distance_accuracy_value', 'NONE');
#4506 = UNCERTAINTY_MEASURE_WITH_UNIT (LENGTH_MEASURE( 1.000000000000000100E-005 ), #2163, 'distance_accuracy_value', 'NONE');
#4507 = UNCERTAINTY_MEASURE_WITH_UNIT (LENGTH_MEASURE( 1.000000000000000100E-005 ), #2202, 'distance_accuracy_value', 'NONE');
#4508 = MANIFOLD_SOLID_BREP ( 'Fillet6', #4574 ) ;
#4509 = UNCERTAINTY_MEASURE_WITH_UNIT (LENGTH_MEASURE( 1.000000000000000100E-005 ), #2235, 'distance_accuracy_value', 'NONE');
#4510 = B_SPLINE_CURVE_WITH_KNOTS ( 'NONE', 3,
 ( #3732, #3726, #3727, #3734, #3735, #3736 ),
 .UNSPECIFIED., .F., .F.,
 ( 4, 2, 4 ),
 ( -3.400564394102589600E-006, 0.0001596598147514646000, 0.0003227201938970317600 ),
 .UNSPECIFIED. ) ;
#4511 = UNCERTAINTY_MEASURE_WITH_UNIT (LENGTH_MEASURE( 1.000000000000000100E-005 ), #3839, 'distance_accuracy_value', 'NONE');
#4512 = UNCERTAINTY_MEASURE_WITH_UNIT (LENGTH_MEASURE( 1.000000000000000100E-005 ), #3849, 'distance_accuracy_value', 'NONE');
#4513 = UNCERTAINTY_MEASURE_WITH_UNIT (LENGTH_MEASURE( 1.000000000000000100E-005 ), #3871, 'distance_accuracy_value', 'NONE');
#4514 = UNCERTAINTY_MEASURE_WITH_UNIT (LENGTH_MEASURE( 1.000000000000000100E-005 ), #3881, 'distance_accuracy_value', 'NONE');
#4515 = UNCERTAINTY_MEASURE_WITH_UNIT (LENGTH_MEASURE( 1.000000000000000100E-005 ), #3828, 'distance_accuracy_value', 'NONE');
#4516 = B_SPLINE_CURVE_WITH_KNOTS ( 'NONE', 3,
 ( #3738, #3731, #3740, #3741, #3742, #3743 ),
 .UNSPECIFIED., .F., .F.,
 ( 4, 2, 4 ),
 ( 0.0000000000000000000, 0.0004054174725731529000, 0.0008108349451463058100 ),
 .UNSPECIFIED. ) ;
#4517 = UNCERTAINTY_MEASURE_WITH_UNIT (LENGTH_MEASURE( 1.000000000000000100E-005 ), #3901, 'distance_accuracy_value', 'NONE');
#4518 = UNCERTAINTY_MEASURE_WITH_UNIT (LENGTH_MEASURE( 1.000000000000000100E-005 ), #3891, 'distance_accuracy_value', 'NONE');
#4519 = UNCERTAINTY_MEASURE_WITH_UNIT (LENGTH_MEASURE( 1.000000000000000100E-005 ), #3859, 'distance_accuracy_value', 'NONE');
#4520 = B_SPLINE_CURVE_WITH_KNOTS ( 'NONE', 3,
 ( #3750, #3737, #3739, #3752, #3753, #3754 ),
 .UNSPECIFIED., .F., .F.,
 ( 4, 2, 4 ),
 ( -3.400564394101963600E-006, 0.0001596598147514649000, 0.0003227201938970317600 ),
 .UNSPECIFIED. ) ;
#4521 = B_SPLINE_CURVE_WITH_KNOTS ( 'NONE', 3,
 ( #3744, #3733, #3746, #3747, #3748, #3749 ),
 .UNSPECIFIED., .F., .F.,
 ( 4, 2, 4 ),
 ( 1.734723475976807100E-018, 0.0001623151790848244000, 0.0003246303581696470600 ),
 .UNSPECIFIED. ) ;
#4522 = CARTESIAN_POINT ( 'NONE',  ( -21.39102142648025100, 0.0000000000000000000, 13.64971894699165000 ) ) ;
#4523 = UNCERTAINTY_MEASURE_WITH_UNIT (LENGTH_MEASURE( 1.000000000000000100E-005 ), #4467, 'distance_accuracy_value', 'NONE');
#4524 = ADVANCED_BREP_SHAPE_REPRESENTATION ( 'FL005', ( #4508, #4326 ), #4321 ) ;
#4525 = EDGE_CURVE ( 'NONE', #945, #921, #4282, .T. ) ;
#4526 = EDGE_CURVE ( 'NONE', #919, #952, #4281, .T. ) ;
#4527 = UNCERTAINTY_MEASURE_WITH_UNIT (LENGTH_MEASURE( 1.000000000000000100E-005 ), #3987, 'distance_accuracy_value', 'NONE');
#4528 = UNCERTAINTY_MEASURE_WITH_UNIT (LENGTH_MEASURE( 1.000000000000000100E-005 ), #4119, 'distance_accuracy_value', 'NONE');
#4529 = UNCERTAINTY_MEASURE_WITH_UNIT (LENGTH_MEASURE( 1.000000000000000100E-005 ), #4139, 'distance_accuracy_value', 'NONE');
#4530 = UNCERTAINTY_MEASURE_WITH_UNIT (LENGTH_MEASURE( 1.000000000000000100E-005 ), #3911, 'distance_accuracy_value', 'NONE');
#4531 = UNCERTAINTY_MEASURE_WITH_UNIT (LENGTH_MEASURE( 1.000000000000000100E-005 ), #4129, 'distance_accuracy_value', 'NONE');
#4532 = UNCERTAINTY_MEASURE_WITH_UNIT (LENGTH_MEASURE( 1.000000000000000100E-005 ), #4165, 'distance_accuracy_value', 'NONE');
#4533 = UNCERTAINTY_MEASURE_WITH_UNIT (LENGTH_MEASURE( 1.000000000000000100E-005 ), #4083, 'distance_accuracy_value', 'NONE');
#4534 = UNCERTAINTY_MEASURE_WITH_UNIT (LENGTH_MEASURE( 1.000000000000000100E-005 ), #4039, 'distance_accuracy_value', 'NONE');
#4535 = UNCERTAINTY_MEASURE_WITH_UNIT (LENGTH_MEASURE( 1.000000000000000100E-005 ), #4104, 'distance_accuracy_value', 'NONE');
#4536 = EDGE_CURVE ( 'NONE', #920, #952, #4478, .T. ) ;
#4537 = EDGE_CURVE ( 'NONE', #903, #892, #4283, .T. ) ;
#4538 = EDGE_CURVE ( 'NONE', #895, #910, #4280, .T. ) ;
#4539 = ORIENTED_EDGE ( 'NONE', *, *, #1298, .T. ) ;
#4540 = ORIENTED_EDGE ( 'NONE', *, *, #1289, .F. ) ;
#4541 = ORIENTED_EDGE ( 'NONE', *, *, #1292, .T. ) ;
#4542 = ORIENTED_EDGE ( 'NONE', *, *, #1290, .T. ) ;
#4543 = ORIENTED_EDGE ( 'NONE', *, *, #1171, .F. ) ;
#4544 = ORIENTED_EDGE ( 'NONE', *, *, #1288, .T. ) ;
#4545 = ORIENTED_EDGE ( 'NONE', *, *, #1141, .F. ) ;
#4546 = ORIENTED_EDGE ( 'NONE', *, *, #1293, .T. ) ;
#4547 = ORIENTED_EDGE ( 'NONE', *, *, #1317, .T. ) ;
#4548 = ORIENTED_EDGE ( 'NONE', *, *, #1305, .T. ) ;
#4549 = ORIENTED_EDGE ( 'NONE', *, *, #1319, .T. ) ;
#4550 = ORIENTED_EDGE ( 'NONE', *, *, #1167, .F. ) ;
#4551 = ORIENTED_EDGE ( 'NONE', *, *, #1291, .T. ) ;
#4552 = ORIENTED_EDGE ( 'NONE', *, *, #1169, .F. ) ;
#4553 = ORIENTED_EDGE ( 'NONE', *, *, #1296, .T. ) ;
#4554 = ORIENTED_EDGE ( 'NONE', *, *, #1315, .T. ) ;
#4555 = ORIENTED_EDGE ( 'NONE', *, *, #1173, .F. ) ;
#4556 = ORIENTED_EDGE ( 'NONE', *, *, #1297, .T. ) ;
#4557 = ORIENTED_EDGE ( 'NONE', *, *, #1111, .T. ) ;
#4558 = ORIENTED_EDGE ( 'NONE', *, *, #1313, .T. ) ;
#4559 = ORIENTED_EDGE ( 'NONE', *, *, #1145, .T. ) ;
#4560 = ORIENTED_EDGE ( 'NONE', *, *, #1166, .F. ) ;
#4561 = ORIENTED_EDGE ( 'NONE', *, *, #1295, .T. ) ;
#4562 = ORIENTED_EDGE ( 'NONE', *, *, #1294, .T. ) ;
#4563 = ORIENTED_EDGE ( 'NONE', *, *, #1301, .T. ) ;
#4564 = ORIENTED_EDGE ( 'NONE', *, *, #1306, .T. ) ;
#4565 = VECTOR ( 'NONE', #2461, 1000.000000000000100 ) ;
#4566 = ORIENTED_EDGE ( 'NONE', *, *, #1128, .T. ) ;
#4567 = ORIENTED_EDGE ( 'NONE', *, *, #1302, .T. ) ;
#4568 = ORIENTED_EDGE ( 'NONE', *, *, #1104, .T. ) ;
#4569 = ORIENTED_EDGE ( 'NONE', *, *, #1317, .F. ) ;
#4570 = ORIENTED_EDGE ( 'NONE', *, *, #1303, .T. ) ;
#4571 = ORIENTED_EDGE ( 'NONE', *, *, #1311, .F. ) ;
#4572 = ORIENTED_EDGE ( 'NONE', *, *, #1313, .F. ) ;
#4573 = ORIENTED_EDGE ( 'NONE', *, *, #1318, .T. ) ;
#4574 = CLOSED_SHELL ( 'NONE', ( #452, #457, #447, #456, #450, #451, #453, #443, #449, #454, #458, #444, #445, #448, #446, #455, #459, #1894, #1893, #1897, #1898, #1895, #1892, #1896, #1956, #1954, #1955, #1951, #1957, #1958, #1952, #1953, #1919, #1920, #1918, #1923, #1922, #1921, #1924, #1949, #1948, #1946, #1950, #1944, #1947, #1945, #1891, #1889, #1886, #1887, #1890, #1888, #1913, #1914, #1916, #1917, #1912, #1915, #1901, #1902, #1903, #1904, #1905, #1936, #1937, #1939, #1938, #1935, #1931, #1929, #1930, #1928, #1942, #1940, #1941, #1943, #1911, #1909, #1910, #1908, #1925, #1926, #1927, #1934, #1932, #1933, #1884, #1883, #1885, #1907, #1906, #1900, #1899, #460, #461, #462, #463, #464, #1848, #1849, #1850, #1851, #1852, #1853, #1854, #1855, #1856, #1857, #1858, #1859, #1860, #1861, #1862, #1863, #1864, #1865, #1866, #1867, #1868, #1869, #1870, #1871, #1872, #1873, #1874, #1875, #1876, #1877, #1878, #1879, #1880, #1881, #1882 ) ) ;
#4575 = ORIENTED_EDGE ( 'NONE', *, *, #1319, .F. ) ;
#4576 = ORIENTED_EDGE ( 'NONE', *, *, #1332, .T. ) ;
#4577 = ORIENTED_EDGE ( 'NONE', *, *, #1164, .F. ) ;
#4578 = ORIENTED_EDGE ( 'NONE', *, *, #1110, .T. ) ;
#4579 = ORIENTED_EDGE ( 'NONE', *, *, #1309, .F. ) ;
#4580 = ORIENTED_EDGE ( 'NONE', *, *, #1304, .T. ) ;
#4581 = ORIENTED_EDGE ( 'NONE', *, *, #1320, .T. ) ;
#4582 = ORIENTED_EDGE ( 'NONE', *, *, #1299, .T. ) ;
#4583 = ORIENTED_EDGE ( 'NONE', *, *, #1312, .T. ) ;
#4584 = ORIENTED_EDGE ( 'NONE', *, *, #1314, .T. ) ;
#4585 = ORIENTED_EDGE ( 'NONE', *, *, #1308, .T. ) ;
#4586 = ORIENTED_EDGE ( 'NONE', *, *, #1316, .T. ) ;
#4587 = ORIENTED_EDGE ( 'NONE', *, *, #1305, .F. ) ;
#4588 = ORIENTED_EDGE ( 'NONE', *, *, #1307, .F. ) ;
#4589 = ORIENTED_EDGE ( 'NONE', *, *, #1162, .F. ) ;
#4590 = ORIENTED_EDGE ( 'NONE', *, *, #1315, .F. ) ;
#4591 = ORIENTED_EDGE ( 'NONE', *, *, #1310, .T. ) ;
#4592 = ORIENTED_EDGE ( 'NONE', *, *, #1330, .T. ) ;
#4593 = ORIENTED_EDGE ( 'NONE', *, *, #1142, .F. ) ;
#4594 = ORIENTED_EDGE ( 'NONE', *, *, #1300, .T. ) ;
#4595 = ORIENTED_EDGE ( 'NONE', *, *, #1120, .T. ) ;
#4596 = UNCERTAINTY_MEASURE_WITH_UNIT (LENGTH_MEASURE( 1.000000000000000100E-005 ), #4372, 'distance_accuracy_value', 'NONE');
#4597 = UNCERTAINTY_MEASURE_WITH_UNIT (LENGTH_MEASURE( 1.000000000000000100E-005 ), #4437, 'distance_accuracy_value', 'NONE');
#4598 = B_SPLINE_CURVE_WITH_KNOTS ( 'NONE', 3,
 ( #4424, #4426, #4427, #4428, #4429, #4430 ),
 .UNSPECIFIED., .F., .F.,
 ( 4, 2, 4 ),
 ( -5.420236261031594700E-006, 0.0004017570358735049400, 0.0008089343080080414700 ),
 .UNSPECIFIED. ) ;
ENDSEC;
END-ISO-10303-21;
